Month,Branch_ID,Branch_Name,Region,Customers,New_Customers,Deposits,Loans,Revenue,Expenses,Employees,Transactions,Complaints,Customer_Satisfaction,Profit,Profit_Margin,Loan_to_Deposit_Ratio,Complaint_Rate,Revenue_per_Employee,Customers_per_Employee,Performance_Score,Customer_Feedback,Sentiment,Polarity,Issue_Category,Positive,Negative,Neutral,Negative_Feedback_Rate
2024-01,1001,Branch 1001,North,9099,736,4493846,2597163,495053,320696,24,88087,125,4.3,174357,35.21986534775065,57.793769523922265,1.3737773381690295,20627.208333333332,379.125,49.296418212638024,The staff was very helpful and friendly.,Positive,0.2875,Staff Service,1,0,0,0.0
2024-01,1002,Branch 1002,South,8329,374,4809986,2701044,653480,499787,25,56608,149,4.2,153693,23.519158964314133,56.1549243594472,1.7889302437267378,26139.2,333.16,45.66207545647733,The waiting time was too long.,Negative,-0.05,Waiting Time,0,1,0,100.0
2024-01,1003,Branch 1003,East,8318,729,5643967,3689443,612592,507430,22,58029,152,4.2,105162,17.166727609893698,65.36967703744547,1.827362346717961,27845.090909090908,378.09090909090907,45.95208248446215,Excellent service and quick response.,Positive,0.6666666666666666,Service Quality,1,0,0,0.0
2024-01,1004,Branch 1004,West,8634,448,5183521,3364173,631728,521771,25,61875,169,4.3,109957,17.405750576197352,64.90130936095369,1.9573778086634237,25269.12,345.36,43.89265720664749,The ATM was not working properly.,Neutral,0.0,ATM Issue,0,0,1,0.0
2024-01,1005,Branch 1005,Central,8943,745,5857185,3831364,620820,426577,24,74036,174,4.1,194243,31.28813504719564,65.41306105236559,1.9456558201945657,25867.5,372.625,49.476097717768575,The loan process was very slow.,Negative,-0.39000000000000007,Loan Process,0,1,0,100.0
2024-01,1006,Branch 1006,North,9578,610,5168820,3935659,620319,419577,26,64232,71,4.5,200742,32.361091631886175,76.14231101102379,0.741282104823554,23858.423076923078,368.38461538461536,49.96588819002601,The mobile banking service was convenient.,Neutral,0.0,Digital Banking,0,0,1,0.0
2024-01,1007,Branch 1007,South,6940,475,4576418,3022351,462926,316716,20,49457,92,3.9,146210,31.5838816571115,66.0418475759863,1.3256484149855907,23146.3,347.0,46.74346267554721,The account service was not satisfactory.,Neutral,0.0,Account Service,0,0,1,0.0
2024-01,1008,Branch 1008,East,7444,369,4727716,3444956,547170,442743,21,55293,94,4.3,104427,19.084927901748998,72.8672365260519,1.262761955937668,26055.714285714286,354.4761904761905,45.19255915691469,The staff was very helpful and friendly.,Positive,0.2875,Staff Service,1,0,0,0.0
2024-01,1009,Branch 1009,West,7474,565,4830279,3196264,639603,524390,20,50006,48,4.4,115213,18.013205066267666,66.1714157712215,0.6422263848006422,31980.15,373.7,48.57788089785086,The waiting time was too long.,Negative,-0.05,Waiting Time,0,1,0,100.0
2024-01,1010,Branch 1010,Central,8035,633,5183694,3020898,567814,377209,26,49077,82,4.5,190605,33.56821071688969,58.276935328358505,1.0205351586807716,21839.0,309.03846153846155,47.175993496309346,Excellent service and quick response.,Positive,0.6666666666666666,Service Quality,1,0,0,0.0
2024-01,1011,Branch 1011,North,10606,850,6128301,4526739,791567,621658,32,70354,161,4.2,169909,21.464891790587533,73.8661335335846,1.5180086743352819,24736.46875,331.4375,44.232693561459016,The ATM was not working properly.,Neutral,0.0,ATM Issue,0,0,1,0.0
2024-01,1012,Branch 1012,South,7690,376,4069457,2364167,545374,376322,24,61770,56,4.4,169052,30.99744395589082,58.095392087937036,0.7282184655396619,22723.916666666668,320.4166666666667,46.82066028314274,The loan process was very slow.,Negative,-0.39000000000000007,Loan Process,0,1,0,100.0
2024-01,1013,Branch 1013,East,7566,635,4546925,3202642,483228,334388,23,60496,113,4.5,148840,30.801195294974633,70.43533816810262,1.493523658472112,21009.91304347826,328.95652173913044,46.5938247518893,The mobile banking service was convenient.,Neutral,0.0,Digital Banking,0,0,1,0.0
2024-01,1014,Branch 1014,West,8092,663,4313537,2976628,434606,270537,24,70541,118,4.0,164069,37.751204539283854,69.00666436847533,1.458230350963915,18108.583333333332,337.1666666666667,46.51032457594691,The account service was not satisfactory.,Neutral,0.0,Account Service,0,0,1,0.0
2024-01,1015,Branch 1015,Central,8766,666,4649442,3130079,645901,488083,26,53241,116,4.0,157818,24.433775454752354,67.32160547437735,1.3232945471138489,24842.346153846152,337.15384615384613,44.94052878030289,The staff was very helpful and friendly.,Positive,0.2875,Staff Service,1,0,0,0.0
2024-01,1016,Branch 1016,North,7595,655,4179173,2227567,532671,360367,24,54821,112,4.1,172304,32.347171143163415,53.30162211518882,1.4746543778801844,22194.625,316.4583333333333,45.997622465484724,The waiting time was too long.,Negative,-0.05,Waiting Time,0,1,0,100.0
2024-01,1017,Branch 1017,South,8669,654,4997991,3866771,685885,572404,24,77398,145,4.1,113481,16.545193436217442,77.36650586205538,1.6726266005306263,28578.541666666668,361.2083333333333,45.12123139044272,Excellent service and quick response.,Positive,0.6666666666666666,Service Quality,1,0,0,0.0
2024-01,1018,Branch 1018,East,8124,576,5505835,3007822,735110,589907,25,79219,79,4.3,145203,19.752554039531496,54.62971556539562,0.9724273756770063,29404.4,324.96,45.82722833188055,The ATM was not working properly.,Neutral,0.0,ATM Issue,0,0,1,0.0
2024-01,1019,Branch 1019,West,8251,730,5248469,2880315,633011,509727,25,61459,78,4.2,123284,19.47580689751047,54.879146661626464,0.9453399587928737,25320.44,330.04,43.75083160201259,The loan process was very slow.,Negative,-0.39000000000000007,Loan Process,0,1,0,100.0
2024-01,1020,Branch 1020,Central,7279,665,3772695,2734058,469638,299246,19,53326,72,3.9,170392,36.281561543146,72.4696271498226,0.9891468608325319,24717.78947368421,383.10526315789474,50.49945986176106,The mobile banking service was convenient.,Neutral,0.0,Digital Banking,0,0,1,0.0
2024-01,1021,Branch 1021,North,9316,622,4527465,2885419,585917,437540,29,88444,182,4.2,148377,25.32389399863803,63.73144795155788,1.953628166595105,20204.03448275862,321.2413793103448,43.10967353628643,The account service was not satisfactory.,Neutral,0.0,Account Service,0,0,1,0.0
2024-01,1022,Branch 1022,South,7258,417,3779090,2539159,448683,320436,22,66629,53,4.4,128247,28.582986206297097,67.18969381517773,0.7302287131441167,20394.68181818182,329.90909090909093,45.271648425880564,The staff was very helpful and friendly.,Positive,0.2875,Staff Service,1,0,0,0.0
2024-01,1023,Branch 1023,East,7968,613,4567253,3215192,564772,360327,21,70543,124,4.1,204445,36.19956371774805,70.39662571790964,1.5562248995983934,26893.904761904763,379.42857142857144,51.92834705113496,The waiting time was too long.,Negative,-0.05,Waiting Time,0,1,0,100.0
2024-01,1024,Branch 1024,West,7097,642,4239047,2853292,438173,285165,19,54659,65,4.3,153008,34.919540911922915,67.3097514606467,0.9158799492743412,23061.736842105263,373.5263157894737,50.09353331316271,Excellent service and quick response.,Positive,0.6666666666666666,Service Quality,1,0,0,0.0
2024-01,1025,Branch 1025,Central,8135,699,4131607,2345505,460572,374297,23,71086,159,3.7,86275,18.732141771536266,56.76979925728657,1.9545175169022742,20024.869565217392,353.69565217391306,40.46997460349672,The ATM was not working properly.,Neutral,0.0,ATM Issue,0,0,1,0.0
2024-01,1026,Branch 1026,North,8639,603,5491054,3287934,716607,598960,24,64656,60,4.1,117647,16.417227294737565,59.87801249086241,0.6945248292626461,29858.625,359.9583333333333,45.61605951632338,The loan process was very slow.,Negative,-0.39000000000000007,Loan Process,0,1,0,100.0
2024-01,1027,Branch 1027,South,8442,647,5563110,4271112,721721,512502,27,55559,150,4.2,209219,28.988902914006935,76.77561651666065,1.7768301350390905,26730.40740740741,312.6666666666667,47.05882576287535,The mobile banking service was convenient.,Neutral,0.0,Digital Banking,0,0,1,0.0
2024-01,1028,Branch 1028,East,10397,674,5995419,3374087,736526,536207,32,77224,191,4.3,200319,27.197817863863598,56.27775139652458,1.8370683851110896,23016.4375,324.90625,45.49797668296465,The account service was not satisfactory.,Neutral,0.0,Account Service,0,0,1,0.0
2024-01,1029,Branch 1029,West,10015,931,5002372,3464056,583369,467229,26,82948,146,4.1,116140,19.90849702332486,69.24826862136602,1.4578132800798802,22437.26923076923,385.1923076923077,44.40215282471867,The staff was very helpful and friendly.,Positive,0.2875,Staff Service,1,0,0,0.0
2024-01,1030,Branch 1030,Central,7758,535,4647008,3174181,474198,397708,24,66472,153,4.1,76490,16.130392789509866,68.30590780132077,1.9721577726218096,19758.25,323.25,39.46461031617662,The waiting time was too long.,Negative,-0.05,Waiting Time,0,1,0,100.0
2024-01,1031,Branch 1031,North,10220,913,6836485,4551924,885507,700711,29,97327,122,4.2,184796,20.868948523275364,66.58281265884443,1.1937377690802349,30534.724137931036,352.41379310344826,47.49408340459958,Excellent service and quick response.,Positive,0.6666666666666666,Service Quality,1,0,0,0.0
2024-01,1032,Branch 1032,South,9981,740,5649360,3073048,651518,437918,32,72605,165,4.3,213600,32.78497294011831,54.39639180367334,1.653140967838894,20359.9375,311.90625,45.733177220779446,The ATM was not working properly.,Neutral,0.0,ATM Issue,0,0,1,0.0
2024-01,1033,Branch 1033,East,7050,441,4487923,3494424,554012,458384,22,67949,43,4.4,95628,17.26099795672296,77.8628332081455,0.6099290780141844,25182.363636363636,320.45454545454544,43.143155321555376,The loan process was very slow.,Negative,-0.39000000000000007,Loan Process,0,1,0,100.0
2024-01,1034,Branch 1034,West,8480,452,4594722,3351253,664883,453793,27,56073,145,4.4,211090,31.748442959137176,72.937013381876,1.7099056603773584,24625.296296296296,314.0740740740741,47.71229921813155,The mobile banking service was convenient.,Neutral,0.0,Digital Banking,0,0,1,0.0
2024-01,1035,Branch 1035,Central,7747,527,4614115,3262579,610983,392707,24,75931,140,4.0,218276,35.72538024789561,70.70866244122655,1.807151155285917,25457.625,322.7916666666667,48.62206772180017,The account service was not satisfactory.,Neutral,0.0,Account Service,0,0,1,0.0
2024-01,1036,Branch 1036,North,6915,560,4645617,2471451,534690,407269,20,45999,105,4.2,127421,23.830817857076063,53.199628811415145,1.5184381778741864,26734.5,345.75,46.52927525175913,The staff was very helpful and friendly.,Positive,0.2875,Staff Service,1,0,0,0.0
2024-01,1037,Branch 1037,South,9988,778,6172431,3690505,738316,557626,26,76659,191,3.8,180690,24.473260771810445,59.790137791738786,1.9122947537044452,28396.76923076923,384.15384615384613,47.79612967264317,The waiting time was too long.,Negative,-0.05,Waiting Time,0,1,0,100.0
2024-01,1038,Branch 1038,East,8837,611,5134714,3124484,560095,381925,27,63873,78,4.5,178170,31.81067497478106,60.850205094188304,0.882652483874618,20744.25925925926,327.2962962962963,46.76123976027906,Excellent service and quick response.,Positive,0.6666666666666666,Service Quality,1,0,0,0.0
2024-01,1039,Branch 1039,West,7811,502,4208184,2403210,474981,378691,23,76481,112,4.3,96290,20.27238984296214,57.10800668411837,1.4338753040583792,20651.347826086956,339.60869565217394,42.55427856835196,The ATM was not working properly.,Neutral,0.0,ATM Issue,0,0,1,0.0
2024-01,1040,Branch 1040,Central,8165,617,4805128,3424900,516472,417713,22,62296,127,4.6,98759,19.121849780820643,71.27593687410616,1.5554194733619107,23476.0,371.1363636363636,45.56252276841469,The loan process was very slow.,Negative,-0.39000000000000007,Loan Process,0,1,0,100.0
2024-01,1041,Branch 1041,North,8879,473,5787453,4179132,704206,454025,24,85608,166,4.2,250181,35.52667827311895,72.21021060559801,1.8695799076472577,29341.916666666668,369.9583333333333,52.75217940969558,The mobile banking service was convenient.,Neutral,0.0,Digital Banking,0,0,1,0.0
2024-01,1042,Branch 1042,South,7748,488,5105149,2803836,529743,422533,26,70982,113,4.1,107210,20.23811546353609,54.92172706418559,1.4584408879710893,20374.73076923077,298.0,40.21309816000918,The account service was not satisfactory.,Neutral,0.0,Account Service,0,0,1,0.0
2024-01,1043,Branch 1043,East,8074,387,4013068,3089180,559792,448413,25,63976,87,4.3,111379,19.896497270414727,76.9780128320776,1.0775328214020312,22391.68,322.96,42.58071600880629,The staff was very helpful and friendly.,Positive,0.2875,Staff Service,1,0,0,0.0
2024-01,1044,Branch 1044,West,9171,791,5273092,4081160,763016,545341,28,62889,106,4.1,217675,28.528235318787548,77.39595667968622,1.1558172500272599,27250.571428571428,327.5357142857143,47.40896925203933,The waiting time was too long.,Negative,-0.05,Waiting Time,0,1,0,100.0
2024-01,1045,Branch 1045,Central,10076,486,6382796,3481855,719530,446617,29,87649,155,4.4,272913,37.929342765416315,54.55062326917546,1.538308852719333,24811.379310344826,347.44827586206895,51.246154185789386,Excellent service and quick response.,Positive,0.6666666666666666,Service Quality,1,0,0,0.0
2024-01,1046,Branch 1046,North,9145,706,4470181,3048187,603032,470835,30,59675,182,4.2,132197,21.92205388768755,68.18934177385658,1.9901585565882995,20101.066666666666,304.8333333333333,41.239947060669095,The ATM was not working properly.,Neutral,0.0,ATM Issue,0,0,1,0.0
2024-01,1047,Branch 1047,South,7759,586,4198307,2885185,580282,467200,22,77099,81,4.2,113082,19.487421632930197,68.7225826982162,1.0439489624951668,26376.454545454544,352.6818181818182,45.11160568010671,The loan process was very slow.,Negative,-0.39000000000000007,Loan Process,0,1,0,100.0
2024-01,1048,Branch 1048,East,9005,616,4459158,3221965,533522,397207,25,75938,115,3.9,136315,25.550024178946696,72.25500868101108,1.2770682953914492,21340.88,360.2,44.310932952304285,The mobile banking service was convenient.,Neutral,0.0,Digital Banking,0,0,1,0.0
2024-01,1049,Branch 1049,West,8136,393,5128768,3834386,686557,432680,26,73288,81,4.4,253877,36.978284395905945,74.76232108763742,0.995575221238938,26406.03846153846,312.9230769230769,50.31604900239209,The account service was not satisfactory.,Neutral,0.0,Account Service,0,0,1,0.0
2024-01,1050,Branch 1050,Central,8498,730,5754637,4395569,785289,585156,23,82483,78,4.4,200133,25.48526720735933,76.38308028812243,0.9178630265944928,34143.0,369.4782608695652,52.02361085130953,The staff was very helpful and friendly.,Positive,0.2875,Staff Service,1,0,0,0.0
2024-01,1051,Branch 1051,North,8487,773,5685820,3074625,572086,457929,25,66671,142,4.1,114157,19.95451732781435,54.07531367507238,1.6731471662542714,22883.44,339.48,42.86292974755753,The waiting time was too long.,Negative,-0.05,Waiting Time,0,1,0,100.0
2024-01,1052,Branch 1052,South,8340,607,4639272,3111699,560536,455380,24,81613,151,4.1,105156,18.759901237387073,67.0730019709989,1.8105515587529974,23355.666666666668,347.5,42.970452848119194,Excellent service and quick response.,Positive,0.6666666666666666,Service Quality,1,0,0,0.0
2024-01,1053,Branch 1053,East,8164,547,4919350,2887451,600385,458705,23,76163,124,4.3,141680,23.598191160671902,58.69578297945866,1.5188633023027927,26103.695652173912,354.95652173913044,46.812727415325725,The ATM was not working properly.,Neutral,0.0,ATM Issue,0,0,1,0.0
2024-01,1054,Branch 1054,West,8909,446,4868111,3776417,562911,429114,27,62729,63,4.1,133797,23.76876628809883,77.5745869393693,0.7071500729599282,20848.555555555555,329.962962962963,42.89714135064718,The loan process was very slow.,Negative,-0.39000000000000007,Loan Process,0,1,0,100.0
2024-01,1055,Branch 1055,Central,8295,520,5382929,3875324,741860,596847,23,65684,113,4.1,145013,19.547219151861537,71.99284998929022,1.362266425557565,32254.782608695652,360.6521739130435,47.83846606123575,The mobile banking service was convenient.,Neutral,0.0,Digital Banking,0,0,1,0.0
2024-01,1056,Branch 1056,North,10049,788,5830827,3118388,629624,422936,30,67898,107,4.3,206688,32.82721116094685,53.48105851880016,1.0647825654293959,20987.466666666667,334.96666666666664,46.92404950809785,The account service was not satisfactory.,Neutral,0.0,Account Service,0,0,1,0.0
2024-01,1057,Branch 1057,South,10392,560,6456722,4095955,823001,651952,30,79778,205,3.9,171049,20.783571344384757,63.43706605302195,1.9726712856043112,27433.366666666665,346.4,44.90865142127406,The staff was very helpful and friendly.,Positive,0.2875,Staff Service,1,0,0,0.0
2024-01,1058,Branch 1058,East,7755,613,4652162,3384409,642742,456079,22,65578,94,4.4,186663,29.041668352153742,72.74916479692668,1.2121212121212122,29215.545454545456,352.5,50.35215571030699,The waiting time was too long.,Negative,-0.05,Waiting Time,0,1,0,100.0
2024-01,1059,Branch 1059,West,7468,431,4795830,3398394,586416,382140,25,54827,106,4.2,204276,34.834656626012936,70.86143587241416,1.4193893947509373,23456.64,298.72,47.064666176503856,Excellent service and quick response.,Positive,0.6666666666666666,Service Quality,1,0,0,0.0
2024-01,1060,Branch 1060,Central,8312,456,5189106,3684176,622429,415959,22,60077,145,4.4,206470,33.171654919677586,70.99827985784064,1.7444658325312798,28292.227272727272,377.8181818181818,52.348607515330144,The ATM was not working properly.,Neutral,0.0,ATM Issue,0,0,1,0.0
2024-01,1061,Branch 1061,North,10665,504,5385425,3503209,724304,585555,30,83593,90,4.3,138749,19.156183039165875,65.04981500995743,0.8438818565400843,24143.466666666667,355.5,44.378915162136536,The loan process was very slow.,Negative,-0.39000000000000007,Loan Process,0,1,0,100.0
2024-01,1062,Branch 1062,South,8895,433,5941920,4037444,653415,439677,23,62896,139,4.1,213738,32.71091113610798,67.94847456714328,1.5626756604834178,28409.347826086956,386.7391304347826,51.68463117938637,The mobile banking service was convenient.,Neutral,0.0,Digital Banking,0,0,1,0.0
2024-01,1063,Branch 1063,East,8419,771,5671527,3097920,547755,348665,27,68648,105,4.4,199090,36.34654179332001,54.62232657977296,1.247178999881221,20287.222222222223,311.81481481481484,47.24281841365588,The account service was not satisfactory.,Neutral,0.0,Account Service,0,0,1,0.0
2024-01,1064,Branch 1064,West,7889,620,5123666,3589115,718513,565396,24,73764,104,4.1,153117,21.31026160974123,70.04974563135067,1.3182912916719483,29938.041666666668,328.7083333333333,46.161779393665945,The staff was very helpful and friendly.,Positive,0.2875,Staff Service,1,0,0,0.0
2024-01,1065,Branch 1065,Central,7912,498,4805241,3476532,552213,397845,21,68359,59,4.4,154368,27.954430627312288,72.34875420400351,0.7457027300303337,26295.85714285714,376.76190476190476,49.56527558993028,The waiting time was too long.,Negative,-0.05,Waiting Time,0,1,0,100.0
2024-01,1066,Branch 1066,North,8066,454,4132291,2743856,536785,385663,27,70526,153,3.9,151122,28.15317119517125,66.40035757404307,1.8968509794197868,19880.925925925927,298.74074074074076,42.18516065667975,Excellent service and quick response.,Positive,0.6666666666666666,Service Quality,1,0,0,0.0
2024-01,1067,Branch 1067,South,8306,782,5279189,3647427,621193,413452,22,57004,55,4.4,207741,33.442263515525774,69.09066904026358,0.6621719239104262,28236.045454545456,377.54545454545456,52.407023137135965,The ATM was not working properly.,Neutral,0.0,ATM Issue,0,0,1,0.0
2024-01,1068,Branch 1068,East,7626,457,5177535,3550878,613479,424730,20,70930,85,4.4,188749,30.766986319010105,68.58240456124392,1.1146079202727512,30673.95,381.3,52.73460844620064,The loan process was very slow.,Negative,-0.39000000000000007,Loan Process,0,1,0,100.0
2024-01,1069,Branch 1069,West,9049,611,6049630,3633776,735838,496034,28,85997,160,4.0,239804,32.5892383921461,60.066086686293204,1.768151176925627,26279.928571428572,323.17857142857144,47.91687571622569,The mobile banking service was convenient.,Neutral,0.0,Digital Banking,0,0,1,0.0
2024-01,1070,Branch 1070,Central,9233,544,4609246,3366465,662533,411286,27,91811,111,4.3,251247,37.92218651750177,73.03721693309491,1.2022094660457057,24538.25925925926,341.962962962963,50.607030448269995,The account service was not satisfactory.,Neutral,0.0,Account Service,0,0,1,0.0
2024-01,1071,Branch 1071,North,7761,486,4015193,2849721,497994,357846,24,48170,54,4.4,140148,28.14250774105712,70.97345009318357,0.6957866254348666,20749.75,323.375,45.028909651543756,The staff was very helpful and friendly.,Positive,0.2875,Staff Service,1,0,0,0.0
2024-01,1072,Branch 1072,South,7843,588,4233700,2495387,459621,289600,27,59182,86,4.2,170021,36.991564789250276,58.941044476462665,1.096519189085809,17023.0,290.48148148148147,44.54835624090791,The waiting time was too long.,Negative,-0.05,Waiting Time,0,1,0,100.0
2024-01,1073,Branch 1073,East,7933,753,5037382,3141923,556072,358255,25,56875,117,4.1,197817,35.57399041850696,62.37214092558396,1.4748518845329637,22242.88,317.32,47.18234459213714,Excellent service and quick response.,Positive,0.6666666666666666,Service Quality,1,0,0,0.0
2024-01,1074,Branch 1074,West,9107,715,5193362,3396676,593612,376134,30,67178,118,4.3,217478,36.63638875224894,65.40418326317325,1.295706599319205,19787.066666666666,303.56666666666666,46.49701757918461,The ATM was not working properly.,Neutral,0.0,ATM Issue,0,0,1,0.0
2024-01,1075,Branch 1075,Central,9082,452,5264715,3449840,653388,427311,27,73950,107,4.1,226077,34.60072728608423,65.52757366733051,1.1781545914996698,24199.555555555555,336.3703703703704,48.47365713134468,The loan process was very slow.,Negative,-0.39000000000000007,Loan Process,0,1,0,100.0
2024-01,1076,Branch 1076,North,8410,789,4575384,3425411,615369,405620,24,72339,165,4.1,209749,34.08507740883925,74.86608774258073,1.9619500594530321,25640.375,350.4166666666667,49.49559381201297,The mobile banking service was convenient.,Neutral,0.0,Digital Banking,0,0,1,0.0
2024-01,1077,Branch 1077,South,7451,690,3935266,2475389,492716,409277,21,49649,110,3.8,83439,16.93450182255092,62.90271102385455,1.4763119044423567,23462.666666666668,354.8095238095238,41.762151004797985,The account service was not satisfactory.,Neutral,0.0,Account Service,0,0,1,0.0
2024-01,1078,Branch 1078,East,9050,472,4757006,3096523,537263,344542,25,71226,171,4.1,192721,35.870886325691515,65.09394774780608,1.889502762430939,21490.52,362.0,48.66125214270691,The staff was very helpful and friendly.,Positive,0.2875,Staff Service,1,0,0,0.0
2024-01,1079,Branch 1079,West,8631,571,4804172,3539418,529066,362370,24,67621,74,4.4,166696,31.50760018598814,73.67384015393287,0.8573745800023171,22044.416666666668,359.625,48.196971625329915,The waiting time was too long.,Negative,-0.05,Waiting Time,0,1,0,100.0
2024-01,1080,Branch 1080,Central,8916,492,5748319,3032232,579639,450432,25,67582,174,4.1,129207,22.290943155998818,52.74989088114281,1.9515477792732168,23185.56,356.64,44.480156268519266,Excellent service and quick response.,Positive,0.6666666666666666,Service Quality,1,0,0,0.0
2024-01,1081,Branch 1081,North,8021,382,5379577,3282044,731348,557111,23,51249,124,4.2,174237,23.82408921607771,61.00933214637507,1.5459419025059218,31797.739130434784,348.7391304347826,48.96679844604607,The ATM was not working properly.,Neutral,0.0,ATM Issue,0,0,1,0.0
2024-01,1082,Branch 1082,South,7365,393,4296243,2255964,451967,353787,20,60667,100,4.0,98180,21.72282489650793,52.51015829411884,1.3577732518669383,22598.35,368.25,44.15875051897537,The loan process was very slow.,Negative,-0.39000000000000007,Loan Process,0,1,0,100.0
2024-01,1083,Branch 1083,East,8731,741,5480079,3605673,666605,429369,29,83039,123,4.3,237236,35.588691954005746,65.79600403570825,1.4087733363875845,22986.379310344826,301.0689655172414,47.5031077764336,The mobile banking service was convenient.,Neutral,0.0,Digital Banking,0,0,1,0.0
2024-01,1084,Branch 1084,West,9365,732,5771370,3624340,616428,465102,27,89814,183,3.8,151326,24.548852420720667,62.79860760963169,1.9540843566470905,22830.666666666668,346.85185185185185,43.83057526408184,The account service was not satisfactory.,Neutral,0.0,Account Service,0,0,1,0.0
2024-01,1085,Branch 1085,Central,9610,767,5953105,4255192,780007,582377,30,62706,61,4.1,197630,25.33695210427599,71.47853095149506,0.6347554630593133,26000.233333333334,320.3333333333333,45.44059566364311,The staff was very helpful and friendly.,Positive,0.2875,Staff Service,1,0,0,0.0
2024-01,1086,Branch 1086,North,9072,585,5513272,3836343,673807,541008,27,69510,152,4.2,132799,19.708759333162167,69.5837789247474,1.6754850088183422,24955.814814814814,336.0,43.89444235230648,The waiting time was too long.,Negative,-0.05,Waiting Time,0,1,0,100.0
2024-01,1087,Branch 1087,South,8597,741,4856236,2923292,492339,341109,25,79800,162,4.3,151230,30.716640363651877,60.196662600417284,1.8843782714900548,19693.56,343.88,45.9344692542675,Excellent service and quick response.,Positive,0.6666666666666666,Service Quality,1,0,0,0.0
2024-01,1088,Branch 1088,East,8188,417,3940102,2951483,429925,323440,23,77887,133,4.1,106485,24.768273536081875,74.90879677734232,1.6243282852955545,18692.391304347828,356.0,43.25954589032672,The ATM was not working properly.,Neutral,0.0,ATM Issue,0,0,1,0.0
2024-01,1089,Branch 1089,West,9630,588,4693764,3114675,515429,322937,29,78088,71,4.3,192492,37.34597781653729,66.35772484513495,0.7372793354101765,17773.41379310345,332.0689655172414,46.918311533354874,The loan process was very slow.,Negative,-0.39000000000000007,Loan Process,0,1,0,100.0
2024-01,1090,Branch 1090,Central,8295,649,4225850,2606724,543501,395779,23,75509,58,4.5,147722,27.179710800900093,61.68519942733415,0.6992163954189271,23630.478260869564,360.6521739130435,47.75000051731429,The mobile banking service was convenient.,Neutral,0.0,Digital Banking,0,0,1,0.0
2024-01,1091,Branch 1091,North,9048,442,5611734,3751912,586105,454372,28,78215,159,4.0,131733,22.476006858839288,66.85833647852874,1.7572944297082227,20932.321428571428,323.14285714285717,41.920522920121805,The account service was not satisfactory.,Neutral,0.0,Account Service,0,0,1,0.0
2024-01,1092,Branch 1092,South,9710,676,4975597,2755148,588401,473404,28,77865,107,4.3,114997,19.543984459577736,55.37321451074112,1.101956745623069,21014.321428571428,346.7857142857143,42.742352350217416,The staff was very helpful and friendly.,Positive,0.2875,Staff Service,1,0,0,0.0
2024-01,1093,Branch 1093,East,7933,433,4564854,2790431,491680,367937,24,74098,103,4.2,123743,25.16738529124634,61.12859250262987,1.298373881255515,20486.666666666668,330.5416666666667,43.54278065813002,The waiting time was too long.,Negative,-0.05,Waiting Time,0,1,0,100.0
2024-01,1094,Branch 1094,West,8171,506,5060053,3194439,512925,396903,23,58914,60,4.2,116022,22.61968123994736,63.13054428481283,0.7343042467262269,22301.08695652174,355.2608695652174,44.43600548402887,Excellent service and quick response.,Positive,0.6666666666666666,Service Quality,1,0,0,0.0
2024-01,1095,Branch 1095,Central,8854,553,5401047,3051394,629079,455235,28,55858,62,4.0,173844,27.63468499186907,56.49634228326471,0.7002484752654168,22467.10714285714,316.2142857142857,44.16396486980668,The ATM was not working properly.,Neutral,0.0,ATM Issue,0,0,1,0.0
2024-01,1096,Branch 1096,North,9694,489,6034229,3910901,702910,463084,28,78886,174,4.1,239826,34.11901950463075,64.81194200617843,1.7949246956880545,25103.928571428572,346.2142857142857,49.09934886480985,The loan process was very slow.,Negative,-0.39000000000000007,Loan Process,0,1,0,100.0
2024-01,1097,Branch 1097,South,7675,548,3809320,2285278,442507,285448,21,55450,69,4.5,157059,35.49299785088145,59.99175705900266,0.8990228013029317,21071.761904761905,365.4761904761905,49.670572454460725,The mobile banking service was convenient.,Neutral,0.0,Digital Banking,0,0,1,0.0
2024-01,1098,Branch 1098,East,7358,519,4393764,3102463,615568,438276,23,60145,125,4.1,177292,28.80136719257661,70.61059720094207,1.6988312041315574,26763.82608695652,319.9130434782609,46.98755992340982,The account service was not satisfactory.,Neutral,0.0,Account Service,0,0,1,0.0
2024-01,1099,Branch 1099,West,10510,912,5297777,3733603,593009,487707,30,63567,198,4.2,105302,17.757234713132515,70.47489918884845,1.8839200761179828,19766.966666666667,350.3333333333333,41.38087259758442,The staff was very helpful and friendly.,Positive,0.2875,Staff Service,1,0,0,0.0
2024-01,1100,Branch 1100,Central,10136,771,5388715,3806622,624548,446739,31,84105,202,4.0,177809,28.470029525352736,70.64062582637976,1.9928966061562747,20146.709677419356,326.96774193548384,43.80499852668338,The waiting time was too long.,Negative,-0.05,Waiting Time,0,1,0,100.0
2024-02,1001,Branch 1001,North,9872,802,6278624,3397858,735323,550896,32,80269,98,4.5,184427,25.08108681490991,54.11787678319327,0.992706645056726,22978.84375,308.5,44.70812394817857,Excellent service and quick response.,Positive,0.6666666666666666,Service Quality,1,0,0,0.0
2024-02,1002,Branch 1002,South,8272,656,4134676,3067095,522286,373307,25,75364,138,4.4,148979,28.52440999758753,74.17981481499397,1.6682785299806577,20891.44,330.88,45.51661822626215,The ATM was not working properly.,Neutral,0.0,ATM Issue,0,0,1,0.0
2024-02,1003,Branch 1003,East,9103,739,5845433,3639898,794451,533504,26,72441,113,4.0,260947,32.84620448586508,62.26909110069349,1.2413490058222563,30555.80769230769,350.11538461538464,51.00730142388434,The loan process was very slow.,Negative,-0.39000000000000007,Loan Process,0,1,0,100.0
2024-02,1004,Branch 1004,West,8651,800,4206690,2229395,409738,343928,27,70913,55,4.2,65810,16.06148319169811,52.99641761099581,0.6357646514853774,15175.481481481482,320.4074074074074,37.52686372337028,The mobile banking service was convenient.,Neutral,0.0,Digital Banking,0,0,1,0.0
2024-02,1005,Branch 1005,Central,9068,687,5242311,2839783,606207,400758,24,61493,54,4.3,205449,33.89089865343026,54.17044124242152,0.5955006616674019,25258.625,377.8333333333333,50.90805188239421,The account service was not satisfactory.,Neutral,0.0,Account Service,0,0,1,0.0
2024-02,1006,Branch 1006,North,10280,830,6618891,4777898,936443,727632,31,80506,128,4.3,208811,22.29831393902245,72.18577855414146,1.245136186770428,30207.83870967742,331.61290322580646,47.34331743612007,The staff was very helpful and friendly.,Positive,0.2875,Staff Service,1,0,0,0.0
2024-02,1007,Branch 1007,South,7371,454,3793383,2587348,526139,388225,20,68916,124,3.7,137914,26.212464766915204,68.20687497149642,1.6822683489350156,26306.95,368.55,46.544474863120755,The waiting time was too long.,Negative,-0.05,Waiting Time,0,1,0,100.0
2024-02,1008,Branch 1008,East,7900,417,5117401,2681221,605409,435228,26,68638,151,4.2,170181,28.110087560640824,52.39419384957324,1.9113924050632911,23284.96153846154,303.84615384615387,44.829627715829275,Excellent service and quick response.,Positive,0.6666666666666666,Service Quality,1,0,0,0.0
2024-02,1009,Branch 1009,West,8122,766,5066182,3935410,659658,468518,24,52273,67,4.1,191140,28.975620700423555,77.67999649440151,0.8249199704506278,27485.75,338.4166666666667,48.09251581150421,The ATM was not working properly.,Neutral,0.0,ATM Issue,0,0,1,0.0
2024-02,1010,Branch 1010,Central,7781,614,4985275,3140455,693692,446115,22,64306,118,4.3,247577,35.68975856720273,62.99461915340678,1.5165145868140342,31531.454545454544,353.6818181818182,53.487840649582225,The loan process was very slow.,Negative,-0.39000000000000007,Loan Process,0,1,0,100.0
2024-02,1011,Branch 1011,North,10604,610,5349007,3706108,654832,431905,31,93422,128,3.8,222927,34.043388227820266,69.28590671128305,1.2070916635231987,21123.612903225807,342.06451612903226,46.18553119862875,The mobile banking service was convenient.,Neutral,0.0,Digital Banking,0,0,1,0.0
2024-02,1012,Branch 1012,South,8075,637,4756342,3182013,543334,360079,22,59059,123,4.0,183255,33.72787272653653,66.90042473817064,1.523219814241486,24697.0,367.04545454545456,49.27772757101728,The account service was not satisfactory.,Neutral,0.0,Account Service,0,0,1,0.0
2024-02,1013,Branch 1013,East,7468,618,4633305,2501638,475767,347643,20,58908,105,4.3,128124,26.929988839074586,53.99251722042905,1.4059989287627208,23788.35,373.4,47.625949641389965,The staff was very helpful and friendly.,Positive,0.2875,Staff Service,1,0,0,0.0
2024-02,1014,Branch 1014,West,8215,470,4025550,2765972,431587,313668,25,67892,93,4.0,117919,27.32218532995665,68.71041224180546,1.1320754716981132,17263.48,328.6,42.14227346946177,The waiting time was too long.,Negative,-0.05,Waiting Time,0,1,0,100.0
2024-02,1015,Branch 1015,Central,9189,847,5171302,2777799,697635,489511,25,80897,168,4.4,208124,29.832792219427063,53.71566000206525,1.8282729350310154,27905.4,367.56,50.607394876725834,Excellent service and quick response.,Positive,0.6666666666666666,Service Quality,1,0,0,0.0
2024-02,1016,Branch 1016,North,8035,413,5075803,2688173,675952,484627,23,65036,104,4.3,191325,28.3045245816271,52.9605463411405,1.2943372744243933,29389.217391304348,349.3478260869565,49.752519652414726,The ATM was not working properly.,Neutral,0.0,ATM Issue,0,0,1,0.0
2024-02,1017,Branch 1017,South,9494,681,5033559,3164181,544517,392823,26,92936,63,4.4,151694,27.858450700345443,62.861704809658534,0.6635769959974721,20942.96153846154,365.15384615384613,46.6269303132604,The loan process was very slow.,Negative,-0.39000000000000007,Loan Process,0,1,0,100.0
2024-02,1018,Branch 1018,East,8836,686,4382915,3044563,580277,417758,24,68989,134,4.4,162519,28.007141416943977,69.46434051310601,1.5165233137166139,24178.208333333332,368.1666666666667,48.280442291389065,The mobile banking service was convenient.,Neutral,0.0,Digital Banking,0,0,1,0.0
2024-02,1019,Branch 1019,West,8192,689,5146016,3131774,653980,503133,23,70779,144,4.4,150847,23.065995902015352,60.85822508130562,1.7578125,28433.91304347826,356.17391304347825,48.043251846956224,The account service was not satisfactory.,Neutral,0.0,Account Service,0,0,1,0.0
2024-02,1020,Branch 1020,Central,8102,584,5192290,4043628,723012,482040,27,53079,151,4.5,240972,33.32890740402649,77.87754536052493,1.8637373488027649,26778.222222222223,300.0740740740741,49.014893614965274,The staff was very helpful and friendly.,Positive,0.2875,Staff Service,1,0,0,0.0
2024-02,1021,Branch 1021,North,9974,761,5373812,4054173,659315,510465,32,73976,192,4.1,148850,22.57646193397693,75.44314910904959,1.925005013033888,20603.59375,311.6875,41.66364966138218,The waiting time was too long.,Negative,-0.05,Waiting Time,0,1,0,100.0
2024-02,1022,Branch 1022,South,8061,369,4988423,2721912,662540,465257,21,73802,118,4.3,197283,29.77676819512784,54.56457882581329,1.4638382334697928,31549.52380952381,383.85714285714283,52.58851545391416,Excellent service and quick response.,Positive,0.6666666666666666,Service Quality,1,0,0,0.0
2024-02,1023,Branch 1023,East,7880,578,5299359,3067274,640975,443905,26,72899,62,4.4,197070,30.745348882561725,57.880094554832006,0.7868020304568528,24652.884615384617,303.0769230769231,46.950429355681734,The ATM was not working properly.,Neutral,0.0,ATM Issue,0,0,1,0.0
2024-02,1024,Branch 1024,West,7779,590,4738011,2952362,576624,411439,23,74590,129,3.9,165185,28.64691722855795,62.31226563213973,1.6583108368684922,25070.608695652172,338.2173913043478,46.26088749173038,The loan process was very slow.,Negative,-0.39000000000000007,Loan Process,0,1,0,100.0
2024-02,1025,Branch 1025,Central,8362,700,4514900,3204641,595373,444125,23,75109,106,4.5,151248,25.403906458640215,70.97922434605418,1.2676393207366659,25885.782608695652,363.5652173913044,48.276157987661634,The mobile banking service was convenient.,Neutral,0.0,Digital Banking,0,0,1,0.0
2024-02,1026,Branch 1026,North,9363,780,6019796,3439272,655215,407607,26,92986,96,4.2,247608,37.7903436276642,57.132700177879784,1.0253123998718359,25200.576923076922,360.11538461538464,51.26396117344449,The account service was not satisfactory.,Neutral,0.0,Account Service,0,0,1,0.0
2024-02,1027,Branch 1027,South,8565,518,5604795,4317429,626642,398509,25,54984,135,4.3,228133,36.40563511542476,77.03098864454454,1.5761821366024518,25065.68,342.6,50.34293159336855,The staff was very helpful and friendly.,Positive,0.2875,Staff Service,1,0,0,0.0
2024-02,1028,Branch 1028,East,9972,919,6432376,3865916,829329,528204,32,86685,80,4.2,301125,36.30947428583831,60.10090206169539,0.8022462896109106,25916.53125,311.625,49.20722540513114,The waiting time was too long.,Negative,-0.05,Waiting Time,0,1,0,100.0
2024-02,1029,Branch 1029,West,9905,465,6774969,3893821,703389,442883,27,81709,164,4.1,260506,37.035836500144306,57.47363567272411,1.6557294295810197,26051.444444444445,366.85185185185185,51.34995139157766,Excellent service and quick response.,Positive,0.6666666666666666,Service Quality,1,0,0,0.0
2024-02,1030,Branch 1030,Central,8569,681,5068639,3234558,504466,338823,27,79373,78,4.4,165643,32.835314966717284,63.815118811972994,0.9102579064068153,18683.925925925927,317.3703703703704,45.49165880873813,The ATM was not working properly.,Neutral,0.0,ATM Issue,0,0,1,0.0
2024-02,1031,Branch 1031,North,10383,945,7020623,4893153,935009,728549,34,81444,121,4.2,206460,22.081070877392627,69.6968488409077,1.1653664644129826,27500.264705882353,305.38235294117646,44.71407516955932,The loan process was very slow.,Negative,-0.39000000000000007,Loan Process,0,1,0,100.0
2024-02,1032,Branch 1032,South,10491,732,5240041,3364244,507408,318457,29,103320,100,4.5,188951,37.238474757985685,64.20262742219002,0.953197979220284,17496.827586206895,361.7586206896552,48.49691514658202,The mobile banking service was convenient.,Neutral,0.0,Digital Banking,0,0,1,0.0
2024-02,1033,Branch 1033,East,7032,340,3914408,2275250,533388,421774,20,50462,46,4.1,111614,20.925480138285828,58.125008941326506,0.6541524459613196,26669.4,351.6,45.40777539194875,The account service was not satisfactory.,Neutral,0.0,Account Service,0,0,1,0.0
2024-02,1034,Branch 1034,West,9414,763,4716271,2587734,508919,373255,28,72666,107,4.5,135664,26.657287308982376,54.86822110095031,1.136605056299129,18175.678571428572,336.2142857142857,44.121588044161115,The staff was very helpful and friendly.,Positive,0.2875,Staff Service,1,0,0,0.0
2024-02,1035,Branch 1035,Central,8342,526,5023568,3472625,641037,413877,24,66444,137,4.2,227160,35.43633206819575,69.12666455395846,1.6422920163030448,26709.875,347.5833333333333,50.65049265336482,The waiting time was too long.,Negative,-0.05,Waiting Time,0,1,0,100.0
2024-02,1036,Branch 1036,North,7273,558,4144916,2767660,542454,388272,23,62419,130,4.2,154182,28.42305522680264,66.77240262528844,1.7874329712635775,23584.956521739132,316.2173913043478,45.55327305844063,Excellent service and quick response.,Positive,0.6666666666666666,Service Quality,1,0,0,0.0
2024-02,1037,Branch 1037,South,10103,854,6063379,3767039,669257,540271,33,64420,150,4.5,128986,19.273014701377797,62.12771789459309,1.4847075126200138,20280.515151515152,306.1515151515151,41.34593451623023,The ATM was not working properly.,Neutral,0.0,ATM Issue,0,0,1,0.0
2024-02,1038,Branch 1038,East,9374,614,5817277,3258283,718302,465180,31,79851,177,4.2,253122,35.238938496621195,56.01044956257025,1.8882014081502025,23171.032258064515,302.38709677419354,47.21623291227263,The loan process was very slow.,Negative,-0.39000000000000007,Loan Process,0,1,0,100.0
2024-02,1039,Branch 1039,West,7878,506,5391516,3616977,538666,351837,24,50640,120,4.1,186829,34.683644410451,67.08645583171783,1.5232292460015233,22444.416666666668,328.25,47.38412714806833,The mobile banking service was convenient.,Neutral,0.0,Digital Banking,0,0,1,0.0
2024-02,1040,Branch 1040,Central,8850,548,4819585,3065357,536794,403572,29,73357,162,4.1,133222,24.81808664031267,63.60209437119586,1.8305084745762712,18510.137931034482,305.17241379310343,41.23614232084522,The account service was not satisfactory.,Neutral,0.0,Account Service,0,0,1,0.0
2024-02,1041,Branch 1041,North,9928,781,5074801,3790308,643676,439203,29,86202,139,4.4,204473,31.766447715931616,74.68880060518629,1.4000805801772764,22195.724137931036,342.3448275862069,47.691654052256496,The staff was very helpful and friendly.,Positive,0.2875,Staff Service,1,0,0,0.0
2024-02,1042,Branch 1042,South,8146,590,5433273,3744220,584427,373695,24,74656,142,4.0,210732,36.0578823360317,68.91278976778821,1.743186840166953,24351.125,339.4166666666667,48.8705543730955,The waiting time was too long.,Negative,-0.05,Waiting Time,0,1,0,100.0
2024-02,1043,Branch 1043,East,8320,393,4777734,3278760,609888,431762,26,80299,53,4.1,178126,29.20634608321528,68.6258381065166,0.6370192307692307,23457.23076923077,320.0,45.61443211884284,Excellent service and quick response.,Positive,0.6666666666666666,Service Quality,1,0,0,0.0
2024-02,1044,Branch 1044,West,10502,600,6017946,4549002,736367,601926,29,88003,149,4.1,134441,18.257336355377145,75.59060849000639,1.4187773757379547,25391.96551724138,362.13793103448273,44.293164204920544,The ATM was not working properly.,Neutral,0.0,ATM Issue,0,0,1,0.0
2024-02,1045,Branch 1045,Central,9340,632,5123681,3323419,667710,467004,30,65866,143,4.2,200706,30.05885788740621,64.86389375138695,1.531049250535332,22257.0,311.3333333333333,45.32801000770632,The loan process was very slow.,Negative,-0.39000000000000007,Loan Process,0,1,0,100.0
2024-02,1046,Branch 1046,North,9275,754,6221091,4416756,778843,517239,29,86606,80,4.5,261604,33.588797742292094,70.99648598613973,0.862533692722372,26856.655172413793,319.82758620689657,49.90249236381674,The mobile banking service was convenient.,Neutral,0.0,Digital Banking,0,0,1,0.0
2024-02,1047,Branch 1047,South,7589,583,3978332,2417574,445695,278951,21,63222,61,4.5,166744,37.41213161466923,60.76853314404127,0.803794966398735,21223.571428571428,361.3809523809524,50.25428199748318,The account service was not satisfactory.,Neutral,0.0,Account Service,0,0,1,0.0
2024-02,1048,Branch 1048,East,9921,495,6091698,4608702,706485,539300,29,82657,103,4.2,167185,23.66433823789606,75.65545764087452,1.0382017941739743,24361.55172413793,342.1034482758621,45.241058024878654,The staff was very helpful and friendly.,Positive,0.2875,Staff Service,1,0,0,0.0
2024-02,1049,Branch 1049,West,8348,511,4650216,3348293,563693,385241,28,66794,98,3.9,178452,31.65765762569342,72.00295642180923,1.1739338763775755,20131.89285714286,298.14285714285717,43.50394004772552,The waiting time was too long.,Negative,-0.05,Waiting Time,0,1,0,100.0
2024-02,1050,Branch 1050,Central,8976,846,4516219,2771677,618497,454069,28,57160,94,4.2,164428,26.58509257118466,61.371625246694194,1.0472370766488415,22089.178571428572,320.57142857142856,44.39085739530339,Excellent service and quick response.,Positive,0.6666666666666666,Service Quality,1,0,0,0.0
2024-02,1051,Branch 1051,North,8720,419,5004850,3400295,652244,411026,25,55864,114,4.3,241218,36.982785583309315,67.93999820174432,1.3073394495412844,26089.76,348.8,51.25387514502509,The ATM was not working properly.,Neutral,0.0,ATM Issue,0,0,1,0.0
2024-02,1052,Branch 1052,South,8487,740,4528070,2643842,615151,425319,26,61694,150,4.1,189832,30.859415005421432,58.387834110338396,1.7674089784376106,23659.653846153848,326.4230769230769,46.533274224831246,The loan process was very slow.,Negative,-0.39000000000000007,Loan Process,0,1,0,100.0
2024-02,1053,Branch 1053,East,8419,779,4687736,2580685,619232,472104,23,83887,152,4.0,147128,23.759754017880212,55.05184165661207,1.8054400760185294,26923.130434782608,366.04347826086956,46.772428890446506,The mobile banking service was convenient.,Neutral,0.0,Digital Banking,0,0,1,0.0
2024-02,1054,Branch 1054,West,9543,583,5601563,4351970,734477,611227,32,66143,89,4.3,123250,16.78064799850778,77.69206558955062,0.9326207691501625,22952.40625,298.21875,40.79494388455869,The account service was not satisfactory.,Neutral,0.0,Account Service,0,0,1,0.0
2024-02,1055,Branch 1055,Central,8516,695,5098511,2795352,524976,411277,28,76635,91,4.3,113699,21.657942458321905,54.82683081393763,1.0685767966181305,18749.14285714286,304.14285714285717,40.80018674376585,The staff was very helpful and friendly.,Positive,0.2875,Staff Service,1,0,0,0.0
2024-02,1056,Branch 1056,North,10206,528,5268334,3854116,742250,529189,27,93825,190,4.5,213061,28.70474907376221,73.15625774675637,1.8616500097981579,27490.74074074074,378.0,50.72419007148052,The waiting time was too long.,Negative,-0.05,Waiting Time,0,1,0,100.0
2024-02,1057,Branch 1057,South,10024,640,6146497,4073416,662130,430789,28,92353,152,4.1,231341,34.9389092776343,66.27215469233938,1.5163607342378291,23647.5,358.0,49.17141141960576,Excellent service and quick response.,Positive,0.6666666666666666,Service Quality,1,0,0,0.0
2024-02,1058,Branch 1058,East,8115,380,4445754,3237746,473786,393252,24,70783,93,4.3,80534,16.997969547432806,72.8278262809863,1.146025878003697,19741.083333333332,338.125,40.933153875020835,The ATM was not working properly.,Neutral,0.0,ATM Issue,0,0,1,0.0
2024-02,1059,Branch 1059,West,8323,509,5253355,3500283,677463,565231,23,66875,113,4.3,112232,16.56651359557644,66.629477733753,1.3576835275741919,29454.91304347826,361.8695652173913,46.156539434272425,The loan process was very slow.,Negative,-0.39000000000000007,Loan Process,0,1,0,100.0
2024-02,1060,Branch 1060,Central,9103,780,5403696,2926480,664270,429773,30,76169,149,4.2,234497,35.30145874418535,54.15700661177091,1.6368230253762495,22142.333333333332,303.43333333333334,46.80607545921242,The mobile banking service was convenient.,Neutral,0.0,Digital Banking,0,0,1,0.0
2024-02,1061,Branch 1061,North,10624,673,6135503,3278246,680392,525266,34,95909,104,4.2,155126,22.799503815447565,53.43076191145209,0.9789156626506025,20011.529411764706,312.47058823529414,41.80002222100117,The account service was not satisfactory.,Neutral,0.0,Account Service,0,0,1,0.0
2024-02,1062,Branch 1062,South,9794,835,6136870,4409957,786802,630330,30,65582,109,4.2,156472,19.887087221435635,71.86003614220279,1.1129262813967735,26226.733333333334,326.46666666666664,44.173309016237745,The staff was very helpful and friendly.,Positive,0.2875,Staff Service,1,0,0,0.0
2024-02,1063,Branch 1063,East,8218,681,4356904,2469044,450076,370349,27,61001,70,4.2,79727,17.714119393169153,56.66969022039503,0.8517887563884157,16669.48148148148,304.3703703703704,38.173735554917414,The waiting time was too long.,Negative,-0.05,Waiting Time,0,1,0,100.0
2024-02,1064,Branch 1064,West,8247,402,5051576,3889524,593851,401769,23,52206,164,4.3,192082,32.34515055123255,76.99624829954058,1.9886019158481871,25819.608695652172,358.5652173913044,49.88268076782643,Excellent service and quick response.,Positive,0.6666666666666666,Service Quality,1,0,0,0.0
2024-02,1065,Branch 1065,Central,8083,620,4179723,2229247,407803,299990,23,73179,87,4.4,107813,26.43752007709605,53.334802330202265,1.0763330446616355,17730.565217391304,351.4347826086956,44.12637370026057,The ATM was not working properly.,Neutral,0.0,ATM Issue,0,0,1,0.0
2024-02,1066,Branch 1066,North,8318,611,5645499,4135996,688389,545294,24,71282,124,4.2,143095,20.786938780253607,73.26183212502562,1.4907429670593892,28682.875,346.5833333333333,46.390599473326695,The loan process was very slow.,Negative,-0.39000000000000007,Loan Process,0,1,0,100.0
2024-02,1067,Branch 1067,South,8396,624,5309279,3444705,744437,544625,27,61172,160,4.0,199812,26.840686317310936,64.8808435194308,1.9056693663649358,27571.74074074074,310.962962962963,46.027644540014506,The mobile banking service was convenient.,Neutral,0.0,Digital Banking,0,0,1,0.0
2024-02,1068,Branch 1068,East,8466,451,4211667,3284743,431287,287753,25,65311,131,4.5,143534,33.280391015727346,77.99151737304967,1.5473659343255375,17251.48,338.64,46.10873388770389,The account service was not satisfactory.,Neutral,0.0,Account Service,0,0,1,0.0
2024-02,1069,Branch 1069,West,9817,565,5144586,2929793,543952,343512,30,72186,171,3.8,200440,36.848839603494426,56.949052848956164,1.741876336966487,18131.733333333334,327.23333333333335,45.2226352126656,The staff was very helpful and friendly.,Positive,0.2875,Staff Service,1,0,0,0.0
2024-02,1070,Branch 1070,Central,10373,786,5867692,4356521,773492,481323,34,71901,189,4.1,292169,37.772724216927905,74.24590452259594,1.8220379832256821,22749.764705882353,305.0882352941176,47.71364298450465,The waiting time was too long.,Negative,-0.05,Waiting Time,0,1,0,100.0
2024-02,1071,Branch 1071,North,7670,504,4869843,3119528,617580,503844,22,60260,125,3.9,113736,18.41639949480229,64.05808154390192,1.6297262059973925,28071.81818181818,348.6363636363636,44.459398385897146,Excellent service and quick response.,Positive,0.6666666666666666,Service Quality,1,0,0,0.0
2024-02,1072,Branch 1072,South,8044,647,4564951,2425982,477809,389638,24,59501,49,4.4,88171,18.453189454363564,53.143659154282275,0.6091496767777226,19908.708333333332,335.1666666666667,41.705532647649875,The ATM was not working properly.,Neutral,0.0,ATM Issue,0,0,1,0.0
2024-02,1073,Branch 1073,East,8945,462,5169750,3972551,562427,469840,27,67516,134,4.0,92587,16.462047519055805,76.8422264132695,1.4980435997764114,20830.62962962963,331.2962962962963,40.08290018095343,The loan process was very slow.,Negative,-0.39000000000000007,Loan Process,0,1,0,100.0
2024-02,1074,Branch 1074,West,9506,500,5755990,3561705,726507,465605,30,92292,84,4.4,260902,35.91183567398525,61.878234673792,0.8836524300441826,24216.9,316.8666666666667,49.089503070149725,The mobile banking service was convenient.,Neutral,0.0,Digital Banking,0,0,1,0.0
2024-02,1075,Branch 1075,Central,8988,647,4897525,3160896,509169,391573,26,76254,142,4.2,117596,23.095671574663815,64.54068126247441,1.579884290164664,19583.423076923078,345.6923076923077,42.98634531347719,The account service was not satisfactory.,Neutral,0.0,Account Service,0,0,1,0.0
2024-02,1076,Branch 1076,North,8038,703,4671657,3371862,672842,450302,22,57016,132,4.1,222540,33.0746297050422,72.17700272087613,1.6421995521273949,30583.727272727272,365.3636363636364,51.98721558966719,The staff was very helpful and friendly.,Positive,0.2875,Staff Service,1,0,0,0.0
2024-02,1077,Branch 1077,South,7458,380,4317004,2732605,505939,314763,21,61507,78,4.3,191176,37.786373456088576,63.298644152287096,1.0458567980691875,24092.333333333332,355.14285714285717,50.86225193683434,The waiting time was too long.,Negative,-0.05,Waiting Time,0,1,0,100.0
2024-02,1078,Branch 1078,East,8885,568,5820150,3542405,834490,674373,24,69647,54,4.4,160117,19.18740787786552,60.86449661950294,0.6077658975801914,34770.416666666664,370.2083333333333,50.13554961865757,Excellent service and quick response.,Positive,0.6666666666666666,Service Quality,1,0,0,0.0
2024-02,1079,Branch 1079,West,8970,703,5026842,3358148,589755,412843,26,66396,87,4.6,176912,29.997541351917324,66.80432764745738,0.9698996655518395,22682.884615384617,345.0,47.99845542865437,The ATM was not working properly.,Neutral,0.0,ATM Issue,0,0,1,0.0
2024-02,1080,Branch 1080,Central,8779,695,5648921,3016197,768957,522798,25,78807,142,4.2,246159,32.01206309325489,53.394214576553644,1.617496297983825,30758.28,351.16,51.448540570379905,The loan process was very slow.,Negative,-0.39000000000000007,Loan Process,0,1,0,100.0
2024-02,1081,Branch 1081,North,8055,666,4669659,3400230,502846,375591,23,77424,116,4.2,127255,25.306952824522817,72.8153811659481,1.4400993171942893,21862.869565217392,350.2173913043478,44.981140463811876,The mobile banking service was convenient.,Neutral,0.0,Digital Banking,0,0,1,0.0
2024-02,1082,Branch 1082,South,7786,446,4839451,3061909,657352,485291,21,57261,105,4.4,172061,26.174865216809255,63.26975931774079,1.348574364243514,31302.47619047619,370.76190476190476,51.01017524009845,The account service was not satisfactory.,Neutral,0.0,Account Service,0,0,1,0.0
2024-02,1083,Branch 1083,East,9390,854,5644983,3112061,571012,373248,25,83273,110,4.3,197764,34.63394814820004,55.129678867057706,1.1714589989350372,22840.48,375.6,49.971834932814936,The staff was very helpful and friendly.,Positive,0.2875,Staff Service,1,0,0,0.0
2024-02,1084,Branch 1084,West,9894,627,6276411,4028974,697915,463420,29,64290,152,4.2,234495,33.599363819376286,64.19232265063584,1.5362846169395592,24066.03448275862,341.17241379310343,48.546780412894506,The waiting time was too long.,Negative,-0.05,Waiting Time,0,1,0,100.0
2024-02,1085,Branch 1085,Central,10114,943,5503103,3879787,704000,437557,33,82151,111,4.2,266443,37.84701704545454,70.5018059810983,1.0974886296223059,21333.333333333332,306.4848484848485,47.443070640084485,Excellent service and quick response.,Positive,0.6666666666666666,Service Quality,1,0,0,0.0
2024-02,1086,Branch 1086,North,8746,557,4826141,3578965,604691,384342,26,66698,115,4.3,220349,36.439933784362594,74.15790379932953,1.3148868053967528,23257.346153846152,336.38461538461536,49.28531375502787,The ATM was not working properly.,Neutral,0.0,ATM Issue,0,0,1,0.0
2024-02,1087,Branch 1087,South,8645,814,5832857,3622909,630055,483633,29,76457,170,4.2,146422,23.23955845124632,62.11208332383256,1.9664545980335453,21726.03448275862,298.1034482758621,42.188035827799,The loan process was very slow.,Negative,-0.39000000000000007,Loan Process,0,1,0,100.0
2024-02,1088,Branch 1088,East,9056,491,5935105,4398113,618675,423383,29,90524,134,4.2,195292,31.566169636723647,74.10337306585141,1.4796819787985864,21333.620689655174,312.2758620689655,45.467893585575524,The mobile banking service was convenient.,Neutral,0.0,Digital Banking,0,0,1,0.0
2024-02,1089,Branch 1089,West,10863,666,7362270,4457868,860227,717927,35,75046,103,4.4,142300,16.54214527095755,60.550183571099666,0.9481726963085704,24577.914285714287,310.37142857142857,42.225766321712435,The account service was not satisfactory.,Neutral,0.0,Account Service,0,0,1,0.0
2024-02,1090,Branch 1090,Central,8382,424,4071484,2924439,504149,414998,28,63064,120,4.3,89151,17.683462627120157,71.82734845574734,1.4316392269148175,18005.321428571428,299.35714285714283,38.88331645718297,The staff was very helpful and friendly.,Positive,0.2875,Staff Service,1,0,0,0.0
2024-02,1091,Branch 1091,North,8749,400,4339073,2993511,456711,378589,25,82024,93,4.1,78122,17.105346707217475,68.98964364047345,1.0629786261287004,18268.44,349.96,40.15028981505557,The waiting time was too long.,Negative,-0.05,Waiting Time,0,1,0,100.0
2024-02,1092,Branch 1092,South,9910,833,5262437,2761789,711988,509425,32,80823,128,4.3,202563,28.450339050658158,52.481179347135175,1.2916246215943492,22249.625,309.6875,44.99826806774283,Excellent service and quick response.,Positive,0.6666666666666666,Service Quality,1,0,0,0.0
2024-02,1093,Branch 1093,East,8275,583,5127760,3069182,729837,481576,22,61584,133,4.2,248261,34.01595150698032,59.854244348409445,1.607250755287009,33174.40909090909,376.1363636363636,54.220998716757265,The ATM was not working properly.,Neutral,0.0,ATM Issue,0,0,1,0.0
2024-02,1094,Branch 1094,West,9446,581,6212359,4234095,633355,408838,31,85969,102,4.3,224517,35.44883990810841,68.1559935605782,1.0798221469405038,20430.8064516129,304.7096774193548,46.42096027232103,The loan process was very slow.,Negative,-0.39000000000000007,Loan Process,0,1,0,100.0
2024-02,1095,Branch 1095,Central,9119,533,6043451,3993182,694535,478228,25,80204,133,4.1,216307,31.144146803256856,66.07453258080524,1.458493255839456,27781.4,364.76,50.00161831518073,The mobile banking service was convenient.,Neutral,0.0,Digital Banking,0,0,1,0.0
2024-02,1096,Branch 1096,North,9672,800,5647158,3722119,759830,484583,29,72491,192,4.0,275247,36.22481344511272,65.91136638996112,1.9851116625310175,26201.03448275862,333.51724137931035,49.55120160787268,The account service was not satisfactory.,Neutral,0.0,Account Service,0,0,1,0.0
2024-02,1097,Branch 1097,South,8664,442,5846922,4087326,791833,515297,29,81450,116,4.3,276536,34.923525541370466,69.90560161397741,1.3388734995383196,27304.58620689655,298.7586206896552,49.1640366889849,The staff was very helpful and friendly.,Positive,0.2875,Staff Service,1,0,0,0.0
2024-02,1098,Branch 1098,East,7877,386,4437817,2441185,600167,397938,23,62514,144,4.2,202229,33.69545476509038,55.00869008343516,1.8281071473911388,26094.217391304348,342.4782608695652,49.561932353846515,The waiting time was too long.,Negative,-0.05,Waiting Time,0,1,0,100.0
2024-02,1099,Branch 1099,West,10794,487,5861039,3245638,765466,497704,29,99636,152,4.4,267762,34.980260390402705,55.37649553261802,1.4081897350379842,26395.379310344826,372.2068965517241,51.894617248938566,Excellent service and quick response.,Positive,0.6666666666666666,Service Quality,1,0,0,0.0
2024-02,1100,Branch 1100,Central,10758,977,7083279,4477147,774091,614683,30,67091,193,4.1,159408,20.592927704882243,63.207266013381656,1.7940137572039414,25803.033333333333,358.6,45.16313154862497,The ATM was not working properly.,Neutral,0.0,ATM Issue,0,0,1,0.0
2024-03,1001,Branch 1001,North,9624,908,5029661,3901765,584002,477995,29,89176,107,4.2,106007,18.151821397871927,77.57510893875352,1.1118038237738987,20138.0,331.86206896551727,40.97808661347605,The loan process was very slow.,Negative,-0.39000000000000007,Loan Process,0,1,0,100.0
2024-03,1002,Branch 1002,South,8337,740,4704807,3220238,529314,417186,25,79955,163,3.9,112128,21.18364524648885,68.44569819760939,1.9551397385150535,21172.56,333.48,41.676541504141014,The mobile banking service was convenient.,Neutral,0.0,Digital Banking,0,0,1,0.0
2024-03,1003,Branch 1003,East,9374,508,4854775,3299057,555372,397096,28,64245,144,3.8,158276,28.499096101351885,67.95488977347046,1.536163857478131,19834.714285714286,334.7857142857143,43.37295683225924,The account service was not satisfactory.,Neutral,0.0,Account Service,0,0,1,0.0
2024-03,1004,Branch 1004,West,8548,808,5480478,3628733,609211,497817,27,82257,77,4.5,111394,18.28496202465156,66.21198004991535,0.9007955077211043,22563.37037037037,316.5925925925926,42.450327969611756,The staff was very helpful and friendly.,Positive,0.2875,Staff Service,1,0,0,0.0
2024-03,1005,Branch 1005,Central,9326,531,5868428,4068391,679535,533039,29,92373,95,4.5,146496,21.55827146504595,69.32676007953067,1.0186575166202017,23432.241379310344,321.58620689655174,44.18721032040557,The waiting time was too long.,Negative,-0.05,Waiting Time,0,1,0,100.0
2024-03,1006,Branch 1006,North,10490,648,5384599,2896686,685433,446142,28,72027,113,4.1,239291,34.91092491899281,53.795760835672255,1.0772163965681603,24479.75,374.64285714285717,50.18458984585065,Excellent service and quick response.,Positive,0.6666666666666666,Service Quality,1,0,0,0.0
2024-03,1007,Branch 1007,South,7877,487,4595906,2751531,605820,457749,21,76220,105,4.1,148071,24.441418243042488,59.86917486998211,1.3329947949727055,28848.571428571428,375.0952380952381,48.54362022064596,The ATM was not working properly.,Neutral,0.0,ATM Issue,0,0,1,0.0
2024-03,1008,Branch 1008,East,8125,688,5600602,3362555,589786,380588,27,66760,60,4.3,209198,35.47015358112942,60.03917078914017,0.7384615384615384,21843.925925925927,300.9259259259259,46.93155557342813,The loan process was very slow.,Negative,-0.39000000000000007,Loan Process,0,1,0,100.0
2024-03,1009,Branch 1009,West,8460,518,5728725,4076277,729126,519211,24,72102,138,3.9,209915,28.789948513699965,71.15504758912323,1.6312056737588652,30380.25,352.5,49.298826276088526,The mobile banking service was convenient.,Neutral,0.0,Digital Banking,0,0,1,0.0
2024-03,1010,Branch 1010,Central,7726,681,4604961,3334856,504278,326749,26,70320,83,4.4,177529,35.204589531964515,72.41876749879098,1.0742945896971268,19395.30769230769,297.15384615384613,45.86908148012551,The account service was not satisfactory.,Neutral,0.0,Account Service,0,0,1,0.0
2024-03,1011,Branch 1011,North,10237,515,6508587,4360512,649751,426488,30,81940,138,4.1,223263,34.36131687369469,66.99629274372457,1.3480511868711538,21658.366666666665,341.23333333333335,47.41033233161952,The staff was very helpful and friendly.,Positive,0.2875,Staff Service,1,0,0,0.0
2024-03,1012,Branch 1012,South,7632,721,4094256,3033165,540208,423999,21,58091,135,4.5,116209,21.511899120338832,74.08342321535342,1.7688679245283019,25724.190476190477,363.42857142857144,46.83449894937773,The waiting time was too long.,Negative,-0.05,Waiting Time,0,1,0,100.0
2024-03,1013,Branch 1013,East,7522,577,4123545,2757404,538382,432716,22,45279,91,3.9,105666,19.62658484124655,66.86974435831306,1.209784631746876,24471.909090909092,341.90909090909093,42.97103088552674,Excellent service and quick response.,Positive,0.6666666666666666,Service Quality,1,0,0,0.0
2024-03,1014,Branch 1014,West,8958,446,4861343,3329125,537439,389357,30,70086,176,4.1,148082,27.553266510245816,68.48159037533456,1.9647242688100024,17914.633333333335,298.6,41.6669541106774,The ATM was not working properly.,Neutral,0.0,ATM Issue,0,0,1,0.0
2024-03,1015,Branch 1015,Central,9599,555,5152969,3897435,633764,440053,25,79430,182,4.2,193711,30.565163057541923,75.63474571649859,1.8960308365454734,25350.56,383.96,49.722168443222614,The loan process was very slow.,Negative,-0.39000000000000007,Loan Process,0,1,0,100.0
2024-03,1016,Branch 1016,North,7591,639,3783739,2578158,414286,327909,20,53307,62,4.4,86377,20.849606310616338,68.13783931714106,0.8167566855486761,20714.3,379.55,44.62318053418534,The mobile banking service was convenient.,Neutral,0.0,Digital Banking,0,0,1,0.0
2024-03,1017,Branch 1017,South,9420,517,4718293,3548634,588513,444662,27,72190,143,4.3,143851,24.443130398139036,75.21012366124783,1.5180467091295118,21796.777777777777,348.8888888888889,44.89730161454032,The account service was not satisfactory.,Neutral,0.0,Account Service,0,0,1,0.0
2024-03,1018,Branch 1018,East,9222,533,4601334,2550113,489995,315683,26,58189,133,4.3,174312,35.574240553475036,55.4211669920071,1.4422034265885926,18845.96153846154,354.6923076923077,47.661792174863976,The staff was very helpful and friendly.,Positive,0.2875,Staff Service,1,0,0,0.0
2024-03,1019,Branch 1019,West,8471,497,4627458,2919224,508910,325068,25,70533,123,4.4,183842,36.12465858403254,63.084829727249826,1.4520127493802386,20356.4,338.84,48.2375484947,The waiting time was too long.,Negative,-0.05,Waiting Time,0,1,0,100.0
2024-03,1020,Branch 1020,Central,7569,479,4851218,3357744,640778,415338,22,48603,100,4.4,225440,35.1822315997116,69.21445294769273,1.321178491214163,29126.272727272728,344.04545454545456,52.13481437609436,Excellent service and quick response.,Positive,0.6666666666666666,Service Quality,1,0,0,0.0
2024-03,1021,Branch 1021,North,9662,456,5356181,3012632,574432,466901,31,72523,106,4.4,107531,18.719535123391452,56.24589609649113,1.0970813496170566,18530.064516129034,311.6774193548387,40.26127898453481,The ATM was not working properly.,Neutral,0.0,ATM Issue,0,0,1,0.0
2024-03,1022,Branch 1022,South,8070,390,5112151,2794067,528961,356879,25,54848,70,4.2,172082,32.53207703403464,54.655408261610425,0.8674101610904585,21158.44,322.8,46.13076752833645,The loan process was very slow.,Negative,-0.39000000000000007,Loan Process,0,1,0,100.0
2024-03,1023,Branch 1023,East,8470,473,5105786,2776460,663451,517041,23,82389,119,4.2,146410,22.067944731411966,54.37869898973439,1.4049586776859504,28845.695652173912,368.2608695652174,47.74842126867957,The mobile banking service was convenient.,Neutral,0.0,Digital Banking,0,0,1,0.0
2024-03,1024,Branch 1024,West,7537,591,4379096,2673169,520986,389060,20,51361,88,3.9,131926,25.32236950705009,61.043854713392896,1.167573305028526,26049.3,376.85,47.03423999820363,The account service was not satisfactory.,Neutral,0.0,Account Service,0,0,1,0.0
2024-03,1025,Branch 1025,Central,8656,718,5438624,3262395,607998,413032,23,71446,126,4.2,194966,32.06688179895328,59.98566916926046,1.455637707948244,26434.695652173912,376.3478260869565,50.45243658306583,The staff was very helpful and friendly.,Positive,0.2875,Staff Service,1,0,0,0.0
2024-03,1026,Branch 1026,North,10065,838,5557862,3714572,570083,421792,32,97073,161,4.3,148291,26.01217717420095,66.83454896865018,1.5996025832091407,17815.09375,314.53125,42.29531487302511,The waiting time was too long.,Negative,-0.05,Waiting Time,0,1,0,100.0
2024-03,1027,Branch 1027,South,8772,793,4637202,3049570,556105,363594,28,72349,113,4.2,192511,34.617743052121455,65.76314769121552,1.288189694482444,19860.89285714286,313.2857142857143,45.8986284635354,Excellent service and quick response.,Positive,0.6666666666666666,Service Quality,1,0,0,0.0
2024-03,1028,Branch 1028,East,10418,814,6644080,4703063,744189,513754,33,100944,66,4.2,230435,30.9645802343222,70.78576717920313,0.6335189095795738,22551.18181818182,315.6969696969697,45.948111311520506,The ATM was not working properly.,Neutral,0.0,ATM Issue,0,0,1,0.0
2024-03,1029,Branch 1029,West,9977,558,6385851,4236724,664946,434577,30,89635,88,4.3,230369,34.644768146586344,66.34548786058429,0.8820286659316428,22164.866666666665,332.56666666666666,48.00838214781505,The loan process was very slow.,Negative,-0.39000000000000007,Loan Process,0,1,0,100.0
2024-03,1030,Branch 1030,Central,8455,545,4331417,2318622,567456,401175,23,55921,52,4.4,166281,29.302888682118084,53.53033429937594,0.6150206978119456,24672.0,367.60869565217394,48.93919248772554,The mobile banking service was convenient.,Neutral,0.0,Digital Banking,0,0,1,0.0
2024-03,1031,Branch 1031,North,10358,786,6982964,4105925,869701,601679,32,73636,201,4.1,268022,30.817717813363444,58.799171813000896,1.9405290596640277,27178.15625,323.6875,48.0288602323659,The account service was not satisfactory.,Neutral,0.0,Account Service,0,0,1,0.0
2024-03,1032,Branch 1032,South,10477,940,7182902,5106343,973319,681353,34,87987,168,4.1,291966,29.996948585201764,71.09025015237573,1.6035124558556837,28627.029411764706,308.1470588235294,47.80844205698646,The staff was very helpful and friendly.,Positive,0.2875,Staff Service,1,0,0,0.0
2024-03,1033,Branch 1033,East,8070,594,3967767,2913063,420384,266950,27,55472,53,4.5,153434,36.498534673060824,73.41819718748606,0.6567534076827757,15569.777777777777,298.8888888888889,44.93228462313072,The waiting time was too long.,Negative,-0.05,Waiting Time,0,1,0,100.0
2024-03,1034,Branch 1034,West,9612,892,6002823,3491572,722377,508801,31,59892,85,4.4,213576,29.56572537608479,58.165499799011236,0.8843112775697045,23302.483870967742,310.06451612903226,46.186589308344494,Excellent service and quick response.,Positive,0.6666666666666666,Service Quality,1,0,0,0.0
2024-03,1035,Branch 1035,Central,8228,757,5314581,3708362,769249,484112,22,75196,54,4.1,285137,37.06693151372312,69.77712824397634,0.6562955760816723,34965.86363636364,374.0,55.72912325248441,The ATM was not working properly.,Neutral,0.0,ATM Issue,0,0,1,0.0
2024-03,1036,Branch 1036,North,7741,411,4922549,2585317,601805,414544,22,74396,153,4.4,187261,31.1165576889524,52.519883499382125,1.9764888257331095,27354.772727272728,351.8636363636364,50.19949201956799,The loan process was very slow.,Negative,-0.39000000000000007,Loan Process,0,1,0,100.0
2024-03,1037,Branch 1037,South,10059,610,6332930,3729213,638476,515668,32,97558,91,4.4,122808,19.234552277611062,58.88606063859856,0.9046624913013221,19952.375,314.34375,41.19725610351812,The mobile banking service was convenient.,Neutral,0.0,Digital Banking,0,0,1,0.0
2024-03,1038,Branch 1038,East,9661,795,6441352,4202581,888883,715849,27,76871,161,4.2,173034,19.466453965257518,65.24377180442865,1.6664941517441259,32921.59259259259,357.81481481481484,48.30710836756376,The account service was not satisfactory.,Neutral,0.0,Account Service,0,0,1,0.0
2024-03,1039,Branch 1039,West,8661,456,5637857,3762646,635344,425262,26,72792,137,4.1,210082,33.06586668009771,66.73893999085114,1.5818034868952775,24436.30769230769,333.11538461538464,47.91982451712613,The staff was very helpful and friendly.,Positive,0.2875,Staff Service,1,0,0,0.0
2024-03,1040,Branch 1040,Central,9192,470,6251999,4143325,689101,445773,26,71521,107,4.3,243328,35.31093410109693,66.2720035623806,1.1640557006092254,26503.884615384617,353.53846153846155,51.0413301234476,The waiting time was too long.,Negative,-0.05,Waiting Time,0,1,0,100.0
2024-03,1041,Branch 1041,North,9438,549,6310424,4690236,678120,498299,26,60408,135,4.2,179821,26.517578009791777,74.32521174488433,1.4303877940241576,26081.53846153846,363.0,47.83405991767467,Excellent service and quick response.,Positive,0.6666666666666666,Service Quality,1,0,0,0.0
2024-03,1042,Branch 1042,South,8256,632,5236358,2802413,582649,403997,25,75356,89,4.5,178652,30.662028082087154,53.51836142601404,1.0780038759689923,23305.96,330.24,47.64876442184354,The ATM was not working properly.,Neutral,0.0,ATM Issue,0,0,1,0.0
2024-03,1043,Branch 1043,East,8236,376,4766844,3204325,598041,433587,23,72231,118,4.4,164454,27.49878352821964,67.22110058562856,1.4327343370568237,26001.782608695652,358.0869565217391,48.55168139794138,The loan process was very slow.,Negative,-0.39000000000000007,Loan Process,0,1,0,100.0
2024-03,1044,Branch 1044,West,9712,701,5711568,3103478,753394,485710,31,58694,164,4.1,267684,35.530413037534146,54.336707538105124,1.6886326194398682,24303.032258064515,313.2903225806452,47.95784267367758,The mobile banking service was convenient.,Neutral,0.0,Digital Banking,0,0,1,0.0
2024-03,1045,Branch 1045,Central,9971,771,6090017,3221210,710204,494971,27,76099,121,4.3,215233,30.305799460436724,52.893284205939,1.21351920569652,26303.85185185185,369.2962962962963,49.8044562297743,The account service was not satisfactory.,Neutral,0.0,Account Service,0,0,1,0.0
2024-03,1046,Branch 1046,North,10032,454,6730711,5132892,825764,513205,32,68767,66,4.5,312559,37.850887178419015,76.26076947888566,0.6578947368421052,25805.125,313.5,50.66776626049426,The staff was very helpful and friendly.,Positive,0.2875,Staff Service,1,0,0,0.0
2024-03,1047,Branch 1047,South,7483,437,4439955,3061840,513109,430167,21,55218,59,4.3,82942,16.164596606179195,68.96105929001533,0.7884538286783375,24433.761904761905,356.3333333333333,43.49723673965803,The waiting time was too long.,Negative,-0.05,Waiting Time,0,1,0,100.0
2024-03,1048,Branch 1048,East,10002,472,6179971,4750775,751042,617527,33,90227,104,4.1,133515,17.777301402584676,76.87374261141355,1.0397920415916817,22758.848484848484,303.09090909090907,40.64250716493239,Excellent service and quick response.,Positive,0.6666666666666666,Service Quality,1,0,0,0.0
2024-03,1049,Branch 1049,West,8224,442,5519545,3163272,723553,502946,26,55738,159,4.3,220607,30.489404369825017,57.31037612701771,1.9333657587548638,27828.96153846154,316.3076923076923,48.528601506621115,The ATM was not working properly.,Neutral,0.0,ATM Issue,0,0,1,0.0
2024-03,1050,Branch 1050,Central,8840,821,5118150,3766516,713901,457288,26,53830,139,4.2,256613,35.94518007398785,73.59135625177066,1.5723981900452488,27457.73076923077,340.0,50.87996411402062,The loan process was very slow.,Negative,-0.39000000000000007,Loan Process,0,1,0,100.0
2024-03,1051,Branch 1051,North,9351,624,6307900,3555442,794162,511194,30,59198,115,4.1,282968,35.63101734910509,56.36490749694827,1.2298149930488718,26472.066666666666,311.7,48.92772674372788,The mobile banking service was convenient.,Neutral,0.0,Digital Banking,0,0,1,0.0
2024-03,1052,Branch 1052,South,8272,478,4280062,2704260,490340,334247,22,58536,71,4.1,156093,31.83362564750989,63.18272959597314,0.8583172147001935,22288.18181818182,376.0,48.15353741715112,The account service was not satisfactory.,Neutral,0.0,Account Service,0,0,1,0.0
2024-03,1053,Branch 1053,East,8528,706,4347263,2524640,510801,419289,23,59995,66,4.5,91512,17.91539170831694,58.07424119497716,0.773921200750469,22208.739130434784,370.7826086956522,44.244779720665804,The staff was very helpful and friendly.,Positive,0.2875,Staff Service,1,0,0,0.0
2024-03,1054,Branch 1054,West,9644,608,6167184,4763904,700950,527620,27,59079,97,4.4,173330,24.72786932020829,77.2460169827915,1.00580671920365,25961.11111111111,357.18518518518516,47.52846373736599,The waiting time was too long.,Negative,-0.05,Waiting Time,0,1,0,100.0
2024-03,1055,Branch 1055,Central,8201,589,4738026,3175058,492679,337983,24,54680,62,4.5,154696,31.398943328211676,67.01225362629923,0.7560053651993659,20528.291666666668,341.7083333333333,47.07291944424459,Excellent service and quick response.,Positive,0.6666666666666666,Service Quality,1,0,0,0.0
2024-03,1056,Branch 1056,North,10743,821,5882204,4189465,730986,607183,31,92789,213,3.9,123803,16.936439275170798,71.22270835897565,1.9826864004468026,23580.1935483871,346.5483870967742,41.79868975973358,The ATM was not working properly.,Neutral,0.0,ATM Issue,0,0,1,0.0
2024-03,1057,Branch 1057,South,10024,834,6615634,5093643,917578,571860,31,75291,120,4.1,345718,37.67723288919307,76.99402657402148,1.1971268954509178,29599.290322580644,323.35483870967744,51.528541539622076,The loan process was very slow.,Negative,-0.39000000000000007,Loan Process,0,1,0,100.0
2024-03,1058,Branch 1058,East,7942,531,5048303,3313477,655929,432983,23,57768,49,4.4,222946,33.98934945702965,65.63546205526887,0.6169730546461848,28518.652173913044,345.30434782608694,51.48679216518902,The mobile banking service was convenient.,Neutral,0.0,Digital Banking,0,0,1,0.0
2024-03,1059,Branch 1059,West,7853,623,5305424,3465644,603877,458639,25,53481,105,4.0,145238,24.050924277626073,65.32265847178283,1.337068636189991,24155.08,314.12,43.604036920597345,The account service was not satisfactory.,Neutral,0.0,Account Service,0,0,1,0.0
2024-03,1060,Branch 1060,Central,9315,577,4780550,2876683,577351,409410,26,81300,90,4.3,167941,29.088197647531572,60.174728849191,0.966183574879227,22205.80769230769,358.2692307692308,47.07207823083284,The staff was very helpful and friendly.,Positive,0.2875,Staff Service,1,0,0,0.0
2024-03,1061,Branch 1061,North,10106,715,4999092,2849729,672902,455783,28,100342,111,4.4,217119,32.26606548947692,57.00493209566857,1.098357411438749,24032.214285714286,360.92857142857144,49.425324115074645,The waiting time was too long.,Negative,-0.05,Waiting Time,0,1,0,100.0
2024-03,1062,Branch 1062,South,9852,734,6290427,3714149,812791,601768,33,67401,130,4.0,211023,25.962762875081047,59.04446550289829,1.319529029638652,24630.030303030304,298.54545454545456,43.89154291469079,Excellent service and quick response.,Positive,0.6666666666666666,Service Quality,1,0,0,0.0
2024-03,1063,Branch 1063,East,9160,793,4730551,2729108,575080,398311,27,61398,149,4.1,176769,30.738158169298185,57.69112308481612,1.6266375545851526,21299.25925925926,339.25925925925924,45.90132980945556,The ATM was not working properly.,Neutral,0.0,ATM Issue,0,0,1,0.0
2024-03,1064,Branch 1064,West,8324,772,4195105,2455966,538445,393369,23,60447,129,4.4,145076,26.943513265050285,58.54361213843276,1.549735703988467,23410.652173913044,361.9130434782609,47.31494931946101,The loan process was very slow.,Negative,-0.39000000000000007,Loan Process,0,1,0,100.0
2024-03,1065,Branch 1065,Central,8161,544,4754588,2858630,549312,455954,23,77688,89,4.4,93358,16.99544157054643,60.123611130974965,1.0905526283543683,23883.130434782608,354.82608695652175,43.77717306151937,The mobile banking service was convenient.,Neutral,0.0,Digital Banking,0,0,1,0.0
2024-03,1066,Branch 1066,North,9412,802,5406855,3163950,695393,480477,25,60163,150,4.5,214916,30.905689300870154,58.51738210105505,1.5937101572460688,27815.72,376.48,51.58520412325912,The account service was not satisfactory.,Neutral,0.0,Account Service,0,0,1,0.0
2024-03,1067,Branch 1067,South,8673,442,5515757,3897236,702852,572900,25,69341,141,4.3,129952,18.489240978186018,70.6564121660907,1.6257350397786234,28114.08,346.92,45.6382074099914,The staff was very helpful and friendly.,Positive,0.2875,Staff Service,1,0,0,0.0
2024-03,1068,Branch 1068,East,8827,638,4959775,2746949,576891,374288,26,74801,131,4.1,202603,35.11980599454663,55.384548694245204,1.4840829273818963,22188.115384615383,339.5,47.85229354464917,The waiting time was too long.,Negative,-0.05,Waiting Time,0,1,0,100.0
2024-03,1069,Branch 1069,West,9699,799,6282978,3543281,718198,569598,29,65578,150,4.3,148600,20.690673045594668,56.394929283534026,1.546551190844417,24765.44827586207,334.44827586206895,44.39095523779511,Excellent service and quick response.,Positive,0.6666666666666666,Service Quality,1,0,0,0.0
2024-03,1070,Branch 1070,Central,10015,786,6196321,3352037,776027,592650,29,78604,102,4.2,183377,23.630234515036204,54.097213491683206,1.018472291562656,26759.55172413793,345.3448275862069,46.45497206001796,The ATM was not working properly.,Neutral,0.0,ATM Issue,0,0,1,0.0
2024-03,1071,Branch 1071,North,7960,531,4667258,2846075,611991,389841,24,62290,94,4.3,222150,36.29955342480527,60.97959444281847,1.1809045226130652,25499.625,331.6666666666667,50.084051533886864,The loan process was very slow.,Negative,-0.39000000000000007,Loan Process,0,1,0,100.0
2024-03,1072,Branch 1072,South,7456,610,4074890,2139368,407755,316036,23,52583,139,4.2,91719,22.49365427769126,52.50124543239204,1.8642703862660943,17728.478260869564,324.17391304347825,41.095360910449934,The mobile banking service was convenient.,Neutral,0.0,Digital Banking,0,0,1,0.0
2024-03,1073,Branch 1073,East,8752,589,5188657,3027530,561861,443676,25,73240,159,4.0,118185,21.034561929018032,58.34901015811992,1.81672760511883,22474.44,350.08,43.16131502259422,The account service was not satisfactory.,Neutral,0.0,Account Service,0,0,1,0.0
2024-03,1074,Branch 1074,West,9323,699,4858188,3434151,529867,371660,27,56675,161,4.1,158207,29.857869993790892,70.68789845102742,1.726911938217312,19624.703703703704,345.2962962962963,45.05681996903832,The staff was very helpful and friendly.,Positive,0.2875,Staff Service,1,0,0,0.0
2024-03,1075,Branch 1075,Central,10121,764,6250446,3259369,779569,633169,28,90782,155,4.1,146400,18.779607706309513,52.146182848391945,1.5314692224088529,27841.75,361.4642857142857,45.574835143185304,The waiting time was too long.,Negative,-0.05,Waiting Time,0,1,0,100.0
2024-03,1076,Branch 1076,North,8698,573,4764342,3553917,530418,331106,23,61444,167,4.2,199312,37.576402007473355,74.59407825886555,1.919981604966659,23061.652173913044,378.17391304347825,50.902355262365546,Excellent service and quick response.,Positive,0.6666666666666666,Service Quality,1,0,0,0.0
2024-03,1077,Branch 1077,South,7983,657,5118061,3570396,643262,427278,23,76956,136,4.4,215984,33.57636546228442,69.76071602116505,1.7036201929099337,27967.91304347826,347.0869565217391,51.158017414076994,The ATM was not working properly.,Neutral,0.0,ATM Issue,0,0,1,0.0
2024-03,1078,Branch 1078,East,9622,802,6045171,3857773,792247,596448,26,70351,87,4.2,195799,24.71438831576516,63.81577957017262,0.904177925587196,30471.03846153846,370.0769230769231,49.49087905499963,The loan process was very slow.,Negative,-0.39000000000000007,Loan Process,0,1,0,100.0
2024-03,1079,Branch 1079,West,9487,458,4973141,3780433,570807,404150,30,92114,147,4.4,166657,29.196733747133447,76.01700816445783,1.5494887741119427,19026.9,316.23333333333335,44.33184894343542,The mobile banking service was convenient.,Neutral,0.0,Digital Banking,0,0,1,0.0
2024-03,1080,Branch 1080,Central,8920,665,5653299,4111202,770535,614841,25,85793,57,4.3,155694,20.205960793474663,72.72217514056837,0.6390134529147982,30821.4,356.8,47.86255892839529,The account service was not satisfactory.,Neutral,0.0,Account Service,0,0,1,0.0
2024-03,1081,Branch 1081,North,8337,464,5523678,3428684,612624,512493,27,53072,157,4.1,100131,16.344609417848467,62.07248141546267,1.883171404581984,22689.777777777777,308.77777777777777,40.32832866589469,The staff was very helpful and friendly.,Positive,0.2875,Staff Service,1,0,0,0.0
2024-03,1082,Branch 1082,South,7752,431,3996072,3025776,479336,352171,25,51789,121,3.9,127165,26.52940734682978,75.7187558182135,1.5608875128998967,19173.44,310.08,41.72862933482812,The waiting time was too long.,Negative,-0.05,Waiting Time,0,1,0,100.0
2024-03,1083,Branch 1083,East,9296,663,4731896,3510373,556811,460331,25,81147,68,3.9,96480,17.32724389424778,74.18533712490722,0.7314974182444062,22272.44,371.84,42.30889184940615,Excellent service and quick response.,Positive,0.6666666666666666,Service Quality,1,0,0,0.0
2024-03,1084,Branch 1084,West,9175,848,5286741,2973677,539286,349970,27,64124,144,4.1,189316,35.104935043743026,56.24782829346094,1.5694822888283377,19973.555555555555,339.81481481481484,46.84239877155442,The ATM was not working properly.,Neutral,0.0,ATM Issue,0,0,1,0.0
2024-03,1085,Branch 1085,Central,9781,505,6669816,5136049,951047,631087,30,70583,88,4.5,319960,33.64292195864137,77.00435814121408,0.8997035067988959,31701.566666666666,326.03333333333336,52.38492761329492,The loan process was very slow.,Negative,-0.39000000000000007,Loan Process,0,1,0,100.0
2024-03,1086,Branch 1086,North,9377,528,6173970,3212722,685914,560493,30,59908,70,4.1,125421,18.285236924745668,52.03656642322525,0.7465074117521595,22863.8,312.56666666666666,41.23334455034807,The mobile banking service was convenient.,Neutral,0.0,Digital Banking,0,0,1,0.0
2024-03,1087,Branch 1087,South,8609,801,4345618,2764390,524459,433198,27,67991,120,4.4,91261,17.40097891350897,63.613276638673725,1.3938901149959346,19424.40740740741,318.85185185185185,40.48667788270703,The account service was not satisfactory.,Neutral,0.0,Account Service,0,0,1,0.0
2024-03,1088,Branch 1088,East,8821,516,4358424,2680121,435875,344682,27,57028,123,4.1,91193,20.921823917407515,61.49289284383529,1.3943997279220042,16143.518518518518,326.7037037037037,39.614899780715376,The staff was very helpful and friendly.,Positive,0.2875,Staff Service,1,0,0,0.0
2024-03,1089,Branch 1089,West,10829,521,5705862,3582901,809856,652435,36,76207,112,4.1,157421,19.438147028607556,62.793334293749126,1.0342598577892694,22496.0,300.80555555555554,41.01511724783721,The waiting time was too long.,Negative,-0.05,Waiting Time,0,1,0,100.0
2024-03,1090,Branch 1090,Central,9208,716,4853824,2570830,495351,331573,29,84828,180,4.0,163778,33.06301995958422,52.96504364393929,1.954821894005213,17081.068965517243,317.51724137931035,43.64106134651566,Excellent service and quick response.,Positive,0.6666666666666666,Service Quality,1,0,0,0.0
2024-03,1091,Branch 1091,North,9636,890,6656994,4507475,716736,483361,29,83756,63,4.2,233375,32.56080341994821,67.71036596998586,0.6537982565379826,24715.03448275862,332.2758620689655,48.13870291753802,The ATM was not working properly.,Neutral,0.0,ATM Issue,0,0,1,0.0
2024-03,1092,Branch 1092,South,9386,479,5556535,2914499,699729,580528,29,87809,126,4.2,119201,17.035309384061545,52.45173475916196,1.3424248881312595,24128.58620689655,323.6551724137931,42.103566541606355,The loan process was very slow.,Negative,-0.39000000000000007,Loan Process,0,1,0,100.0
2024-03,1093,Branch 1093,East,8429,657,5647533,4029178,802380,514169,28,59204,81,4.1,288211,35.91951444452753,71.34403641377571,0.9609680863684897,28656.428571428572,301.0357142857143,49.621010695679665,The mobile banking service was convenient.,Neutral,0.0,Digital Banking,0,0,1,0.0
2024-03,1094,Branch 1094,West,9266,447,5274945,4097495,626138,485388,27,83757,102,4.1,140750,22.47907010914527,77.67844024914004,1.100798618605655,23190.296296296296,343.18518518518516,44.030086984748934,The account service was not satisfactory.,Neutral,0.0,Account Service,0,0,1,0.0
2024-03,1095,Branch 1095,Central,9494,586,4946557,3426049,610991,485747,31,63869,150,4.1,125244,20.49850161459007,69.26128618350097,1.5799452285654096,19709.387096774193,306.258064516129,40.31672503398011,The staff was very helpful and friendly.,Positive,0.2875,Staff Service,1,0,0,0.0
2024-03,1096,Branch 1096,North,10741,507,6926724,5101168,805386,576125,30,107048,122,4.2,229261,28.465977804431663,73.64474172783555,1.1358346522670142,26846.2,358.03333333333336,48.67584768862949,The waiting time was too long.,Negative,-0.05,Waiting Time,0,1,0,100.0
2024-03,1097,Branch 1097,South,8124,599,5447968,3956260,705505,585494,25,62657,79,4.2,120011,17.010651944351917,72.61900216741361,0.9724273756770063,28220.2,324.96,44.02383877786663,Excellent service and quick response.,Positive,0.6666666666666666,Service Quality,1,0,0,0.0
2024-03,1098,Branch 1098,East,7671,416,3921032,2652520,498012,407366,24,54476,69,4.3,90646,18.201569440093813,67.64851702306943,0.899491591709034,20750.5,319.625,41.105528865189356,The ATM was not working properly.,Neutral,0.0,ATM Issue,0,0,1,0.0
2024-03,1099,Branch 1099,West,10119,641,6129874,3841291,742194,530249,27,70462,191,4.0,211945,28.556549904741885,62.66508903771921,1.8875382942978556,27488.666666666668,374.77777777777777,49.047293816032635,The loan process was very slow.,Negative,-0.39000000000000007,Loan Process,0,1,0,100.0
2024-03,1100,Branch 1100,Central,10651,635,6234120,3761856,647865,543941,29,94549,159,4.3,103924,16.040996195194985,60.34301553386845,1.4928175758144775,22340.172413793105,367.2758620689655,42.91405862726995,The mobile banking service was convenient.,Neutral,0.0,Digital Banking,0,0,1,0.0
2024-04,1001,Branch 1001,North,10328,718,5416994,3457909,674575,528491,33,63747,126,4.2,146084,21.655709150205684,63.83446243433166,1.2199845081332301,20441.666666666668,312.969696969697,41.616409604315386,The account service was not satisfactory.,Neutral,0.0,Account Service,0,0,1,0.0
2024-04,1002,Branch 1002,South,9021,451,5695392,3116985,589160,382864,25,77573,75,4.3,206296,35.015275986149774,54.72819079002815,0.8313934153641502,23566.4,360.84,49.87025927911759,The staff was very helpful and friendly.,Positive,0.2875,Staff Service,1,0,0,0.0
2024-04,1003,Branch 1003,East,9417,594,6308147,4803726,809535,505022,31,92221,170,4.0,304513,37.61579178170184,76.15114232436245,1.8052458320059466,26114.032258064515,303.7741935483871,48.8528172807784,The waiting time was too long.,Negative,-0.05,Waiting Time,0,1,0,100.0
2024-04,1004,Branch 1004,West,9560,795,6461431,3425545,809535,506649,26,59112,61,4.5,302886,37.41481220700773,53.01526859916944,0.6380753138075314,31135.96153846154,367.6923076923077,55.04950442578308,Excellent service and quick response.,Positive,0.6666666666666666,Service Quality,1,0,0,0.0
2024-04,1005,Branch 1005,Central,9552,825,6526449,4843463,742496,595626,30,84979,176,3.9,146870,19.780577942507435,74.21283763958012,1.8425460636515913,24749.866666666665,318.4,42.247316008442965,The ATM was not working properly.,Neutral,0.0,ATM Issue,0,0,1,0.0
2024-04,1006,Branch 1006,North,10939,888,6418189,4252371,822326,671931,31,74268,109,4.3,150395,18.288975418507988,66.2549980999313,0.9964347746594753,26526.645161290322,352.8709677419355,45.06839267696812,The loan process was very slow.,Negative,-0.39000000000000007,Loan Process,0,1,0,100.0
2024-04,1007,Branch 1007,South,8341,534,5079500,3405115,535987,422355,26,65080,62,4.4,113632,21.200514191575543,67.03642090756964,0.7433161491427887,20614.884615384617,320.8076923076923,42.438432419755344,The mobile banking service was convenient.,Neutral,0.0,Digital Banking,0,0,1,0.0
2024-04,1008,Branch 1008,East,7642,635,4381088,3231598,496597,342642,26,72782,138,4.1,153955,31.001999609341173,73.76245352752558,1.805809997382884,19099.884615384617,293.9230769230769,43.23812855552797,The account service was not satisfactory.,Neutral,0.0,Account Service,0,0,1,0.0
2024-04,1009,Branch 1009,West,8284,380,5474868,3583898,649118,451528,24,72669,158,4.3,197590,30.439765959347913,65.46090243636924,1.9072911636890393,27046.583333333332,345.1666666666667,49.26323801044094,The staff was very helpful and friendly.,Positive,0.2875,Staff Service,1,0,0,0.0
2024-04,1010,Branch 1010,Central,8297,573,4893816,3669460,672561,473388,28,62609,128,4.1,199173,29.614116786432753,74.9815685755247,1.542726286609618,24020.035714285714,296.32142857142856,45.10380070230816,The waiting time was too long.,Negative,-0.05,Waiting Time,0,1,0,100.0
2024-04,1011,Branch 1011,North,10757,659,6091010,4645764,815976,577355,29,89757,156,4.2,238621,29.24362971459945,76.27247369483878,1.450218462396579,28137.103448275862,370.9310344827586,50.03737869627504,Excellent service and quick response.,Positive,0.6666666666666666,Service Quality,1,0,0,0.0
2024-04,1012,Branch 1012,South,8199,532,4690431,3548760,518396,428063,22,60246,106,4.2,90333,17.42548167809937,75.65957158308053,1.2928405903158922,23563.454545454544,372.6818181818182,43.868457528703736,The ATM was not working properly.,Neutral,0.0,ATM Issue,0,0,1,0.0
2024-04,1013,Branch 1013,East,8289,668,5179779,2760196,518280,402032,27,80853,159,4.0,116248,22.429574747240874,53.28791054599048,1.9182048498009412,19195.555555555555,307.0,40.48524439441247,The loan process was very slow.,Negative,-0.39000000000000007,Loan Process,0,1,0,100.0
2024-04,1014,Branch 1014,West,8542,418,4878673,3136958,614451,495005,23,80821,93,4.4,119446,19.439467101526404,64.29941092588088,1.0887380004682745,26715.260869565216,371.39130434782606,46.570807752383416,The mobile banking service was convenient.,Neutral,0.0,Digital Banking,0,0,1,0.0
2024-04,1015,Branch 1015,Central,9745,518,6266924,3875851,612948,403929,26,83292,88,4.2,209019,34.10060886078428,61.846146530578636,0.9030271934325296,23574.923076923078,374.8076923076923,49.79187628294498,The account service was not satisfactory.,Neutral,0.0,Account Service,0,0,1,0.0
2024-04,1016,Branch 1016,North,8407,525,4957698,3454304,564895,470972,25,56785,62,4.4,93923,16.6266297276485,69.67556313434179,0.7374806708695135,22595.8,336.28,42.34288101879693,The staff was very helpful and friendly.,Positive,0.2875,Staff Service,1,0,0,0.0
2024-04,1017,Branch 1017,South,10001,930,6748423,3945244,791878,636185,29,84764,115,4.3,155693,19.661235695397522,58.46171764870104,1.1498850114988501,27306.137931034482,344.86206896551727,45.598197781312855,The waiting time was too long.,Negative,-0.05,Waiting Time,0,1,0,100.0
2024-04,1018,Branch 1018,East,8347,382,4223204,2345376,555839,436092,23,71652,112,4.3,119747,21.543468522359895,55.53546549018233,1.3417994489037977,24166.91304347826,362.9130434782609,45.51067560803962,Excellent service and quick response.,Positive,0.6666666666666666,Service Quality,1,0,0,0.0
2024-04,1019,Branch 1019,West,8166,464,4235649,2307099,573310,369348,22,69031,81,4.3,203962,35.57621531108824,54.468606817987045,0.9919177075679648,26059.545454545456,371.1818181818182,51.60953235203303,The ATM was not working properly.,Neutral,0.0,ATM Issue,0,0,1,0.0
2024-04,1020,Branch 1020,Central,7998,464,5363880,4160473,564022,373288,24,61439,103,3.9,190734,33.81676601267326,77.56461740381962,1.2878219554888721,23500.916666666668,333.25,47.15833923808572,The loan process was very slow.,Negative,-0.39000000000000007,Loan Process,0,1,0,100.0
2024-04,1021,Branch 1021,North,10407,494,5146098,2979312,604124,436373,32,81316,164,4.4,167751,27.767643728770913,57.89458343000853,1.5758624003074855,18878.875,325.21875,44.10969259852863,The mobile banking service was convenient.,Neutral,0.0,Digital Banking,0,0,1,0.0
2024-04,1022,Branch 1022,South,8051,584,4806527,2555053,491357,380173,25,48476,87,4.1,111184,22.62794668642148,53.15798704553204,1.080611104210657,19654.28,322.04,41.64442448030902,The account service was not satisfactory.,Neutral,0.0,Account Service,0,0,1,0.0
2024-04,1023,Branch 1023,East,8119,563,4699248,3541044,626670,461958,26,65021,57,4.1,164712,26.283689980372444,75.35341824904751,0.7020569035595516,24102.69230769231,312.2692307692308,44.59018583268546,The staff was very helpful and friendly.,Positive,0.2875,Staff Service,1,0,0,0.0
2024-04,1024,Branch 1024,West,7683,571,4806266,2840065,631237,451805,23,56235,153,4.2,179432,28.42545668267228,59.09088261032577,1.9914096056228034,27445.08695652174,334.04347826086956,48.01289491477106,The waiting time was too long.,Negative,-0.05,Waiting Time,0,1,0,100.0
2024-04,1025,Branch 1025,Central,8464,570,5286508,2854054,634003,481392,23,53722,163,4.0,152611,24.071021745953882,53.9875093350847,1.9258034026465027,27565.347826086956,368.0,47.25158326860043,Excellent service and quick response.,Positive,0.6666666666666666,Service Quality,1,0,0,0.0
2024-04,1026,Branch 1026,North,9471,773,5670795,3896535,791863,630516,30,94436,139,4.0,161347,20.375620530319008,68.71232340439039,1.4676380530039068,26395.433333333334,315.7,43.40717495829345,The ATM was not working properly.,Neutral,0.0,ATM Issue,0,0,1,0.0
2024-04,1027,Branch 1027,South,9439,563,5878516,4438842,614169,407495,27,67924,142,4.4,206674,33.65099834084756,75.50956738061102,1.5043966521877319,22747.0,349.5925925925926,48.883445309159086,The loan process was very slow.,Negative,-0.39000000000000007,Loan Process,0,1,0,100.0
2024-04,1028,Branch 1028,East,10515,968,6013224,4082163,644386,413815,29,72074,113,4.4,230571,35.78150363291567,67.88642831200035,1.0746552543984784,22220.206896551725,362.58620689655174,49.887575311504904,The mobile banking service was convenient.,Neutral,0.0,Digital Banking,0,0,1,0.0
2024-04,1029,Branch 1029,West,10093,654,6400926,4750999,729245,465989,28,69859,103,4.3,263256,36.099801849858416,74.22362014496028,1.02050926384623,26044.464285714286,360.4642857142857,51.37317600218114,The account service was not satisfactory.,Neutral,0.0,Account Service,0,0,1,0.0
2024-04,1030,Branch 1030,Central,9023,618,4615985,3444251,606094,417555,29,78527,134,4.1,188539,31.107220992123334,74.61573207018654,1.4850936495622298,20899.793103448275,311.13793103448273,44.764253270768506,The staff was very helpful and friendly.,Positive,0.2875,Staff Service,1,0,0,0.0
2024-04,1031,Branch 1031,North,10343,703,5338705,2868036,567273,450286,28,101281,195,4.1,116987,20.62269841857448,53.72156730892604,1.8853330755100068,20259.75,369.39285714285717,43.04394786608417,The waiting time was too long.,Negative,-0.05,Waiting Time,0,1,0,100.0
2024-04,1032,Branch 1032,South,10621,790,5543905,3210971,748736,484190,35,93069,73,4.3,264546,35.33234678177622,57.91893980867277,0.6873175783824499,21392.457142857143,303.45714285714286,46.773498443289824,Excellent service and quick response.,Positive,0.6666666666666666,Service Quality,1,0,0,0.0
2024-04,1033,Branch 1033,East,7405,615,4076996,2971656,534422,372723,23,45282,67,4.0,161699,30.256800805356065,72.88837173252071,0.9047940580688724,23235.739130434784,321.95652173913044,45.655731117509205,The ATM was not working properly.,Neutral,0.0,ATM Issue,0,0,1,0.0
2024-04,1034,Branch 1034,West,9987,866,6321361,4675379,851474,605753,29,62527,143,4.2,245721,28.858309237862812,73.96158833517022,1.4318614198457995,29361.172413793105,344.37931034482756,49.442150805261775,The loan process was very slow.,Negative,-0.39000000000000007,Loan Process,0,1,0,100.0
2024-04,1035,Branch 1035,Central,7934,645,4299946,2904429,528104,368793,23,75697,71,4.2,159311,30.166595973520366,67.54570871355129,0.8948827829594151,22961.043478260868,344.95652173913044,46.983666644963535,The mobile banking service was convenient.,Neutral,0.0,Digital Banking,0,0,1,0.0
2024-04,1036,Branch 1036,North,8008,502,5475282,4180673,621647,418907,22,57173,98,4.1,202740,32.613364176132116,76.35539137527529,1.2237762237762237,28256.68181818182,364.0,50.70480499012925,The account service was not satisfactory.,Neutral,0.0,Account Service,0,0,1,0.0
2024-04,1037,Branch 1037,South,10119,605,6574903,4625190,830082,563758,29,77345,111,4.1,266324,32.0840591652391,70.34613286310079,1.0969463385710052,28623.51724137931,348.9310344827586,50.10773768008956,The staff was very helpful and friendly.,Positive,0.2875,Staff Service,1,0,0,0.0
2024-04,1038,Branch 1038,East,8900,578,5119806,2802823,677174,442316,28,88569,124,4.5,234858,34.682075803264745,54.74471103006637,1.3932584269662922,24184.785714285714,317.85714285714283,48.982480960868116,The waiting time was too long.,Negative,-0.05,Waiting Time,0,1,0,100.0
2024-04,1039,Branch 1039,West,8059,514,4868150,3553861,517799,372046,26,52454,66,4.2,145753,28.148567301211475,73.00229039778972,0.8189601687554288,19915.346153846152,309.96153846153845,43.53141906509708,Excellent service and quick response.,Positive,0.6666666666666666,Service Quality,1,0,0,0.0
2024-04,1040,Branch 1040,Central,9121,709,5088580,3337162,689443,539326,28,62339,106,4.1,150117,21.773663667627346,65.58139991903438,1.1621532726674706,24622.964285714286,325.75,43.76964657177398,The ATM was not working properly.,Neutral,0.0,ATM Issue,0,0,1,0.0
2024-04,1041,Branch 1041,North,9892,872,6524417,4850200,872961,623322,31,90926,141,4.1,249639,28.59681016677721,74.33920915845815,1.4253942579862515,28160.032258064515,319.0967741935484,47.52560003024381,The loan process was very slow.,Negative,-0.39000000000000007,Loan Process,0,1,0,100.0
2024-04,1042,Branch 1042,South,8254,402,4696002,3643895,519253,404191,23,65307,162,4.2,115062,22.159140149406937,77.5956867139324,1.9626847589047733,22576.217391304348,358.8695652173913,44.54009757339876,The mobile banking service was convenient.,Neutral,0.0,Digital Banking,0,0,1,0.0
2024-04,1043,Branch 1043,East,8521,762,4832799,2983476,517998,390023,24,79964,143,4.5,127975,24.705693844377777,61.73391444585219,1.6782067832414034,21583.25,355.0416666666667,45.728075449982995,The account service was not satisfactory.,Neutral,0.0,Account Service,0,0,1,0.0
2024-04,1044,Branch 1044,West,9929,811,5626340,3613448,761794,584467,29,63004,147,4.5,177327,23.277552724227284,64.22377602491139,1.480511632591399,26268.758620689656,342.37931034482756,46.891996838901925,The staff was very helpful and friendly.,Positive,0.2875,Staff Service,1,0,0,0.0
2024-04,1045,Branch 1045,Central,10683,808,6619918,4603946,893682,679527,32,79344,156,4.2,214155,23.963221817156438,69.5468735413339,1.4602639707947207,27927.5625,333.84375,46.66495000588823,The waiting time was too long.,Negative,-0.05,Waiting Time,0,1,0,100.0
2024-04,1046,Branch 1046,North,10052,634,5854651,4342526,731899,458003,28,62787,126,4.1,273896,37.42264984649522,74.17224357182009,1.2534818941504178,26139.25,359.0,51.22331004297904,Excellent service and quick response.,Positive,0.6666666666666666,Service Quality,1,0,0,0.0
2024-04,1047,Branch 1047,South,7683,416,3837341,2372949,470679,333310,25,72109,99,4.3,137369,29.18528338846645,61.83836672320755,1.2885591565794612,18827.16,307.32,43.592915955508495,The ATM was not working properly.,Neutral,0.0,ATM Issue,0,0,1,0.0
2024-04,1048,Branch 1048,East,10229,658,5188590,2847933,563366,411855,29,63757,86,4.4,151511,26.89388425996599,54.88838008013738,0.8407468960797733,19426.41379310345,352.7241379310345,45.11439538877792,The loan process was very slow.,Negative,-0.39000000000000007,Loan Process,0,1,0,100.0
2024-04,1049,Branch 1049,West,8260,541,4071518,3159226,524053,334268,23,66512,63,4.4,189785,36.214848498148086,77.59332023093107,0.7627118644067797,22784.91304347826,359.1304347826087,50.165462811323984,The mobile banking service was convenient.,Neutral,0.0,Digital Banking,0,0,1,0.0
2024-04,1050,Branch 1050,Central,9417,883,5455126,3715008,627949,432089,25,84205,156,4.1,195860,31.190431070039125,68.1012317588998,1.6565785281936922,25117.96,376.68,49.25389206425823,The account service was not satisfactory.,Neutral,0.0,Account Service,0,0,1,0.0
2024-04,1051,Branch 1051,North,9802,643,5632930,3491606,704533,487684,27,71938,104,4.1,216849,30.779111837202798,61.98560962057047,1.0610079575596816,26093.814814814814,363.037037037037,49.03265956885874,The staff was very helpful and friendly.,Positive,0.2875,Staff Service,1,0,0,0.0
2024-04,1052,Branch 1052,South,9122,824,5341254,3454605,597545,493342,28,67267,63,4.4,104203,17.438519274698976,64.677789148391,0.6906380179785134,21340.89285714286,325.7857142857143,41.64676260514697,The waiting time was too long.,Negative,-0.05,Waiting Time,0,1,0,100.0
2024-04,1053,Branch 1053,East,8242,432,4595407,3108061,485773,341580,22,78396,56,4.2,144193,29.683205941869968,67.63407463147443,0.6794467362290706,22080.590909090908,374.6363636363636,47.55306753001612,Excellent service and quick response.,Positive,0.6666666666666666,Service Quality,1,0,0,0.0
2024-04,1054,Branch 1054,West,9277,706,5632061,2929015,745026,545650,26,89267,182,3.8,199376,26.76094525560182,52.00609510443868,1.9618411124285868,28654.846153846152,356.8076923076923,47.66232943441827,The ATM was not working properly.,Neutral,0.0,ATM Issue,0,0,1,0.0
2024-04,1055,Branch 1055,Central,8804,461,4711743,3344483,671136,472560,26,69371,85,4.2,198576,29.58804176798741,70.9818638240668,0.9654702407996365,25812.923076923078,338.61538461538464,47.846438769944,The loan process was very slow.,Negative,-0.39000000000000007,Loan Process,0,1,0,100.0
2024-04,1056,Branch 1056,North,10411,921,5859960,4405015,701162,450735,32,89830,100,4.1,250427,35.71599715900177,75.17141755233824,0.9605225242531937,21911.3125,325.34375,47.38876908097571,The mobile banking service was convenient.,Neutral,0.0,Digital Banking,0,0,1,0.0
2024-04,1057,Branch 1057,South,10216,777,6062616,3781703,785957,654664,33,92113,93,4.5,131293,16.704857899350728,62.377412654867136,0.9103367267032105,23816.878787878788,309.57575757575756,42.20264938041422,The account service was not satisfactory.,Neutral,0.0,Account Service,0,0,1,0.0
2024-04,1058,Branch 1058,East,8307,737,4753475,3045778,576865,369561,26,65761,145,4.1,207304,35.93631092196615,64.07476635514018,1.7455158300228721,22187.115384615383,319.5,47.367495160615604,The staff was very helpful and friendly.,Positive,0.2875,Staff Service,1,0,0,0.0
2024-04,1059,Branch 1059,West,7964,615,5260058,2821479,708331,556731,23,76286,69,4.2,151600,21.402423443277225,53.63969370679943,0.8663987945755902,30797.0,346.2608695652174,47.56430000137339,The waiting time was too long.,Negative,-0.05,Waiting Time,0,1,0,100.0
2024-04,1060,Branch 1060,Central,9917,539,6529440,3776678,863292,626573,26,75619,73,4.1,236719,27.42050198542324,57.84076429219045,0.736109710597963,33203.53846153846,381.4230769230769,51.82953520904995,Excellent service and quick response.,Positive,0.6666666666666666,Service Quality,1,0,0,0.0
2024-04,1061,Branch 1061,North,11084,658,5514501,3388226,594410,475184,33,100604,139,4.1,119226,20.05787251223903,61.44211416409209,1.2540599061710573,18012.424242424244,335.8787878787879,40.52391625011431,The ATM was not working properly.,Neutral,0.0,ATM Issue,0,0,1,0.0
2024-04,1062,Branch 1062,South,9980,791,6749284,4973433,990994,710901,26,62267,72,4.5,280093,28.263844180691304,73.68830530764448,0.7214428857715431,38115.153846153844,383.84615384615387,55.67316901701152,The loan process was very slow.,Negative,-0.39000000000000007,Loan Process,0,1,0,100.0
2024-04,1063,Branch 1063,East,8708,747,5016795,3458923,596110,393078,26,80226,71,4.4,203032,34.059485665397325,68.94686747216102,0.8153422140560405,22927.30769230769,334.9230769230769,48.544342497520404,The mobile banking service was convenient.,Neutral,0.0,Digital Banking,0,0,1,0.0
2024-04,1064,Branch 1064,West,7901,537,3965754,2335002,506829,425501,23,64899,84,4.2,81328,16.046437753167243,58.87914378955427,1.063156562460448,22036.043478260868,343.5217391304348,41.56165132558881,The account service was not satisfactory.,Neutral,0.0,Account Service,0,0,1,0.0
2024-04,1065,Branch 1065,Central,8582,473,5817890,4336897,714923,520250,27,51762,117,4.3,194673,27.22992546050414,74.54415604282653,1.3633185737590305,26478.62962962963,317.85185185185185,46.82723992297315,The staff was very helpful and friendly.,Positive,0.2875,Staff Service,1,0,0,0.0
2024-04,1066,Branch 1066,North,9260,448,5036692,3125487,530203,372436,30,70106,94,4.5,157767,29.755961395918167,62.054360282502884,1.0151187904967602,17673.433333333334,308.6666666666667,43.91477570164231,The waiting time was too long.,Negative,-0.05,Waiting Time,0,1,0,100.0
2024-04,1067,Branch 1067,South,9039,766,4666496,3393779,516162,345276,27,61085,121,4.3,170886,33.107047787322585,72.72649542611845,1.3386436552716008,19117.11111111111,334.77777777777777,46.15594779836374,Excellent service and quick response.,Positive,0.6666666666666666,Service Quality,1,0,0,0.0
2024-04,1068,Branch 1068,East,8643,566,5659744,4377069,781548,540389,27,71494,80,4.3,241159,30.856582065336998,77.33687248045142,0.9256045354622237,28946.222222222223,320.1111111111111,49.31655610082082,The ATM was not working properly.,Neutral,0.0,ATM Issue,0,0,1,0.0
2024-04,1069,Branch 1069,West,9712,680,6276250,3294662,747550,582568,27,73922,158,4.2,164982,22.0696943348271,52.49411670981876,1.6268533772652387,27687.037037037036,359.7037037037037,46.88753660121219,The loan process was very slow.,Negative,-0.39000000000000007,Loan Process,0,1,0,100.0
2024-04,1070,Branch 1070,Central,10352,672,7010865,4426785,886614,619867,34,91290,128,4.2,266747,30.086035185548614,63.14178065046182,1.2364760432766615,26076.882352941175,304.47058823529414,46.82716037681516,The mobile banking service was convenient.,Neutral,0.0,Digital Banking,0,0,1,0.0
2024-04,1071,Branch 1071,North,8408,512,5491627,3200619,610594,402979,24,69820,135,4.2,207615,34.00213562530913,58.28179881845581,1.6056137012369174,25441.416666666668,350.3333333333333,49.672003922906995,The account service was not satisfactory.,Neutral,0.0,Account Service,0,0,1,0.0
2024-04,1072,Branch 1072,South,7595,633,5218486,3648482,554218,462365,21,73124,82,4.4,91853,16.57344221948764,69.91456909149511,1.0796576695194207,26391.333333333332,361.6666666666667,45.04451322144986,The staff was very helpful and friendly.,Positive,0.2875,Staff Service,1,0,0,0.0
2024-04,1073,Branch 1073,East,8828,765,5118403,3261280,709059,461797,30,54210,106,4.2,247262,34.87185128458986,63.71674915007669,1.2007249660172181,23635.3,294.26666666666665,46.98823664945356,The waiting time was too long.,Negative,-0.05,Waiting Time,0,1,0,100.0
2024-04,1074,Branch 1074,West,9573,804,4815516,3390027,654399,418967,31,75851,148,4.5,235432,35.9768275929517,70.39800096189069,1.5460148333855637,21109.645161290322,308.80645161290323,47.67519339258553,Excellent service and quick response.,Positive,0.6666666666666666,Service Quality,1,0,0,0.0
2024-04,1075,Branch 1075,Central,9679,803,4930038,3555426,522975,400592,28,76234,104,3.9,122383,23.401309814044648,72.11761856602322,1.0744911664428143,18677.678571428572,345.67857142857144,41.77691841265069,The ATM was not working properly.,Neutral,0.0,ATM Issue,0,0,1,0.0
2024-04,1076,Branch 1076,North,8770,397,5828331,3578828,618838,388196,28,52969,73,4.3,230642,37.270174100491566,61.403993699053814,0.8323831242873432,22101.35714285714,313.2142857142857,48.15293504837148,The loan process was very slow.,Negative,-0.39000000000000007,Loan Process,0,1,0,100.0
2024-04,1077,Branch 1077,South,8656,798,4861075,3127545,655627,409788,24,68591,168,4.2,245839,37.49677789352788,64.33854651491697,1.9408502772643252,27317.791666666668,360.6666666666667,52.154556994080195,The mobile banking service was convenient.,Neutral,0.0,Digital Banking,0,0,1,0.0
2024-04,1078,Branch 1078,East,10083,869,5291222,3725802,546397,424177,28,90484,67,4.6,122220,22.36835121715529,70.41477375169669,0.6644847763562431,19514.178571428572,360.10714285714283,44.455044398805775,The account service was not satisfactory.,Neutral,0.0,Account Service,0,0,1,0.0
2024-04,1079,Branch 1079,West,9667,767,5489182,3012115,594543,390063,29,69256,114,4.3,204480,34.392802539093054,54.87365877101542,1.1792696803558498,20501.48275862069,333.3448275862069,47.18641743149017,The staff was very helpful and friendly.,Positive,0.2875,Staff Service,1,0,0,0.0
2024-04,1080,Branch 1080,Central,9531,530,6582441,4662594,851009,643835,31,86557,166,4.2,207174,24.34451339527549,70.83381377820174,1.741685027804008,27451.90322580645,307.4516129032258,45.56375344907061,The waiting time was too long.,Negative,-0.05,Waiting Time,0,1,0,100.0
2024-04,1081,Branch 1081,North,9154,651,5678759,3209531,724336,579897,24,82502,142,4.1,144439,19.94088378873893,56.51817589019009,1.551234433034739,30180.666666666668,381.4166666666667,47.823474531565694,Excellent service and quick response.,Positive,0.6666666666666666,Service Quality,1,0,0,0.0
2024-04,1082,Branch 1082,South,7707,404,5201490,2857603,606650,412847,25,62283,59,4.5,193803,31.946427099645597,54.93816194974901,0.7655378227585312,24266.0,308.28,47.6935178152497,The ATM was not working properly.,Neutral,0.0,ATM Issue,0,0,1,0.0
2024-04,1083,Branch 1083,East,9451,456,5750181,3545828,707693,501590,30,83831,63,4.4,206103,29.123221509892,61.66463281764521,0.6665961273939266,23589.766666666666,315.03333333333336,46.35494673197697,The loan process was very slow.,Negative,-0.39000000000000007,Loan Process,0,1,0,100.0
2024-04,1084,Branch 1084,West,10076,908,5535610,4093037,666103,438473,34,66642,158,4.5,227630,34.17339360429243,73.94012583979001,1.5680825724493845,19591.264705882353,296.3529411764706,45.867296816646686,The mobile banking service was convenient.,Neutral,0.0,Digital Banking,0,0,1,0.0
2024-04,1085,Branch 1085,Central,9841,777,5850199,3713763,724520,606176,29,87564,137,4.2,118344,16.334124661845085,63.48096876704537,1.3921349456356062,24983.44827586207,339.3448275862069,42.854803338809674,The account service was not satisfactory.,Neutral,0.0,Account Service,0,0,1,0.0
2024-04,1086,Branch 1086,North,9448,477,6575263,3881137,736406,505047,28,57432,125,4.0,231359,31.417315991450366,59.02633856622922,1.3230313293818798,26300.214285714286,337.42857142857144,48.06472465562111,The staff was very helpful and friendly.,Positive,0.2875,Staff Service,1,0,0,0.0
2024-04,1087,Branch 1087,South,8396,419,5179758,3265291,680813,522908,28,59404,166,4.2,157905,23.193593541838947,63.03945087782093,1.9771319676036208,24314.75,299.85714285714283,43.428080730546064,The waiting time was too long.,Negative,-0.05,Waiting Time,0,1,0,100.0
2024-04,1088,Branch 1088,East,8647,820,4772157,3713469,552266,396809,25,67078,61,4.3,155457,28.148935476744903,77.81531496134767,0.7054469758297676,22090.64,345.88,46.21340016427571,Excellent service and quick response.,Positive,0.6666666666666666,Service Quality,1,0,0,0.0
2024-04,1089,Branch 1089,West,10206,930,6011726,4110877,640167,463469,29,65691,65,4.2,176698,27.601860139619816,68.38097744308374,0.6368802665098962,22074.724137931036,351.9310344827586,45.947615961323145,The ATM was not working properly.,Neutral,0.0,ATM Issue,0,0,1,0.0
2024-04,1090,Branch 1090,Central,9537,587,5552315,4081421,789109,530539,31,83778,104,4.1,258570,32.767336324893016,73.5084554820827,1.0904896718045507,25455.129032258064,307.64516129032256,47.30237805213313,The loan process was very slow.,Negative,-0.39000000000000007,Loan Process,0,1,0,100.0
2024-04,1091,Branch 1091,North,9031,845,5648498,3100427,631379,442265,26,66499,93,4.3,189114,29.952532472571942,54.88940599784225,1.0297862916620528,24283.80769230769,347.34615384615387,47.90810450211295,The mobile banking service was convenient.,Neutral,0.0,Digital Banking,0,0,1,0.0
2024-04,1092,Branch 1092,South,10489,780,6524737,3547814,779533,495387,29,97541,140,4.3,284146,36.45079810604554,54.37482001190239,1.334731623605682,26880.44827586207,361.6896551724138,51.927049433670526,The account service was not satisfactory.,Neutral,0.0,Account Service,0,0,1,0.0
2024-04,1093,Branch 1093,East,8292,637,4599030,2957623,544643,447261,28,59099,137,4.2,97382,17.879969080663848,64.3097131351611,1.6521948866377232,19451.535714285714,296.14285714285717,39.192352403412144,The staff was very helpful and friendly.,Positive,0.2875,Staff Service,1,0,0,0.0
2024-04,1094,Branch 1094,West,9069,408,5577882,3651234,593350,483650,25,86192,148,4.2,109700,18.488244712227182,65.45914739680761,1.631932958429816,23734.0,362.76,43.936682777639355,The waiting time was too long.,Negative,-0.05,Waiting Time,0,1,0,100.0
2024-04,1095,Branch 1095,Central,9177,665,4598896,3107424,671502,536434,25,73028,65,4.5,135068,20.114310903020392,67.56891219109977,0.7082924703062002,26860.08,367.08,47.00748637550816,Excellent service and quick response.,Positive,0.6666666666666666,Service Quality,1,0,0,0.0
2024-04,1096,Branch 1096,North,10913,957,7389764,4906501,948609,765671,31,77669,154,4.6,182938,19.28486868667702,66.39590926043105,1.4111610006414368,30600.290322580644,352.03225806451616,48.15506877523033,The ATM was not working properly.,Neutral,0.0,ATM Issue,0,0,1,0.0
2024-04,1097,Branch 1097,South,8372,430,5387163,4048746,598958,434177,23,54456,115,4.1,164781,27.511277919319888,75.15543895738814,1.3736263736263736,26041.652173913044,364.0,47.90204694925025,The loan process was very slow.,Negative,-0.39000000000000007,Loan Process,0,1,0,100.0
2024-04,1098,Branch 1098,East,8218,525,5400920,3874217,623659,389596,24,59876,96,4.5,234063,37.530605667520234,71.7325381601653,1.1681674373326842,25985.791666666668,342.4166666666667,51.75207991164274,The mobile banking service was convenient.,Neutral,0.0,Digital Banking,0,0,1,0.0
2024-04,1099,Branch 1099,West,10763,744,6075015,3729878,669128,513943,31,93220,161,4.3,155185,23.192124675697325,61.397017126706686,1.4958654650190468,21584.774193548386,347.19354838709677,44.29682801519217,The account service was not satisfactory.,Neutral,0.0,Account Service,0,0,1,0.0
2024-04,1100,Branch 1100,Central,11123,1001,5637814,3076154,675740,559609,31,74875,89,4.5,116131,17.18575191641756,54.562885543936005,0.8001438460846894,21798.064516129034,358.80645161290323,43.33969361700109,The staff was very helpful and friendly.,Positive,0.2875,Staff Service,1,0,0,0.0
2024-05,1001,Branch 1001,North,9787,826,6726929,5067644,869134,666086,30,68572,58,4.2,203048,23.362105268002402,75.33369238771512,0.5926228670685603,28971.133333333335,326.23333333333335,46.64066817676353,The waiting time was too long.,Negative,-0.05,Waiting Time,0,1,0,100.0
2024-05,1002,Branch 1002,South,8564,481,4490075,3038082,478485,347065,23,79298,143,4.2,131420,27.46585577395321,67.66216599945434,1.6697804764128914,20803.695652173912,372.3478260869565,46.10258828470968,Excellent service and quick response.,Positive,0.6666666666666666,Service Quality,1,0,0,0.0
2024-05,1003,Branch 1003,East,9477,875,6045461,4689756,617936,455006,32,78984,179,4.2,162930,26.366808213148285,77.57482845394256,1.888783370264852,19310.5,296.15625,42.09850544588329,The ATM was not working properly.,Neutral,0.0,ATM Issue,0,0,1,0.0
2024-05,1004,Branch 1004,West,9697,577,5155327,3471096,599804,476065,27,90470,173,4.2,123739,20.62990576921794,67.3302779823666,1.78405692482211,22214.962962962964,359.14814814814815,43.84972311855345,The loan process was very slow.,Negative,-0.39000000000000007,Loan Process,0,1,0,100.0
2024-05,1005,Branch 1005,Central,10202,523,6694188,3533884,787010,513273,33,80212,200,4.2,273737,34.78189603689915,52.79033095574847,1.9603999215840031,23848.78787878788,309.1515151515151,47.627927951192724,The mobile banking service was convenient.,Neutral,0.0,Digital Banking,0,0,1,0.0
2024-05,1006,Branch 1006,North,10076,840,6271618,4154671,649045,513117,33,96049,182,4.2,135928,20.942769761726847,66.24560041762749,1.8062723302897976,19668.030303030304,305.3333333333333,40.717622457704806,The account service was not satisfactory.,Neutral,0.0,Account Service,0,0,1,0.0
2024-05,1007,Branch 1007,South,7893,479,5254713,3731838,715576,557724,23,52930,82,4.2,157852,22.05943184232003,71.01887391376084,1.0388952236158622,31112.0,343.17391304347825,47.82001903870182,The staff was very helpful and friendly.,Positive,0.2875,Staff Service,1,0,0,0.0
2024-05,1008,Branch 1008,East,8002,415,5223611,3565197,610235,496666,23,79085,149,3.9,113569,18.610699156882184,68.25157922364433,1.8620344913771556,26531.956521739132,347.9130434782609,43.79252585913743,The waiting time was too long.,Negative,-0.05,Waiting Time,0,1,0,100.0
2024-05,1009,Branch 1009,West,8064,590,4713491,3227415,485568,342324,22,62060,67,4.3,143244,29.5002965599051,68.47186087763825,0.8308531746031746,22071.272727272728,366.54545454545456,47.473223904723184,Excellent service and quick response.,Positive,0.6666666666666666,Service Quality,1,0,0,0.0
2024-05,1010,Branch 1010,Central,8099,425,5606811,3630283,638530,421327,22,79765,55,4.4,217203,34.01609947848966,64.74773271294502,0.6790961847141622,29024.090909090908,368.1363636363636,52.60739116978921,The ATM was not working properly.,Neutral,0.0,ATM Issue,0,0,1,0.0
2024-05,1011,Branch 1011,North,10585,956,5953827,3560712,650111,471010,31,101801,74,4.2,179101,27.549295428011522,59.805432707399795,0.6991025035427492,20971.322580645163,341.4516129032258,45.01907449623549,The loan process was very slow.,Negative,-0.39000000000000007,Loan Process,0,1,0,100.0
2024-05,1012,Branch 1012,South,7726,645,3962276,2130970,512573,324669,26,62907,60,4.2,187904,36.65897345353735,53.78146297733929,0.7765984985762361,19714.346153846152,297.15384615384613,45.92460192872589,The mobile banking service was convenient.,Neutral,0.0,Digital Banking,0,0,1,0.0
2024-05,1013,Branch 1013,East,7984,481,4039053,2898219,545814,400653,23,51382,128,4.1,145161,26.59532368169376,71.75491383747627,1.6032064128256511,23731.043478260868,347.1304347826087,45.870974052933576,The account service was not satisfactory.,Neutral,0.0,Account Service,0,0,1,0.0
2024-05,1014,Branch 1014,West,9217,587,4597866,2805207,504191,419779,31,70162,56,4.3,84412,16.742067986140174,61.01106469827524,0.6075729630031463,16264.225806451614,297.3225806451613,37.67606420249826,The staff was very helpful and friendly.,Positive,0.2875,Staff Service,1,0,0,0.0
2024-05,1015,Branch 1015,Central,9881,450,5541943,3533186,581264,451898,33,85556,105,4.3,129366,22.255980071017646,63.75356079988552,1.0626454812265964,17614.060606060608,299.42424242424244,40.306634409981754,The waiting time was too long.,Negative,-0.05,Waiting Time,0,1,0,100.0
2024-05,1016,Branch 1016,North,8444,743,5270875,3772208,755966,470730,25,67059,98,4.4,285236,37.73132654114074,71.5670168615268,1.1605873993368072,30238.64,337.76,53.29571308412516,Excellent service and quick response.,Positive,0.6666666666666666,Service Quality,1,0,0,0.0
2024-05,1017,Branch 1017,South,9988,830,5413478,3872974,744806,462768,30,91254,142,4.4,282038,37.86731041371847,71.54317427723915,1.421706047256708,24826.866666666665,332.93333333333334,50.67264441631798,The ATM was not working properly.,Neutral,0.0,ATM Issue,0,0,1,0.0
2024-05,1018,Branch 1018,East,8911,456,4428771,3130755,575605,474739,25,55318,106,4.2,100866,17.523475299901843,70.6912820735143,1.1895410167209068,23024.2,356.44,43.02975313456974,The loan process was very slow.,Negative,-0.39000000000000007,Loan Process,0,1,0,100.0
2024-05,1019,Branch 1019,West,8917,429,5527593,2919603,607897,469706,29,71148,139,4.4,138191,22.732633982401623,52.81870427146138,1.5588202310194013,20961.96551724138,307.48275862068965,42.620948866049474,The mobile banking service was convenient.,Neutral,0.0,Digital Banking,0,0,1,0.0
2024-05,1020,Branch 1020,Central,8082,493,4237075,2244871,597309,471456,27,68346,148,4.1,125853,21.069998945269532,52.98162057551495,1.8312298935906954,22122.555555555555,299.3333333333333,41.35810981800491,The account service was not satisfactory.,Neutral,0.0,Account Service,0,0,1,0.0
2024-05,1021,Branch 1021,North,9685,597,5719466,3576765,722089,542898,27,77297,128,4.3,179191,24.81563906942219,62.53669485927532,1.3216313887454827,26744.037037037036,358.7037037037037,47.67713429183502,The staff was very helpful and friendly.,Positive,0.2875,Staff Service,1,0,0,0.0
2024-05,1022,Branch 1022,South,7956,405,4481255,2588141,587197,378210,23,67728,73,4.2,208987,35.59061098745395,57.75482537815857,0.9175465057818,25530.304347826088,345.9130434782609,50.09857616940732,The waiting time was too long.,Negative,-0.05,Waiting Time,0,1,0,100.0
2024-05,1023,Branch 1023,East,8884,747,6027011,4466576,824364,635754,28,60457,163,4.4,188610,22.87945616256896,74.10930559111307,1.8347591175146332,29441.571428571428,317.2857142857143,46.943206790352676,Excellent service and quick response.,Positive,0.6666666666666666,Service Quality,1,0,0,0.0
2024-05,1024,Branch 1024,West,7823,439,4807315,2557869,662558,462877,22,75708,153,4.1,199681,30.13788981492941,53.20785095214272,1.9557714431803657,30116.272727272728,355.59090909090907,50.36841884657405,The ATM was not working properly.,Neutral,0.0,ATM Issue,0,0,1,0.0
2024-05,1025,Branch 1025,Central,8636,600,5238565,3050686,666469,516819,23,59081,163,4.2,149650,22.454157657745522,58.23514645709273,1.887447892542844,28976.91304347826,375.4782608695652,48.22175549144081,The loan process was very slow.,Negative,-0.39000000000000007,Loan Process,0,1,0,100.0
2024-05,1026,Branch 1026,North,10289,879,7085580,4403557,886671,658764,29,84942,113,4.3,227907,25.70367137303464,62.14815159803432,1.0982602779667605,30574.862068965518,354.7931034482759,49.59628292201932,The mobile banking service was convenient.,Neutral,0.0,Digital Banking,0,0,1,0.0
2024-05,1027,Branch 1027,South,9282,634,5581490,4056024,651742,511580,29,87420,165,4.4,140162,21.505749207508494,72.66919765152315,1.777634130575307,22473.862068965518,320.0689655172414,43.37036638226859,The account service was not satisfactory.,Neutral,0.0,Account Service,0,0,1,0.0
2024-05,1028,Branch 1028,East,10953,925,6523628,5004704,876702,578289,32,98824,109,4.1,298413,34.038133824264115,76.71657550062633,0.9951611430658267,27396.9375,342.28125,49.97242613135287,The staff was very helpful and friendly.,Positive,0.2875,Staff Service,1,0,0,0.0
2024-05,1029,Branch 1029,West,10595,827,6275858,4854645,902919,723667,32,68923,127,4.2,179252,19.85250061190428,77.35428366926084,1.1986786219915053,28216.21875,331.09375,45.25284276446213,The waiting time was too long.,Negative,-0.05,Waiting Time,0,1,0,100.0
2024-05,1030,Branch 1030,Central,9140,678,6263982,4495334,682978,442168,29,90796,167,3.8,240810,35.25882239252216,71.76479753613596,1.8271334792122538,23550.96551724138,315.17241379310343,46.6899469499583,Excellent service and quick response.,Positive,0.6666666666666666,Service Quality,1,0,0,0.0
2024-05,1031,Branch 1031,North,10888,537,6780140,4283465,809083,567602,33,101636,190,3.9,241481,29.846258047691027,63.17664532000814,1.7450404114621603,24517.666666666668,329.93939393939394,46.10802330287795,The ATM was not working properly.,Neutral,0.0,ATM Issue,0,0,1,0.0
2024-05,1032,Branch 1032,South,9893,664,6408140,3340379,727931,580477,32,90390,113,4.2,147454,20.25659025374658,52.1271226908276,1.1422217729707873,22747.84375,309.15625,42.038756245631916,The loan process was very slow.,Negative,-0.39000000000000007,Loan Process,0,1,0,100.0
2024-05,1033,Branch 1033,East,7811,623,4326551,3124334,548381,375028,24,73365,141,4.3,173353,31.611780860387213,72.21303990176008,1.805146588144924,22849.208333333332,325.4583333333333,46.98733909644548,The mobile banking service was convenient.,Neutral,0.0,Digital Banking,0,0,1,0.0
2024-05,1034,Branch 1034,West,9210,430,5354994,3420778,695592,516869,27,73938,175,4.3,178723,25.693653751049467,63.880146270938866,1.9001085776330078,25762.666666666668,341.1111111111111,46.8564277418501,The account service was not satisfactory.,Neutral,0.0,Account Service,0,0,1,0.0
2024-05,1035,Branch 1035,Central,8317,575,4132066,3118846,433105,274951,24,57931,110,4.2,158154,36.51631821382805,75.47909447719373,1.3225922808705062,18046.041666666668,346.5416666666667,47.010390297025005,The staff was very helpful and friendly.,Positive,0.2875,Staff Service,1,0,0,0.0
2024-05,1036,Branch 1036,North,8079,581,4343700,2606285,591817,401761,21,77215,104,4.1,190056,32.11398117999314,60.001496420102676,1.2872880306968684,28181.761904761905,384.7142857142857,51.293241666465754,The waiting time was too long.,Negative,-0.05,Waiting Time,0,1,0,100.0
2024-05,1037,Branch 1037,South,10478,688,5963629,3355389,804813,553002,28,64198,114,4.4,251811,31.28813774131382,56.26421428965484,1.0879938919641154,28743.321428571428,374.2142857142857,51.75772487614501,Excellent service and quick response.,Positive,0.6666666666666666,Service Quality,1,0,0,0.0
2024-05,1038,Branch 1038,East,9733,812,5175678,3933747,663849,433331,28,92120,106,4.0,230518,34.724462942627014,76.00447709459515,1.089078393095654,23708.89285714286,347.60714285714283,48.424358391498764,The ATM was not working properly.,Neutral,0.0,ATM Issue,0,0,1,0.0
2024-05,1039,Branch 1039,West,8952,831,5123120,3066376,670428,428229,30,79748,139,4.5,242199,36.12602695591473,59.85368291197551,1.5527256478999105,22347.6,298.4,47.89510972776799,The loan process was very slow.,Negative,-0.39000000000000007,Loan Process,0,1,0,100.0
2024-05,1040,Branch 1040,Central,9733,521,5655202,3114366,665694,466812,27,85121,135,4.3,198882,29.875888921937104,55.07081798315958,1.387033802527484,24655.333333333332,360.48148148148147,48.55765102515616,The mobile banking service was convenient.,Neutral,0.0,Digital Banking,0,0,1,0.0
2024-05,1041,Branch 1041,North,10235,517,5865208,3945229,600261,485879,28,67601,95,4.5,114382,19.055377577420487,67.26494610250822,0.9281875915974597,21437.89285714286,365.5357142857143,44.087805899757754,The account service was not satisfactory.,Neutral,0.0,Account Service,0,0,1,0.0
2024-05,1042,Branch 1042,South,8679,636,5647669,4025274,764387,537736,23,54333,86,4.7,226651,29.651341532495973,71.27319253306098,0.9908975688443369,33234.217391304344,377.3478260869565,54.267494453942675,The staff was very helpful and friendly.,Positive,0.2875,Staff Service,1,0,0,0.0
2024-05,1043,Branch 1043,East,8766,709,5703314,3581725,555423,366447,25,62520,79,4.5,188976,34.02379807822146,62.80076811481886,0.9012092174309834,22216.92,350.64,49.11087096365853,The waiting time was too long.,Negative,-0.05,Waiting Time,0,1,0,100.0
2024-05,1044,Branch 1044,West,10632,968,6922147,4039257,909252,664224,35,101845,211,4.1,245028,26.948304760396457,58.35266139248415,1.9845748683220465,25978.628571428573,303.77142857142854,45.3569199369687,Excellent service and quick response.,Positive,0.6666666666666666,Service Quality,1,0,0,0.0
2024-05,1045,Branch 1045,Central,10213,629,6958169,4269590,754504,535991,32,89668,199,4.0,218513,28.961145335213594,61.36082638981606,1.9484970136101047,23578.25,319.15625,45.25168840532571,The ATM was not working properly.,Neutral,0.0,ATM Issue,0,0,1,0.0
2024-05,1046,Branch 1046,North,9525,751,5666906,3541949,782192,589650,28,63676,161,4.4,192542,24.61569537913965,62.502342548120616,1.6902887139107612,27935.428571428572,340.17857142857144,47.74085480288026,The loan process was very slow.,Negative,-0.39000000000000007,Loan Process,0,1,0,100.0
2024-05,1047,Branch 1047,South,7682,706,4821895,3087861,545225,353348,21,73802,47,4.6,191877,35.19226007611537,64.03832932902935,0.6118198385837021,25963.095238095237,365.8095238095238,52.12399855208964,The mobile banking service was convenient.,Neutral,0.0,Digital Banking,0,0,1,0.0
2024-05,1048,Branch 1048,East,10750,588,5410012,4133275,610435,379393,36,101223,183,4.0,231042,37.84874720486211,76.40047748507767,1.7023255813953488,16956.527777777777,298.6111111111111,44.53088733220186,The account service was not satisfactory.,Neutral,0.0,Account Service,0,0,1,0.0
2024-05,1049,Branch 1049,West,8824,793,6124591,4184025,757537,573746,30,61996,74,4.2,183791,24.26165322617905,68.3151740254982,0.8386219401631914,25251.233333333334,294.1333333333333,44.01148681659584,The staff was very helpful and friendly.,Positive,0.2875,Staff Service,1,0,0,0.0
2024-05,1050,Branch 1050,Central,9217,773,4698005,3186785,627231,443553,28,56002,116,4.2,183678,29.28394801915084,67.83272899879843,1.2585439947922317,22401.10714285714,329.17857142857144,45.810103285969376,The waiting time was too long.,Negative,-0.05,Waiting Time,0,1,0,100.0
2024-05,1051,Branch 1051,North,9699,671,6557787,4169178,815604,623805,30,78618,100,4.3,191799,23.51619168125708,63.57598988805218,1.0310341272296113,27186.8,323.3,46.06237385546974,Excellent service and quick response.,Positive,0.6666666666666666,Service Quality,1,0,0,0.0
2024-05,1052,Branch 1052,South,8698,799,5238598,3014497,520642,415932,26,82035,76,4.4,104710,20.111708237137996,57.543965007431375,0.8737640836974018,20024.69230769231,334.53846153846155,42.31507856605956,The ATM was not working properly.,Neutral,0.0,ATM Issue,0,0,1,0.0
2024-05,1053,Branch 1053,East,8292,478,4261985,3218658,489657,348228,25,79822,142,4.1,141429,28.883279520153906,75.52016255336423,1.7124939700916546,19586.28,331.68,44.17376475724059,The loan process was very slow.,Negative,-0.39000000000000007,Loan Process,0,1,0,100.0
2024-05,1054,Branch 1054,West,9339,457,4779622,2705773,541123,394758,28,60221,152,4.2,146365,27.048379019187873,56.61060644544694,1.627583253024949,19325.821428571428,333.5357142857143,43.78341614221835,The mobile banking service was convenient.,Neutral,0.0,Digital Banking,0,0,1,0.0
2024-05,1055,Branch 1055,Central,8675,723,5193436,3063863,641258,442195,24,56851,66,4.3,199063,31.042575687164913,58.994912038966106,0.760806916426513,26719.083333333332,361.4583333333333,49.951173860982756,The account service was not satisfactory.,Neutral,0.0,Account Service,0,0,1,0.0
2024-05,1056,Branch 1056,North,11412,917,7665654,4442001,825182,663203,30,94425,119,4.2,161979,19.629487797843385,57.94679749438208,1.0427620049071153,27506.066666666666,380.4,46.74729941816899,The staff was very helpful and friendly.,Positive,0.2875,Staff Service,1,0,0,0.0
2024-05,1057,Branch 1057,South,11296,988,7510095,5397953,1094289,752065,37,69241,220,4.3,342224,31.27363977888839,71.87596162232302,1.9475920679886687,29575.37837837838,305.2972972972973,49.180984772338576,The waiting time was too long.,Negative,-0.05,Waiting Time,0,1,0,100.0
2024-05,1058,Branch 1058,East,8333,466,4752561,3178310,669431,449234,24,57911,139,4.0,220197,32.89315851820427,66.87573289432792,1.6680667226689065,27892.958333333332,347.2083333333333,49.68915334133659,Excellent service and quick response.,Positive,0.6666666666666666,Service Quality,1,0,0,0.0
2024-05,1059,Branch 1059,West,8207,541,5258137,4085681,662899,428372,22,76949,141,4.1,234527,35.37899438677687,77.70206443841231,1.718045570854149,30131.772727272728,373.04545454545456,52.88202345210181,The ATM was not working properly.,Neutral,0.0,ATM Issue,0,0,1,0.0
2024-05,1060,Branch 1060,Central,9935,632,5041809,3815907,681830,555041,28,66846,73,4.4,126789,18.59539767977355,75.68527486860371,0.7347760442878712,24351.071428571428,354.82142857142856,44.551832796291194,The loan process was very slow.,Negative,-0.39000000000000007,Loan Process,0,1,0,100.0
2024-05,1061,Branch 1061,North,11590,569,6753876,4547579,775896,527054,34,99132,123,4.2,248842,32.071566292389704,67.33287670664964,1.0612597066436584,22820.470588235294,340.88235294117646,47.42898328439794,The mobile banking service was convenient.,Neutral,0.0,Digital Banking,0,0,1,0.0
2024-05,1062,Branch 1062,South,9982,938,5254557,3634084,537863,403913,32,92977,80,4.4,133950,24.904111269970233,69.16061620418239,0.8014425966740133,16808.21875,311.9375,41.645312105051815,The account service was not satisfactory.,Neutral,0.0,Account Service,0,0,1,0.0
2024-05,1063,Branch 1063,East,9213,693,5575891,3348432,753764,613457,31,84495,146,4.4,140307,18.614181627140592,60.051962995689834,1.58471724736785,24314.967741935485,297.19354838709677,42.32282270569932,The staff was very helpful and friendly.,Positive,0.2875,Staff Service,1,0,0,0.0
2024-05,1064,Branch 1064,West,7945,552,3980091,2601634,520674,342991,22,50390,85,4.1,177683,34.125575696116954,65.3661938885317,1.0698552548772813,23667.0,361.1363636363636,49.016466249209365,The waiting time was too long.,Negative,-0.05,Waiting Time,0,1,0,100.0
2024-05,1065,Branch 1065,Central,8087,682,5181580,3551768,546455,447674,26,71568,77,4.1,98781,18.07669432981673,68.54604194087518,0.9521454185730185,21017.5,311.03846153846155,40.253783748231214,Excellent service and quick response.,Positive,0.6666666666666666,Service Quality,1,0,0,0.0
2024-05,1066,Branch 1066,North,9240,684,5612521,4350879,755732,572584,24,78392,117,4.1,183148,24.23451699808927,77.52093934258775,1.2662337662337664,31488.833333333332,385.0,50.06486821156979,The ATM was not working properly.,Neutral,0.0,ATM Issue,0,0,1,0.0
2024-05,1067,Branch 1067,South,9314,625,5832029,3809382,746034,589058,26,84639,79,4.4,156976,21.041400257897095,65.31829659969112,0.8481855271634099,28693.615384615383,358.2307692307692,47.53308623738057,The loan process was very slow.,Negative,-0.39000000000000007,Loan Process,0,1,0,100.0
2024-05,1068,Branch 1068,East,8958,818,5602574,3660757,779420,645993,30,62497,132,4.3,133427,17.118754971645583,65.3406273616377,1.4735432016075016,25980.666666666668,298.6,42.31838331562463,The mobile banking service was convenient.,Neutral,0.0,Digital Banking,0,0,1,0.0
2024-05,1069,Branch 1069,West,9184,662,5895867,4080570,818812,549510,28,70086,153,4.4,269302,32.88935677542586,69.21068606194815,1.6659407665505226,29243.285714285714,328.0,50.76819151002663,The account service was not satisfactory.,Neutral,0.0,Account Service,0,0,1,0.0
2024-05,1070,Branch 1070,Central,11085,764,6568976,4301825,780620,544507,37,106773,128,4.3,236113,30.24685506392355,65.48699523335144,1.1547135769057284,21097.837837837837,299.5945945945946,44.70957178536135,The staff was very helpful and friendly.,Positive,0.2875,Staff Service,1,0,0,0.0
2024-05,1071,Branch 1071,North,8370,563,4595683,3475251,509295,349221,24,67874,128,4.1,160074,31.430506877153714,75.61990241711624,1.5292712066905614,21220.625,348.75,46.47299558975644,The waiting time was too long.,Negative,-0.05,Waiting Time,0,1,0,100.0
2024-05,1072,Branch 1072,South,7847,396,4700594,3098567,542829,365352,23,57563,109,4.6,177477,32.69482654758681,65.91862645444384,1.3890658850516122,23601.260869565216,341.17391304347825,49.21684992471853,Excellent service and quick response.,Positive,0.6666666666666666,Service Quality,1,0,0,0.0
2024-05,1073,Branch 1073,East,8712,756,5300314,3247357,691977,489097,28,76399,103,4.0,202880,29.31889354703986,61.267256996472284,1.182277318640955,24713.464285714286,311.14285714285717,45.589570289374535,The ATM was not working properly.,Neutral,0.0,ATM Issue,0,0,1,0.0
2024-05,1074,Branch 1074,West,9839,688,6701433,3688167,813398,586191,32,72562,130,4.3,227207,27.933065977541126,55.03549763162595,1.321272487041366,25418.6875,307.46875,46.18685849303685,The loan process was very slow.,Negative,-0.39000000000000007,Loan Process,0,1,0,100.0
2024-05,1075,Branch 1075,Central,9332,597,4898407,3812240,561935,390247,28,69216,109,4.3,171688,30.55299990212391,77.82611775624197,1.1680240034290614,20069.10714285714,333.2857142857143,45.64168562735321,The mobile banking service was convenient.,Neutral,0.0,Digital Banking,0,0,1,0.0
2024-05,1076,Branch 1076,North,8888,541,5757564,4458910,821272,531379,28,83810,110,4.0,289893,35.298049854372245,77.4443844653746,1.2376237623762376,29331.14285714286,317.42857142857144,50.044512282267775,The account service was not satisfactory.,Neutral,0.0,Account Service,0,0,1,0.0
2024-05,1077,Branch 1077,South,8494,761,5702256,2977865,683959,454662,24,53057,133,4.4,229297,33.52496275361535,52.222576467980396,1.5658111608194019,28498.291666666668,353.9166666666667,51.64653252934366,The staff was very helpful and friendly.,Positive,0.2875,Staff Service,1,0,0,0.0
2024-05,1078,Branch 1078,East,10155,709,5497559,2871890,612163,443288,31,66110,77,4.3,168875,27.58660683510764,52.23936659888507,0.758247168882324,19747.1935483871,327.5806451612903,44.235963625191246,The waiting time was too long.,Negative,-0.05,Waiting Time,0,1,0,100.0
2024-05,1079,Branch 1079,West,8956,668,5492452,3430854,685559,510379,24,76115,170,4.1,175180,25.552869993683984,62.46488817744789,1.898168825368468,28564.958333333332,373.1666666666667,48.728146584259086,Excellent service and quick response.,Positive,0.6666666666666666,Service Quality,1,0,0,0.0
2024-05,1080,Branch 1080,Central,9402,517,6365041,3538114,888174,593094,27,76692,64,4.0,295080,33.22321977450364,55.58666472062003,0.6807062327164433,32895.333333333336,348.22222222222223,52.14054906493514,The ATM was not working properly.,Neutral,0.0,ATM Issue,0,0,1,0.0
2024-05,1081,Branch 1081,North,9337,795,6106604,4178573,667686,465907,29,86578,126,4.3,201779,30.2206426374074,68.42711595512007,1.3494698511299132,23023.655172413793,321.9655172413793,46.446044076611265,The loan process was very slow.,Negative,-0.39000000000000007,Loan Process,0,1,0,100.0
2024-05,1082,Branch 1082,South,8374,677,5165850,3831300,685903,439107,24,54395,139,4.3,246796,35.981181012475524,74.16591654809955,1.6598996895151659,28579.291666666668,348.9166666666667,52.05087096987035,The mobile banking service was convenient.,Neutral,0.0,Digital Banking,0,0,1,0.0
2024-05,1083,Branch 1083,East,9603,751,5797344,3913551,750903,593883,26,84068,118,4.5,157020,20.91082336866413,67.50593030187618,1.2287826720816413,28880.884615384617,369.34615384615387,48.30137549364882,The account service was not satisfactory.,Neutral,0.0,Account Service,0,0,1,0.0
2024-05,1084,Branch 1084,West,9388,524,4677115,2516006,467549,302888,28,74655,116,4.2,164661,35.217912988799036,53.79397342164989,1.2356199403493822,16698.178571428572,335.2857142857143,45.50365953112678,The staff was very helpful and friendly.,Positive,0.2875,Staff Service,1,0,0,0.0
2024-05,1085,Branch 1085,Central,10326,649,5286496,2866343,522616,410100,28,103154,204,3.8,112516,21.529382950388047,54.22009209881177,1.9755955839628123,18664.85714285714,368.7857142857143,41.70561604406833,The waiting time was too long.,Negative,-0.05,Waiting Time,0,1,0,100.0
2024-05,1086,Branch 1086,North,9693,658,5673051,3256101,759271,506744,25,78450,103,4.3,252527,33.259139358674304,57.3959409143334,1.0626225110904777,30370.84,387.72,53.4148966886588,Excellent service and quick response.,Positive,0.6666666666666666,Service Quality,1,0,0,0.0
2024-05,1087,Branch 1087,South,8429,608,4587964,3165969,651707,483541,23,73341,66,4.5,168166,25.803927224964596,69.0059686606085,0.7830110333372879,28335.08695652174,366.4782608695652,49.65292908237218,The ATM was not working properly.,Neutral,0.0,ATM Issue,0,0,1,0.0
2024-05,1088,Branch 1088,East,8752,708,4937026,3427725,585465,386333,23,53931,154,4.1,199132,34.01262244540664,69.42894365960399,1.7595978062157223,25455.0,380.5217391304348,50.544339734530894,The loan process was very slow.,Negative,-0.39000000000000007,Loan Process,0,1,0,100.0
2024-05,1089,Branch 1089,West,10682,973,6262643,3556125,736269,473450,30,106676,138,4.4,262819,35.69605674013167,56.78313453281626,1.291892903950571,24542.3,356.06666666666666,50.672814692669476,The mobile banking service was convenient.,Neutral,0.0,Digital Banking,0,0,1,0.0
2024-05,1090,Branch 1090,Central,9396,456,6046901,4483189,746924,621418,32,63997,86,4.2,125506,16.80304823516181,74.1402744976311,0.9152830991911451,23341.375,293.625,40.504492430791,The account service was not satisfactory.,Neutral,0.0,Account Service,0,0,1,0.0
2024-05,1091,Branch 1091,North,9329,729,4664553,3014597,654056,472074,26,83845,175,4.2,181982,27.82361143388334,64.62777891043365,1.8758709400793228,25156.0,358.8076923076923,47.70478373612392,The staff was very helpful and friendly.,Positive,0.2875,Staff Service,1,0,0,0.0
2024-05,1092,Branch 1092,South,10731,820,6678380,3822615,808245,645840,28,89457,194,4.0,162405,20.093535994655088,57.23865668021286,1.8078464262417295,28865.89285714286,383.25,47.04382015873807,The waiting time was too long.,Negative,-0.05,Waiting Time,0,1,0,100.0
2024-05,1093,Branch 1093,East,8418,562,5198196,3984208,711424,574054,23,57124,101,4.4,137370,19.30916021950342,76.64597487282127,1.1998099311000239,30931.478260869564,366.0,48.25347435298505,Excellent service and quick response.,Positive,0.6666666666666666,Service Quality,1,0,0,0.0
2024-05,1094,Branch 1094,West,9638,879,5009670,3325749,511814,349953,27,72084,185,4.2,161861,31.62496531943245,66.38658833815401,1.9194853704087984,18956.074074074073,356.962962962963,46.1175372572136,The ATM was not working properly.,Neutral,0.0,ATM Issue,0,0,1,0.0
2024-05,1095,Branch 1095,Central,9379,696,5689905,3294437,754800,477785,26,88193,148,3.8,277015,36.70045045045045,57.89968373812919,1.577993389487152,29030.76923076923,360.7307692307692,51.4648220300506,The loan process was very slow.,Negative,-0.39000000000000007,Loan Process,0,1,0,100.0
2024-05,1096,Branch 1096,North,10270,532,5854736,3819983,626703,513867,32,94541,161,4.2,112836,18.00470079128391,65.24603329680451,1.5676728334956183,19584.46875,320.9375,40.25178203415074,The mobile banking service was convenient.,Neutral,0.0,Digital Banking,0,0,1,0.0
2024-05,1097,Branch 1097,South,9018,569,5670625,3816001,619825,459990,30,76427,136,4.0,159835,25.78711733150486,67.29418714868291,1.5080949212685741,20660.833333333332,300.6,42.08672749209814,The account service was not satisfactory.,Neutral,0.0,Account Service,0,0,1,0.0
2024-05,1098,Branch 1098,East,7717,604,4953693,3724404,716795,490336,24,63103,74,4.2,226459,31.593272832539288,75.18439273487478,0.958921860826746,29866.458333333332,321.5416666666667,49.75200771242908,The staff was very helpful and friendly.,Positive,0.2875,Staff Service,1,0,0,0.0
2024-05,1099,Branch 1099,West,11180,631,6721095,5036388,702030,589178,31,73914,195,3.8,112852,16.075096505847327,74.93403976584173,1.744186046511628,22646.129032258064,360.64516129032256,41.31115287680153,The waiting time was too long.,Negative,-0.05,Waiting Time,0,1,0,100.0
2024-05,1100,Branch 1100,Central,10334,795,6950998,3801240,695846,475223,29,77740,82,4.3,220623,31.705722243140006,54.68624793159198,0.7934971937294368,23994.689655172413,356.3448275862069,48.735473881263076,Excellent service and quick response.,Positive,0.6666666666666666,Service Quality,1,0,0,0.0
2024-06,1001,Branch 1001,North,10677,774,5357702,3732921,763645,584270,29,81674,77,4.6,179375,23.48931768033576,69.67391990073357,0.7211763604008616,26332.58620689655,368.17241379310343,48.288604954165365,The ATM was not working properly.,Neutral,0.0,ATM Issue,0,0,1,0.0
2024-06,1002,Branch 1002,South,8783,523,5501829,4220531,683076,567287,29,76315,135,4.2,115789,16.95111524925484,76.7114172396125,1.537060229989753,23554.344827586207,302.86206896551727,41.00978140433233,The loan process was very slow.,Negative,-0.39000000000000007,Loan Process,0,1,0,100.0
2024-06,1003,Branch 1003,East,9145,789,4593478,2456837,507647,352770,25,79774,90,4.3,154877,30.50879843670897,53.485332900255536,0.9841443411700382,20305.88,365.8,46.98691756785789,The mobile banking service was convenient.,Neutral,0.0,Digital Banking,0,0,1,0.0
2024-06,1004,Branch 1004,West,9271,694,5892790,4497345,638209,469567,29,91385,107,4.3,168642,26.424259137680608,76.31945139738562,1.1541365548484521,22007.206896551725,319.6896551724138,44.56297512207101,The account service was not satisfactory.,Neutral,0.0,Account Service,0,0,1,0.0
2024-06,1005,Branch 1005,Central,9184,445,6381166,4435575,878021,658852,31,64535,98,4.0,219169,24.96170364945713,69.5104154945977,1.0670731707317074,28323.25806451613,296.258064516129,45.148834914986914,The staff was very helpful and friendly.,Positive,0.2875,Staff Service,1,0,0,0.0
2024-06,1006,Branch 1006,North,10596,939,5653169,3053569,632926,407913,28,91752,144,4.3,225013,35.55123347753134,54.015172728782744,1.3590033975084939,22604.5,378.42857142857144,50.293451301827595,The waiting time was too long.,Negative,-0.05,Waiting Time,0,1,0,100.0
2024-06,1007,Branch 1007,South,8316,485,5767705,3174170,573587,435958,24,52733,114,4.2,137629,23.994441993978246,55.033501193282255,1.3708513708513708,23899.458333333332,346.5,45.31371751967702,Excellent service and quick response.,Positive,0.6666666666666666,Service Quality,1,0,0,0.0
2024-06,1008,Branch 1008,East,7774,675,4366294,2978827,499895,401935,22,60635,54,4.2,97960,19.59611518418868,68.22323462414579,0.6946231026498585,22722.5,353.3636363636364,43.49819411231835,The ATM was not working properly.,Neutral,0.0,ATM Issue,0,0,1,0.0
2024-06,1009,Branch 1009,West,8646,579,5749083,3173330,675941,503478,28,69528,110,4.6,172463,25.51450496419066,55.19715057166508,1.2722646310432568,24140.75,308.7857142857143,45.704309632683334,The loan process was very slow.,Negative,-0.39000000000000007,Loan Process,0,1,0,100.0
2024-06,1010,Branch 1010,Central,8831,815,5344249,3505564,569065,391449,27,76347,126,4.0,177616,31.211900222294464,65.59507238528744,1.4267919827879063,21076.48148148148,327.0740740740741,45.1956511347603,The mobile banking service was convenient.,Neutral,0.0,Digital Banking,0,0,1,0.0
2024-06,1011,Branch 1011,North,11158,929,6543569,5093757,882971,626665,37,109022,93,4.2,256306,29.027680410794922,77.84371189483905,0.833482702993368,23864.08108108108,301.56756756756755,45.328948381400025,The account service was not satisfactory.,Neutral,0.0,Account Service,0,0,1,0.0
2024-06,1012,Branch 1012,South,8163,660,5506579,3809661,662913,475929,22,67448,146,3.9,186984,28.206416226563668,69.18380722404963,1.7885581281391643,30132.409090909092,371.04545454545456,49.694901685527086,The staff was very helpful and friendly.,Positive,0.2875,Staff Service,1,0,0,0.0
2024-06,1013,Branch 1013,East,7745,542,5136325,3754469,620407,416005,24,54808,153,4.2,204402,32.94643677456895,73.09640647739386,1.9754680438992898,25850.291666666668,322.7083333333333,48.42652105601145,The waiting time was too long.,Negative,-0.05,Waiting Time,0,1,0,100.0
2024-06,1014,Branch 1014,West,9193,475,6383364,3773971,744041,569748,28,65524,152,4.3,174293,23.425187590468806,59.12197706413107,1.6534319590993145,26572.89285714286,328.32142857142856,45.942001907576014,Excellent service and quick response.,Positive,0.6666666666666666,Service Quality,1,0,0,0.0
2024-06,1015,Branch 1015,Central,9725,564,6440271,4173751,877186,565551,28,79331,92,4.3,311635,35.52667279231543,64.80707100679459,0.9460154241645244,31328.071428571428,347.32142857142856,53.092465669111895,The ATM was not working properly.,Neutral,0.0,ATM Issue,0,0,1,0.0
2024-06,1016,Branch 1016,North,8267,635,5395489,3928907,714768,502965,26,60038,147,4.1,211803,29.632412195285745,72.81836734353458,1.7781541066892466,27491.076923076922,317.96153846153845,47.537197649477676,The loan process was very slow.,Negative,-0.39000000000000007,Loan Process,0,1,0,100.0
2024-06,1017,Branch 1017,South,9736,730,5001111,2993177,530849,416050,26,75578,119,4.3,114799,21.625547001124616,59.85024127638838,1.2222678718159408,20417.26923076923,374.46153846153845,44.26244322970043,The mobile banking service was convenient.,Neutral,0.0,Digital Banking,0,0,1,0.0
2024-06,1018,Branch 1018,East,9216,480,4623051,3374049,512239,361722,27,58240,86,4.3,150517,29.38413514004205,72.98316631159813,0.9331597222222222,18971.814814814814,341.3333333333333,45.038642672821744,The account service was not satisfactory.,Neutral,0.0,Account Service,0,0,1,0.0
2024-06,1019,Branch 1019,West,8863,803,4817938,2730733,565386,441653,27,73101,177,4.1,123733,21.884694704149023,56.67845870992944,1.997066456053255,20940.222222222223,328.25925925925924,42.214202451026225,The staff was very helpful and friendly.,Positive,0.2875,Staff Service,1,0,0,0.0
2024-06,1020,Branch 1020,Central,8122,639,4267063,3266888,527261,358094,24,78452,161,4.1,169167,32.08411014658774,76.56057574026912,1.982270376754494,21969.208333333332,338.4166666666667,46.647574508257335,The waiting time was too long.,Negative,-0.05,Waiting Time,0,1,0,100.0
2024-06,1021,Branch 1021,North,10351,948,7096603,4978016,945898,683864,28,89520,75,4.1,262034,27.702141245673424,70.1464630330878,0.7245676746208096,33782.07142857143,369.67857142857144,51.74151001956342,Excellent service and quick response.,Positive,0.6666666666666666,Service Quality,1,0,0,0.0
2024-06,1022,Branch 1022,South,8021,393,4883868,3612194,568335,385775,23,49342,119,4.2,182560,32.121899935777314,73.96174507582924,1.4836055354693927,24710.217391304348,348.7391304347826,48.61680622318849,The ATM was not working properly.,Neutral,0.0,ATM Issue,0,0,1,0.0
2024-06,1023,Branch 1023,East,8145,589,4832957,3126432,592395,380211,24,58382,87,4.2,212184,35.81799306206163,64.68983688454088,1.0681399631675874,24683.125,339.375,49.53742606777609,The loan process was very slow.,Negative,-0.39000000000000007,Loan Process,0,1,0,100.0
2024-06,1024,Branch 1024,West,7989,718,5247552,2761118,670699,436119,26,79815,55,4.4,234580,34.975450984718925,52.61725848548047,0.6884466140943798,25796.115384615383,307.2692307692308,49.11730609865793,The mobile banking service was convenient.,Neutral,0.0,Digital Banking,0,0,1,0.0
2024-06,1025,Branch 1025,Central,8726,768,4495452,2616482,582130,462425,28,84611,79,4.6,119705,20.563276244137906,58.20286814318115,0.9053403621361448,20790.35714285714,311.64285714285717,42.54306781912272,The account service was not satisfactory.,Neutral,0.0,Account Service,0,0,1,0.0
2024-06,1026,Branch 1026,North,9495,678,5963892,3907957,693067,542998,26,60036,141,4.2,150069,21.652884930316983,65.52695789930468,1.4849921011058451,26656.423076923078,365.1923076923077,46.47979138691084,The staff was very helpful and friendly.,Positive,0.2875,Staff Service,1,0,0,0.0
2024-06,1027,Branch 1027,South,8690,439,5644686,3060014,605197,407643,28,69994,53,4.6,197554,32.642924535316595,54.210526502271335,0.6098964326812428,21614.178571428572,310.35714285714283,47.09969375583985,The waiting time was too long.,Negative,-0.05,Waiting Time,0,1,0,100.0
2024-06,1028,Branch 1028,East,10817,487,6009248,3906936,704293,560496,35,83184,65,4.6,143797,20.417212722545873,65.01538961281013,0.6009059813256911,20122.657142857144,309.0571428571429,42.085807046983476,Excellent service and quick response.,Positive,0.6666666666666666,Service Quality,1,0,0,0.0
2024-06,1029,Branch 1029,West,10588,708,6648542,4011381,706087,564629,29,101960,209,4.2,141458,20.03407512105449,60.3347470768779,1.9739327540612015,24347.827586206895,365.1034482758621,44.849797868691624,The ATM was not working properly.,Neutral,0.0,ATM Issue,0,0,1,0.0
2024-06,1030,Branch 1030,Central,8415,422,4683363,2941883,573083,383545,23,75563,116,4.2,189538,33.073394255282395,62.815609210731694,1.3784907902554961,24916.652173913044,365.8695652173913,49.70423454629242,The loan process was very slow.,Negative,-0.39000000000000007,Loan Process,0,1,0,100.0
2024-06,1031,Branch 1031,North,10135,756,5870085,4452853,614199,391318,30,65440,126,4.0,222881,36.28807601445134,75.85670394892067,1.2432165762210163,20473.3,337.8333333333333,47.10965656816287,The mobile banking service was convenient.,Neutral,0.0,Digital Banking,0,0,1,0.0
2024-06,1032,Branch 1032,South,10892,956,7127822,5223278,843119,604052,36,79924,119,4.3,239067,28.355072059815996,73.28014083404439,1.0925449871465296,23419.972222222223,302.55555555555554,45.227666745436835,The account service was not satisfactory.,Neutral,0.0,Account Service,0,0,1,0.0
2024-06,1033,Branch 1033,East,7778,680,5439139,3958378,695753,496313,26,48037,61,4.2,199440,28.665345316513186,72.77581984942837,0.7842633067626639,26759.73076923077,299.15384615384613,46.438722448414254,The staff was very helpful and friendly.,Positive,0.2875,Staff Service,1,0,0,0.0
2024-06,1034,Branch 1034,West,9281,791,6533618,4919346,870412,721752,31,74763,180,4.1,148660,17.079268208618448,75.29283162866271,1.9394461803684946,28077.8064516129,299.38709677419354,42.697769620254476,The waiting time was too long.,Negative,-0.05,Waiting Time,0,1,0,100.0
2024-06,1035,Branch 1035,Central,8523,659,5072140,3390778,675779,436036,27,62485,157,3.9,239743,35.476538927667185,66.85103329166782,1.8420743869529508,25028.85185185185,315.6666666666667,47.763748840694035,Excellent service and quick response.,Positive,0.6666666666666666,Service Quality,1,0,0,0.0
2024-06,1036,Branch 1036,North,8230,438,5601332,3370081,748981,514151,23,49825,102,4.3,234830,31.353265303125177,60.16570701397453,1.2393681652490889,32564.391304347828,357.82608695652175,52.603917892559295,The ATM was not working properly.,Neutral,0.0,ATM Issue,0,0,1,0.0
2024-06,1037,Branch 1037,South,9898,591,6201519,3748627,770490,565255,31,79289,80,4.0,205235,26.636945320510325,60.44691631195518,0.808244089715094,24854.516129032258,319.2903225806452,45.02937683061775,The loan process was very slow.,Negative,-0.39000000000000007,Loan Process,0,1,0,100.0
2024-06,1038,Branch 1038,East,9882,566,5647874,3652548,650226,412426,28,74142,153,4.0,237800,36.57189961644105,64.67120194253624,1.5482695810564664,23222.35714285714,352.92857142857144,49.0524748689496,The mobile banking service was convenient.,Neutral,0.0,Digital Banking,0,0,1,0.0
2024-06,1039,Branch 1039,West,8531,626,5949653,4058311,796794,536645,25,67523,157,4.3,260149,32.64946774197597,68.21088557601594,1.8403469698745751,31871.76,341.24,52.10090751008537,The account service was not satisfactory.,Neutral,0.0,Account Service,0,0,1,0.0
2024-06,1040,Branch 1040,Central,9173,567,5050571,3137614,583589,405970,24,90396,124,3.8,177619,30.435631925893052,62.123945985513316,1.3517933064428214,24316.208333333332,382.2083333333333,47.93446206222514,The staff was very helpful and friendly.,Positive,0.2875,Staff Service,1,0,0,0.0
2024-06,1041,Branch 1041,North,10270,708,6240018,4738195,812494,588534,30,82896,189,4.3,223960,27.564511245621503,75.93239314373773,1.8403115871470304,27083.133333333335,342.3333333333333,48.16458098246765,The waiting time was too long.,Negative,-0.05,Waiting Time,0,1,0,100.0
2024-06,1042,Branch 1042,South,8464,509,5728420,3023925,593034,392497,26,52292,64,4.1,200537,33.8154304812203,52.78811609483941,0.7561436672967864,22809.0,325.53846153846155,47.143240262609936,Excellent service and quick response.,Positive,0.6666666666666666,Service Quality,1,0,0,0.0
2024-06,1043,Branch 1043,East,9288,633,5135865,3757531,563683,407031,31,81135,124,4.2,156652,27.79079730983549,73.16257339318693,1.335055986218777,18183.322580645163,299.61290322580646,42.21246084030079,The ATM was not working properly.,Neutral,0.0,ATM Issue,0,0,1,0.0
2024-06,1044,Branch 1044,West,9879,489,6126948,4271222,836681,590786,29,98129,100,4.2,245895,29.38933715478181,69.71206545248955,1.0122482032594393,28851.068965517243,340.6551724137931,49.25039636823115,The loan process was very slow.,Negative,-0.39000000000000007,Loan Process,0,1,0,100.0
2024-06,1045,Branch 1045,Central,10462,539,6609911,4657984,822405,559546,33,94780,146,4.3,262859,31.96223271988862,70.46969316228312,1.3955266679411202,24921.363636363636,317.030303030303,47.7368965062669,The mobile banking service was convenient.,Neutral,0.0,Digital Banking,0,0,1,0.0
2024-06,1046,Branch 1046,North,9518,815,5819454,3739666,669647,427690,27,74957,137,4.6,241957,36.13202179655848,64.26145820552924,1.4393780205925615,24801.74074074074,352.51851851851853,51.40790005009154,The account service was not satisfactory.,Neutral,0.0,Account Service,0,0,1,0.0
2024-06,1047,Branch 1047,South,7635,352,4510788,3404351,569678,445830,24,70745,128,4.2,123848,21.74000049150573,75.47131454637194,1.676489849377865,23736.583333333332,318.125,43.357277140669865,The staff was very helpful and friendly.,Positive,0.2875,Staff Service,1,0,0,0.0
2024-06,1048,Branch 1048,East,9975,582,6195058,4242630,884935,636457,33,60841,126,4.3,248478,28.07867244486883,68.48410458788278,1.263157894736842,26816.21212121212,302.27272727272725,46.67941528569218,The waiting time was too long.,Negative,-0.05,Waiting Time,0,1,0,100.0
2024-06,1049,Branch 1049,West,8859,530,4548323,3396529,528402,391120,27,69730,171,4.1,137282,25.980598105230484,74.67651263993345,1.930240433457501,19570.444444444445,328.1111111111111,43.01313247356609,Excellent service and quick response.,Positive,0.6666666666666666,Service Quality,1,0,0,0.0
2024-06,1050,Branch 1050,Central,9097,701,5830695,3474156,672765,549911,26,61281,93,4.1,122854,18.261056981263888,59.583908950819755,1.0223150489172255,25875.576923076922,349.88461538461536,44.04469224651666,The ATM was not working properly.,Neutral,0.0,ATM Issue,0,0,1,0.0
2024-06,1051,Branch 1051,North,10162,671,5812495,3973086,595032,458114,32,98173,142,3.8,136918,23.010191048548652,68.35422654127015,1.3973627238732533,18594.75,317.5625,40.219318536886355,The loan process was very slow.,Negative,-0.39000000000000007,Loan Process,0,1,0,100.0
2024-06,1052,Branch 1052,South,8687,787,6080762,4241980,866415,617902,24,61039,169,4.1,248513,28.68290599770318,69.76066486404171,1.9454357085299874,36100.625,361.9583333333333,52.852064475634435,The mobile banking service was convenient.,Neutral,0.0,Digital Banking,0,0,1,0.0
2024-06,1053,Branch 1053,East,8648,474,4596577,3390706,589298,366043,29,74493,86,4.0,223255,37.88490712678475,73.765891444873,0.9944495837187789,20320.620689655174,298.2068965517241,46.07259738947083,The account service was not satisfactory.,Neutral,0.0,Account Service,0,0,1,0.0
2024-06,1054,Branch 1054,West,9257,623,4944475,2641978,653343,531928,25,75329,168,4.4,121415,18.583653609206802,53.43293271783152,1.814842821648482,26133.72,370.28,45.961467669377235,The staff was very helpful and friendly.,Positive,0.2875,Staff Service,1,0,0,0.0
2024-06,1055,Branch 1055,Central,9136,829,4855866,3293799,598949,407432,26,55598,73,3.9,191517,31.97551043578001,67.8313404859195,0.7990367775831875,23036.5,351.38461538461536,46.998951341602066,The waiting time was too long.,Negative,-0.05,Waiting Time,0,1,0,100.0
2024-06,1056,Branch 1056,North,10546,626,5282164,2783375,566624,461377,30,96527,100,4.3,105247,18.574398542949115,52.69383911593809,0.9482268158543524,18887.466666666667,351.53333333333336,41.60926566583866,Excellent service and quick response.,Positive,0.6666666666666666,Service Quality,1,0,0,0.0
2024-06,1057,Branch 1057,South,10611,804,6696624,4882962,811696,636619,29,99179,112,4.1,175077,21.569282095759988,72.9167711969494,1.0555084346432948,27989.51724137931,365.8965517241379,46.78973624721548,The ATM was not working properly.,Neutral,0.0,ATM Issue,0,0,1,0.0
2024-06,1058,Branch 1058,East,8436,470,4516017,2499490,601392,465387,28,74811,125,4.2,136005,22.615033123154284,55.34722300646787,1.4817449027975345,21478.285714285714,301.2857142857143,41.978234144762936,The loan process was very slow.,Negative,-0.39000000000000007,Loan Process,0,1,0,100.0
2024-06,1059,Branch 1059,West,8709,781,5891031,4023163,656970,443119,25,70880,75,3.9,213851,32.551105834360776,68.29302035585961,0.861178091629349,26278.8,348.36,48.57264214087258,The mobile banking service was convenient.,Neutral,0.0,Digital Banking,0,0,1,0.0
2024-06,1060,Branch 1060,Central,8936,696,4524579,2735475,524896,412133,26,63402,80,4.1,112763,21.48292233128086,60.45811113033942,0.8952551477170994,20188.30769230769,343.6923076923077,42.32260343142461,The account service was not satisfactory.,Neutral,0.0,Account Service,0,0,1,0.0
2024-06,1061,Branch 1061,North,10546,799,6203918,4122659,714124,537295,31,91094,79,4.4,176829,24.761666041191727,66.4525063032748,0.7490991845249383,23036.25806451613,340.19354838709677,45.543073753942565,The staff was very helpful and friendly.,Positive,0.2875,Staff Service,1,0,0,0.0
2024-06,1062,Branch 1062,South,9836,714,6833277,4425342,820256,516148,28,97393,154,3.9,304108,37.07476690204034,64.76163632763607,1.56567710451403,29294.85714285714,351.2857142857143,51.653399016245025,The waiting time was too long.,Negative,-0.05,Waiting Time,0,1,0,100.0
2024-06,1063,Branch 1063,East,9253,488,6258845,3687635,858739,706083,25,88005,93,4.4,152656,17.776763370476946,58.91877814516896,1.0050794336971793,34349.56,370.12,49.44518692901557,Excellent service and quick response.,Positive,0.6666666666666666,Service Quality,1,0,0,0.0
2024-06,1064,Branch 1064,West,8023,704,5599244,3861851,738565,567978,22,74857,56,4.5,170587,23.097086918551515,68.97093607637032,0.6979932693506169,33571.13636363636,364.6818181818182,51.04048648548876,The ATM was not working properly.,Neutral,0.0,ATM Issue,0,0,1,0.0
2024-06,1065,Branch 1065,Central,7839,419,4039009,2702215,449392,334671,24,52795,78,4.3,114721,25.528046783209312,66.9029209887871,0.9950248756218906,18724.666666666668,326.625,43.00917789933419,The loan process was very slow.,Negative,-0.39000000000000007,Loan Process,0,1,0,100.0
2024-06,1066,Branch 1066,North,9621,776,5191289,3232115,562208,385441,29,72854,139,4.2,176767,31.441566110763276,62.2603557613533,1.4447562623427919,19386.48275862069,331.7586206896552,45.28045578448858,The mobile banking service was convenient.,Neutral,0.0,Digital Banking,0,0,1,0.0
2024-06,1067,Branch 1067,South,8432,566,5415296,2983415,748830,482181,26,70996,155,4.1,266649,35.608749649453145,55.09237168199116,1.8382352941176472,28801.153846153848,324.3076923076923,50.47479951537799,The account service was not satisfactory.,Neutral,0.0,Account Service,0,0,1,0.0
2024-06,1068,Branch 1068,East,8675,595,4900871,2648243,494638,373658,26,70163,70,4.2,120980,24.45829070956942,54.036170305237576,0.8069164265129682,19024.53846153846,333.65384615384613,42.74310033082649,The staff was very helpful and friendly.,Positive,0.2875,Staff Service,1,0,0,0.0
2024-06,1069,Branch 1069,West,9958,763,6549711,3861624,744489,576121,30,69701,88,4.2,168368,22.615243475726306,58.958692986606586,0.8837115886724243,24816.3,331.93333333333334,44.6910635193811,The waiting time was too long.,Negative,-0.05,Waiting Time,0,1,0,100.0
2024-06,1070,Branch 1070,Central,10031,915,5082582,3366582,532427,331156,33,61283,148,4.0,201271,37.80255321386782,66.23763276224565,1.4754261788455787,16134.151515151516,303.969696969697,44.34346311659183,Excellent service and quick response.,Positive,0.6666666666666666,Service Quality,1,0,0,0.0
2024-06,1071,Branch 1071,North,7781,502,4297926,3062392,447776,296197,21,67866,121,4.0,151579,33.85152397627385,71.25278564591386,1.555070042411001,21322.666666666668,370.5238095238095,47.905621778229076,The ATM was not working properly.,Neutral,0.0,ATM Issue,0,0,1,0.0
2024-06,1072,Branch 1072,South,7672,661,4627732,2710456,539092,449041,25,53992,138,4.0,90051,16.704198912245033,58.56985668141543,1.7987486965589154,21563.68,306.88,39.564063276847264,The loan process was very slow.,Negative,-0.39000000000000007,Loan Process,0,1,0,100.0
2024-06,1073,Branch 1073,East,9488,718,6418926,4753783,823214,577368,32,62222,110,4.3,245846,29.864166547216154,74.05885345928587,1.1593591905564924,25725.4375,296.5,46.58122706625066,The mobile banking service was convenient.,Neutral,0.0,Digital Banking,0,0,1,0.0
2024-06,1074,Branch 1074,West,9689,656,5951044,3706871,779676,594644,27,69350,174,4.4,185032,23.73190915200673,62.289423502834126,1.7958509650118692,28876.88888888889,358.85185185185185,48.582829412690295,The account service was not satisfactory.,Neutral,0.0,Account Service,0,0,1,0.0
2024-06,1075,Branch 1075,Central,10285,596,6400329,4852027,837569,632884,29,92027,117,4.1,204685,24.437986601700874,75.80902481731798,1.1375789985415654,28881.689655172413,354.6551724137931,47.77056429468779,The staff was very helpful and friendly.,Positive,0.2875,Staff Service,1,0,0,0.0
2024-06,1076,Branch 1076,North,9173,755,6411045,4907411,799929,642651,26,62234,83,4.4,157278,19.661494957677494,76.54619488710499,0.9048293906028562,30766.5,352.8076923076923,47.793061631922306,The waiting time was too long.,Negative,-0.05,Waiting Time,0,1,0,100.0
2024-06,1077,Branch 1077,South,8002,415,5353449,4149732,648155,522934,25,58977,87,4.1,125221,19.31960719272396,77.51511222017807,1.087228192951762,25926.2,320.08,43.29077783804952,Excellent service and quick response.,Positive,0.6666666666666666,Service Quality,1,0,0,0.0
2024-06,1078,Branch 1078,East,9618,757,4968506,2708158,567209,383810,25,78337,125,4.0,183399,32.33358426964311,54.506485450555964,1.2996464961530463,22688.36,384.72,48.54803476180253,The ATM was not working properly.,Neutral,0.0,ATM Issue,0,0,1,0.0
2024-06,1079,Branch 1079,West,9003,514,5703141,3518331,744938,515795,26,64375,84,4.1,229143,30.760009557842398,61.691110214529154,0.9330223258913695,28651.46153846154,346.2692307692308,49.554656027423064,The loan process was very slow.,Negative,-0.39000000000000007,Loan Process,0,1,0,100.0
2024-06,1080,Branch 1080,Central,9890,462,6952750,5175902,842974,610623,26,73504,59,4.1,232351,27.563246316019235,74.44395383121787,0.596562184024267,32422.076923076922,380.38461538461536,51.480701931130895,The mobile banking service was convenient.,Neutral,0.0,Digital Banking,0,0,1,0.0
2024-06,1081,Branch 1081,North,8464,596,5660161,3820602,613947,384928,28,63067,163,4.1,229019,37.30273134325927,67.49988207049235,1.9258034026465027,21926.678571428572,302.2857142857143,47.06331329080132,The account service was not satisfactory.,Neutral,0.0,Account Service,0,0,1,0.0
2024-06,1082,Branch 1082,South,7781,377,5363403,4094391,625834,476307,25,48120,65,4.3,149527,23.892437930825107,76.33942480175367,0.835368204600951,25033.36,311.24,44.74093106941742,The staff was very helpful and friendly.,Positive,0.2875,Staff Service,1,0,0,0.0
2024-06,1083,Branch 1083,East,9099,696,5102384,2713575,605569,422657,27,60595,93,4.1,182912,30.204980770151707,53.18249273280882,1.022090339597758,22428.48148148148,337.0,46.14620398783668,The waiting time was too long.,Negative,-0.05,Waiting Time,0,1,0,100.0
2024-06,1084,Branch 1084,West,9955,582,6296843,4804060,781679,636664,33,86650,144,4.1,145015,18.551732872445083,76.29315198108004,1.4465092918131592,23687.242424242424,301.6666666666667,41.28498740390138,Excellent service and quick response.,Positive,0.6666666666666666,Service Quality,1,0,0,0.0
2024-06,1085,Branch 1085,Central,10173,695,5618519,4268804,765355,549183,30,101695,202,4.2,216172,28.244670773693255,75.9773883473563,1.9856482846751207,25511.833333333332,339.1,47.256674477452876,The ATM was not working properly.,Neutral,0.0,ATM Issue,0,0,1,0.0
2024-06,1086,Branch 1086,North,9973,461,5424959,2957963,708607,482745,27,84075,183,4.0,225862,31.874085353376415,54.52507567338297,1.8349543768174068,26244.703703703704,369.3703703703704,49.429050781795155,The loan process was very slow.,Negative,-0.39000000000000007,Loan Process,0,1,0,100.0
2024-06,1087,Branch 1087,South,8678,684,4446131,2468021,601907,418793,25,74403,97,4.2,183114,30.42230776515309,55.509408067373634,1.1177690712145656,24076.28,347.12,47.66853156230155,The mobile banking service was convenient.,Neutral,0.0,Digital Banking,0,0,1,0.0
2024-06,1088,Branch 1088,East,8636,388,5394969,3120045,707875,533290,27,82637,99,4.2,174585,24.663252692918945,57.832491715893084,1.1463640574339973,26217.59259259259,319.85185185185185,45.58606124950468,The account service was not satisfactory.,Neutral,0.0,Account Service,0,0,1,0.0
2024-06,1089,Branch 1089,West,11217,1044,6822639,4063937,820338,686972,38,108121,128,4.4,133366,16.257445101897023,59.56547019415801,1.1411250780065971,21587.842105263157,295.1842105263158,40.16843773410332,The staff was very helpful and friendly.,Positive,0.2875,Staff Service,1,0,0,0.0
2024-06,1090,Branch 1090,Central,8944,563,5140617,2741761,570101,365853,28,60948,150,4.2,204248,35.82663422797013,53.33525139102952,1.6771019677996422,20360.75,319.42857142857144,46.787784719214066,The waiting time was too long.,Negative,-0.05,Waiting Time,0,1,0,100.0
2024-06,1091,Branch 1091,North,9049,598,5454614,3948485,610403,401328,24,63378,75,4.1,209075,34.25196140910185,72.38798199102632,0.8288208641838877,25433.458333333332,377.0416666666667,50.48421457753545,Excellent service and quick response.,Positive,0.6666666666666666,Service Quality,1,0,0,0.0
2024-06,1092,Branch 1092,South,10606,933,5386335,3221230,681312,495168,29,76944,166,4.0,186144,27.321403409891502,59.80374410429356,1.5651518008674334,23493.51724137931,365.7241379310345,46.43200748642635,The ATM was not working properly.,Neutral,0.0,ATM Issue,0,0,1,0.0
2024-06,1093,Branch 1093,East,7896,511,4889014,3236321,665155,412840,22,62402,70,4.5,252315,37.933263675383934,66.19578098978648,0.8865248226950355,30234.31818181818,358.90909090909093,54.4787693465832,The loan process was very slow.,Negative,-0.39000000000000007,Loan Process,0,1,0,100.0
2024-06,1094,Branch 1094,West,8797,721,5079431,2712589,592935,486730,27,66689,173,4.1,106205,17.91174412035046,53.40340286146223,1.9665795157440036,21960.555555555555,325.81481481481484,41.19802912608989,The mobile banking service was convenient.,Neutral,0.0,Digital Banking,0,0,1,0.0
2024-06,1095,Branch 1095,Central,9178,620,5726656,3032400,769208,498668,25,60919,130,4.3,270540,35.17124106873564,52.95236871221181,1.41643059490085,30768.32,367.12,53.47341525022558,The account service was not satisfactory.,Neutral,0.0,Account Service,0,0,1,0.0
2024-06,1096,Branch 1096,North,10815,842,5565851,3620047,671754,539275,31,107020,99,4.2,132479,19.721356329846937,65.04031458980846,0.9153952843273232,21669.483870967742,348.8709677419355,42.885543798251064,The staff was very helpful and friendly.,Positive,0.2875,Staff Service,1,0,0,0.0
2024-06,1097,Branch 1097,South,8902,465,5479586,3372698,577638,474906,28,80809,114,4.5,102732,17.784841025001818,61.550233904532206,1.2806110986295214,20629.928571428572,317.92857142857144,41.43899137644027,The waiting time was too long.,Negative,-0.05,Waiting Time,0,1,0,100.0
2024-06,1098,Branch 1098,East,7939,521,4077167,2639877,511407,418230,23,56832,129,4.0,93177,18.219734966474842,64.74782612534635,1.6248897846076331,22235.08695652174,345.17391304347825,41.877314167750356,Excellent service and quick response.,Positive,0.6666666666666666,Service Quality,1,0,0,0.0
2024-06,1099,Branch 1099,West,11028,625,6566331,3937102,791218,583255,35,72697,67,4.3,207963,26.283906584531696,59.95893292616531,0.6075444323540079,22606.22857142857,315.0857142857143,44.611613298647995,The ATM was not working properly.,Neutral,0.0,ATM Issue,0,0,1,0.0
2024-06,1100,Branch 1100,Central,10682,769,6507755,4386012,836064,518464,29,84171,161,4.1,317600,37.98752248631684,67.39669824693769,1.507208387942333,28829.793103448275,368.3448275862069,53.01620471985673,The loan process was very slow.,Negative,-0.39000000000000007,Loan Process,0,1,0,100.0
2024-07,1001,Branch 1001,North,9662,549,4924219,3485333,589827,397950,30,87072,143,4.0,191877,32.53106419339908,70.77940684603995,1.4800248395777271,19660.9,322.06666666666666,44.81458199303475,The mobile banking service was convenient.,Neutral,0.0,Digital Banking,0,0,1,0.0
2024-07,1002,Branch 1002,South,9356,767,4786660,3526975,533047,376106,29,70163,186,3.9,156941,29.442244304911195,73.68342435017318,1.9880290722530995,18380.931034482757,322.62068965517244,42.86713211827584,The account service was not satisfactory.,Neutral,0.0,Account Service,0,0,1,0.0
2024-07,1003,Branch 1003,East,9372,737,4986451,2975426,525952,326202,25,82995,165,4.0,199750,37.97875091263081,59.67021434683706,1.7605633802816902,21038.08,374.88,49.387222215223744,The staff was very helpful and friendly.,Positive,0.2875,Staff Service,1,0,0,0.0
2024-07,1004,Branch 1004,West,9633,496,6667061,4998698,779450,598943,29,88431,66,4.3,180507,23.158252614022707,74.97603516751984,0.6851448146994706,26877.58620689655,332.17241379310343,46.13675946233321,The waiting time was too long.,Negative,-0.05,Waiting Time,0,1,0,100.0
2024-07,1005,Branch 1005,Central,9057,649,4789173,3304927,611355,392450,27,55730,98,4.5,218905,35.8065281219586,69.00830268607963,1.0820359942585847,22642.777777777777,335.44444444444446,49.34524150619092,Excellent service and quick response.,Positive,0.6666666666666666,Service Quality,1,0,0,0.0
2024-07,1006,Branch 1006,North,10888,934,5611083,3585038,707979,552801,29,68730,148,4.0,155178,21.918446733589555,63.89208642966072,1.3592946362968406,24413.068965517243,375.44827586206895,45.337619265101615,The ATM was not working properly.,Neutral,0.0,ATM Issue,0,0,1,0.0
2024-07,1007,Branch 1007,South,7976,647,5479927,2964200,685775,501914,21,49422,96,4.6,183861,26.810688636943603,54.091961444011936,1.2036108324974923,32655.95238095238,379.8095238095238,52.802545982085235,The loan process was very slow.,Negative,-0.39000000000000007,Loan Process,0,1,0,100.0
2024-07,1008,Branch 1008,East,7592,547,4869510,3153885,505498,418223,20,55563,88,4.2,87275,17.265152384381345,64.76801567303487,1.1591148577449948,25274.9,379.6,44.864540242158824,The mobile banking service was convenient.,Neutral,0.0,Digital Banking,0,0,1,0.0
2024-07,1009,Branch 1009,West,8307,767,5487142,2860719,603614,416529,26,53031,64,4.4,187085,30.99414526502036,52.134954772448026,0.7704345732514747,23215.923076923078,319.5,47.01011283448308,The account service was not satisfactory.,Neutral,0.0,Account Service,0,0,1,0.0
2024-07,1010,Branch 1010,Central,8512,560,4510081,3449568,613505,472212,26,60721,79,4.2,141293,23.030456149501635,76.48572165333616,0.9281015037593985,23596.346153846152,327.38461538461536,44.10109579013857,The staff was very helpful and friendly.,Positive,0.2875,Staff Service,1,0,0,0.0
2024-07,1011,Branch 1011,North,11317,654,8005453,5187351,855342,561699,34,101407,222,4.1,293643,34.3304783349818,64.79771975427249,1.9616506141203498,25157.117647058825,332.8529411764706,48.68329191345128,The waiting time was too long.,Negative,-0.05,Waiting Time,0,1,0,100.0
2024-07,1012,Branch 1012,South,7972,517,5331024,3771571,536688,335674,21,49551,49,4.5,201014,37.45453596875652,70.74758995645114,0.6146512794781736,25556.571428571428,379.6190476190476,52.960886994105515,Excellent service and quick response.,Positive,0.6666666666666666,Service Quality,1,0,0,0.0
2024-07,1013,Branch 1013,East,8462,761,4661287,2953045,498111,418337,24,72788,102,4.3,79774,16.015305825408394,63.35256764923507,1.2053887969747106,20754.625,352.5833333333333,41.61131751392618,The ATM was not working properly.,Neutral,0.0,ATM Issue,0,0,1,0.0
2024-07,1014,Branch 1014,West,8366,524,4258426,2872245,511753,406175,23,65963,132,4.1,105578,20.630655804655763,67.44851266641713,1.5778149653358835,22250.130434782608,363.7391304347826,43.74291216439923,The loan process was very slow.,Negative,-0.39000000000000007,Loan Process,0,1,0,100.0
2024-07,1015,Branch 1015,Central,10205,878,7122201,4892719,939214,597078,27,94534,130,4.4,342136,36.42790673903924,68.69672731786143,1.2738853503184715,34785.7037037037,377.962962962963,56.47534144442844,The mobile banking service was convenient.,Neutral,0.0,Digital Banking,0,0,1,0.0
2024-07,1016,Branch 1016,North,8070,368,5359756,3574919,601590,421715,23,71193,93,4.3,179875,29.8999318472714,66.69928631079475,1.1524163568773234,26156.08695652174,350.8695652173913,48.885020529569665,The account service was not satisfactory.,Neutral,0.0,Account Service,0,0,1,0.0
2024-07,1017,Branch 1017,South,9487,460,5186405,3791649,565841,469419,31,65996,97,4.5,96422,17.040476034787158,73.10746075557154,1.0224517761146832,18252.935483870966,306.03225806451616,39.628993444654036,The staff was very helpful and friendly.,Positive,0.2875,Staff Service,1,0,0,0.0
2024-07,1018,Branch 1018,East,9080,760,5481636,3667636,663546,556831,25,82254,77,4.1,106715,16.082532333854775,66.90768960215527,0.8480176211453744,26541.84,363.2,44.100841916542656,The waiting time was too long.,Negative,-0.05,Waiting Time,0,1,0,100.0
2024-07,1019,Branch 1019,West,8166,449,4238309,2819071,486944,338131,25,75789,130,3.9,148813,30.56059834395742,66.51405076883256,1.591966691158462,19477.76,326.64,43.916930313130536,Excellent service and quick response.,Positive,0.6666666666666666,Service Quality,1,0,0,0.0
2024-07,1020,Branch 1020,Central,8214,630,4567675,3248409,495465,388593,23,75751,70,4.4,106872,21.57004026520541,71.11734087911246,0.8522035549062575,21541.956521739132,357.1304347826087,44.3920665359862,The ATM was not working properly.,Neutral,0.0,ATM Issue,0,0,1,0.0
2024-07,1021,Branch 1021,North,10281,510,6226453,4607884,807375,593586,28,79556,73,4.5,213789,26.479516953088712,74.00495916374861,0.7100476607333918,28834.821428571428,367.17857142857144,50.14580390785227,The loan process was very slow.,Negative,-0.39000000000000007,Loan Process,0,1,0,100.0
2024-07,1022,Branch 1022,South,7812,532,5508827,3544984,617450,511599,25,57072,51,4.2,105851,17.143250465624746,64.35097707733425,0.65284178187404,24698.0,312.48,41.972482557862705,The mobile banking service was convenient.,Neutral,0.0,Digital Banking,0,0,1,0.0
2024-07,1023,Branch 1023,East,8078,742,4426219,2404059,439362,292247,23,62021,71,4.1,147115,33.483778751917555,54.314054501144206,0.8789304283238425,19102.695652173912,351.2173913043478,46.31420523523467,The account service was not satisfactory.,Neutral,0.0,Account Service,0,0,1,0.0
2024-07,1024,Branch 1024,West,8072,669,5466674,4209887,780075,629254,24,66461,134,4.4,150821,19.334166586546164,77.01002474264975,1.6600594648166502,32503.125,336.3333333333333,47.8415073719079,The staff was very helpful and friendly.,Positive,0.2875,Staff Service,1,0,0,0.0
2024-07,1025,Branch 1025,Central,8361,530,4625285,2716201,584641,389854,24,67689,105,4.3,194787,33.31736912053722,58.72505153736473,1.2558306422676713,24360.041666666668,348.375,49.16041659680014,The waiting time was too long.,Negative,-0.05,Waiting Time,0,1,0,100.0
2024-07,1026,Branch 1026,North,9445,733,6232327,4091475,778572,531137,26,68426,102,4.1,247435,31.78061887661,65.64923502890653,1.0799364743250397,29945.076923076922,363.2692307692308,51.16042960083707,Excellent service and quick response.,Positive,0.6666666666666666,Service Quality,1,0,0,0.0
2024-07,1027,Branch 1027,South,9243,555,5675772,3301798,614323,479180,28,65534,105,4.1,135143,21.998687986612904,58.17354890224625,1.1359948068808827,21940.10714285714,330.10714285714283,42.7843501349255,The ATM was not working properly.,Neutral,0.0,ATM Issue,0,0,1,0.0
2024-07,1028,Branch 1028,East,10898,898,6647798,4490375,750970,602995,31,105883,68,4.3,147975,19.70451549329534,67.54680271572632,0.6239677004955038,24224.83870967742,351.5483870967742,44.45603337582391,The loan process was very slow.,Negative,-0.39000000000000007,Loan Process,0,1,0,100.0
2024-07,1029,Branch 1029,West,10527,590,6996692,5369594,702201,452685,32,95392,199,4.0,249516,35.53341564594753,76.7447530918897,1.8903771254868436,21943.78125,328.96875,47.179357051593065,The mobile banking service was convenient.,Neutral,0.0,Digital Banking,0,0,1,0.0
2024-07,1030,Branch 1030,Central,8336,588,5321283,3269292,669870,519045,24,64264,124,4.2,150825,22.515562721124994,61.43804041243437,1.4875239923224568,27911.25,347.3333333333333,46.67020663100085,The account service was not satisfactory.,Neutral,0.0,Account Service,0,0,1,0.0
2024-07,1031,Branch 1031,North,10121,602,5829126,4379395,707468,552247,29,93375,79,4.3,155221,21.94035631293571,75.12953056770432,0.7805552810987056,24395.44827586207,349.0,45.218785134384625,The staff was very helpful and friendly.,Positive,0.2875,Staff Service,1,0,0,0.0
2024-07,1032,Branch 1032,South,10526,697,7212542,5093673,965884,711715,30,70476,111,4.0,254169,26.314650620571417,70.62243796985862,1.0545316359490786,32196.133333333335,350.8666666666667,49.503339574853214,The waiting time was too long.,Negative,-0.05,Waiting Time,0,1,0,100.0
2024-07,1033,Branch 1033,East,7788,589,5110528,3928055,652506,444780,26,71364,117,4.1,207726,31.835109562210924,76.86201895381456,1.50231124807396,25096.384615384617,299.53846153846155,46.499226730624365,Excellent service and quick response.,Positive,0.6666666666666666,Service Quality,1,0,0,0.0
2024-07,1034,Branch 1034,West,9782,841,5881694,4152919,736307,612519,33,64603,71,4.6,123788,16.81200912119537,70.60753245578569,0.7258229400940502,22312.333333333332,296.42424242424244,41.34293272143471,The ATM was not working properly.,Neutral,0.0,ATM Issue,0,0,1,0.0
2024-07,1035,Branch 1035,Central,8770,769,4890724,3033235,649630,407169,30,80136,172,4.2,242461,37.32293767221341,62.02016306788115,1.9612314709236034,21654.333333333332,292.3333333333333,46.862114189408246,The loan process was very slow.,Negative,-0.39000000000000007,Loan Process,0,1,0,100.0
2024-07,1036,Branch 1036,North,7466,525,4904305,2690407,526463,341910,23,52910,67,4.3,184553,35.05526504236765,54.85806857444633,0.8974015537101526,22889.695652173912,324.60869565217394,48.17843228063955,The mobile banking service was convenient.,Neutral,0.0,Digital Banking,0,0,1,0.0
2024-07,1037,Branch 1037,South,9807,628,5531151,3417472,709077,547810,32,90567,185,4.0,161267,22.74322816844997,61.78591038284799,1.8864076679922503,22158.65625,306.46875,41.93507054372098,The account service was not satisfactory.,Neutral,0.0,Account Service,0,0,1,0.0
2024-07,1038,Branch 1038,East,9037,410,6369363,4406578,880667,616706,29,89362,154,4.1,263961,29.9728501238266,69.18396706232632,1.7041053446940357,30367.827586206895,311.62068965517244,48.733047638725964,The staff was very helpful and friendly.,Positive,0.2875,Staff Service,1,0,0,0.0
2024-07,1039,Branch 1039,West,7994,607,4189788,2464571,557181,463933,25,65299,125,4.3,93248,16.73567476277906,58.823286524282366,1.5636727545659244,22287.24,319.76,41.30325609346692,The waiting time was too long.,Negative,-0.05,Waiting Time,0,1,0,100.0
2024-07,1040,Branch 1040,Central,9413,727,5185389,3256865,708793,585155,26,75274,88,4.0,123638,17.443456693279984,62.808499034498666,0.9348772973547222,27261.26923076923,362.03846153846155,44.56276443059377,Excellent service and quick response.,Positive,0.6666666666666666,Service Quality,1,0,0,0.0
2024-07,1041,Branch 1041,North,10456,630,7221620,5583368,857610,711137,29,88788,89,4.1,146473,17.079208498035236,77.31461915747437,0.851185921958684,29572.758620689656,360.55172413793105,45.73934676435925,The ATM was not working properly.,Neutral,0.0,ATM Issue,0,0,1,0.0
2024-07,1042,Branch 1042,South,7977,537,5512272,3631801,607938,459437,22,64936,152,3.9,148501,24.426997489875614,65.88573640778249,1.90547824996866,27633.545454545456,362.59090909090907,46.89920626549463,The loan process was very slow.,Negative,-0.39000000000000007,Loan Process,0,1,0,100.0
2024-07,1043,Branch 1043,East,8463,700,5800497,3242925,680823,428972,23,81540,95,4.3,251851,36.9921403947869,55.90770928766966,1.1225333805978968,29601.0,367.95652173913044,53.60696755981206,The mobile banking service was convenient.,Neutral,0.0,Digital Banking,0,0,1,0.0
2024-07,1044,Branch 1044,West,9985,618,6937348,4848926,865586,634708,30,90194,107,4.1,230878,26.67302844546931,69.89596024302081,1.0716074111166751,28852.866666666665,332.8333333333333,47.699327576394964,The account service was not satisfactory.,Neutral,0.0,Account Service,0,0,1,0.0
2024-07,1045,Branch 1045,Central,10061,477,5913890,4216799,713352,547783,32,100047,123,4.0,165569,23.2100001121466,71.30330459308509,1.222542490806083,22292.25,314.40625,42.46541988439744,The staff was very helpful and friendly.,Positive,0.2875,Staff Service,1,0,0,0.0
2024-07,1046,Branch 1046,North,9901,516,5202937,3423849,577893,369096,30,92072,140,4.0,208797,36.130737004947285,65.80608221856232,1.4139985860014141,19263.1,330.03333333333336,46.19858100507289,The waiting time was too long.,Negative,-0.05,Waiting Time,0,1,0,100.0
2024-07,1047,Branch 1047,South,7696,402,5198465,3209693,688120,538164,22,64147,133,4.2,149956,21.792129279776784,61.74309147027055,1.7281704781704783,31278.18181818182,349.8181818181818,48.058608169085744,Excellent service and quick response.,Positive,0.6666666666666666,Service Quality,1,0,0,0.0
2024-07,1048,Branch 1048,East,9815,627,5002672,3579566,553560,388151,28,91395,98,4.1,165409,29.88095238095238,71.55308203296158,0.9984717269485481,19770.0,350.5357142857143,45.33335937227047,The ATM was not working properly.,Neutral,0.0,ATM Issue,0,0,1,0.0
2024-07,1049,Branch 1049,West,8302,418,5332444,3639673,578991,400187,25,69972,52,4.7,178804,30.88199989291716,68.25525031298969,0.6263550951577933,23159.64,332.08,48.32942259479838,The loan process was very slow.,Negative,-0.39000000000000007,Loan Process,0,1,0,100.0
2024-07,1050,Branch 1050,Central,8781,642,5407828,3173441,621428,445067,23,63734,70,4.5,176361,28.379957130995066,58.68235824068368,0.7971757203052043,27018.608695652172,381.7826086956522,50.53938647097137,The mobile banking service was convenient.,Neutral,0.0,Digital Banking,0,0,1,0.0
2024-07,1051,Branch 1051,North,9590,631,6137141,4040365,726831,603198,32,80269,101,4.1,123633,17.009868869104373,65.83464515480418,1.0531803962460897,22713.46875,299.6875,40.222018751664464,The account service was not satisfactory.,Neutral,0.0,Account Service,0,0,1,0.0
2024-07,1052,Branch 1052,South,8264,656,4645304,3553458,561466,352461,28,82273,154,3.8,209005,37.224872031432,76.49570404864784,1.8635043562439497,20052.35714285714,295.14285714285717,45.00042898060843,The staff was very helpful and friendly.,Positive,0.2875,Staff Service,1,0,0,0.0
2024-07,1053,Branch 1053,East,8531,624,4477047,3460172,594530,377206,24,63535,103,4.2,217324,36.55391653911494,77.28692595811481,1.2073613878794984,24772.083333333332,355.4583333333333,50.455145967094,The waiting time was too long.,Negative,-0.05,Waiting Time,0,1,0,100.0
2024-07,1054,Branch 1054,West,9885,781,5130035,3323605,546327,438123,27,65738,86,4.1,108204,19.805720749660917,64.78717981456266,0.8700050581689428,20234.333333333332,366.1111111111111,42.619969404221074,Excellent service and quick response.,Positive,0.6666666666666666,Service Quality,1,0,0,0.0
2024-07,1055,Branch 1055,Central,8768,777,6078590,4204078,706651,549855,24,59518,149,4.0,156796,22.188605124736256,69.16205896433219,1.699361313868613,29443.791666666668,365.3333333333333,47.35254025981846,The ATM was not working properly.,Neutral,0.0,ATM Issue,0,0,1,0.0
2024-07,1056,Branch 1056,North,10692,949,6254680,3739126,764003,529992,32,74390,135,4.1,234011,30.62959176861871,59.781251798653166,1.2626262626262625,23875.09375,334.125,46.848323725231126,The loan process was very slow.,Negative,-0.39000000000000007,Loan Process,0,1,0,100.0
2024-07,1057,Branch 1057,South,10484,924,6876267,4217798,695741,538062,34,104582,99,4.1,157679,22.663462409143634,61.33848496575249,0.9442960702022128,20462.970588235294,308.3529411764706,41.501133045593534,The mobile banking service was convenient.,Neutral,0.0,Digital Banking,0,0,1,0.0
2024-07,1058,Branch 1058,East,8274,544,4474412,2700800,472240,332703,23,77248,118,4.1,139537,29.547899373200064,60.36100385927805,1.4261542180323905,20532.17391304348,359.7391304347826,45.92112681909638,The account service was not satisfactory.,Neutral,0.0,Account Service,0,0,1,0.0
2024-07,1059,Branch 1059,West,8667,530,5900569,4052251,780845,592890,29,62119,94,4.5,187955,24.070718260346162,68.67559721782763,1.084573670243452,26925.689655172413,298.86206896551727,45.79556766222718,The staff was very helpful and friendly.,Positive,0.2875,Staff Service,1,0,0,0.0
2024-07,1060,Branch 1060,Central,9475,615,5311204,2977865,618153,508160,30,80382,165,4.2,109993,17.79381479989582,56.06760726946282,1.7414248021108178,20605.1,315.8333333333333,40.45005337796713,The waiting time was too long.,Negative,-0.05,Waiting Time,0,1,0,100.0
2024-07,1061,Branch 1061,North,10387,835,7139549,4169580,835318,523045,31,85465,76,4.1,312273,37.38372691597691,58.40116791690904,0.7316838355636854,26945.74193548387,335.06451612903226,50.65833178651714,Excellent service and quick response.,Positive,0.6666666666666666,Service Quality,1,0,0,0.0
2024-07,1062,Branch 1062,South,9564,630,5434349,3567439,653507,471545,28,65737,190,4.3,181962,27.84392516070983,65.64611510964791,1.9866164784608948,23339.535714285714,341.57142857142856,46.51417034256402,The ATM was not working properly.,Neutral,0.0,ATM Issue,0,0,1,0.0
2024-07,1063,Branch 1063,East,8431,638,4355171,2299904,443875,277065,23,70322,88,4.6,166810,37.580399887355675,52.80858088006188,1.0437670501719845,19298.91304347826,366.5652173913044,49.92909587223607,The loan process was very slow.,Negative,-0.39000000000000007,Loan Process,0,1,0,100.0
2024-07,1064,Branch 1064,West,7990,721,5646800,4025851,793203,533304,23,65490,95,4.2,259899,32.76576109772656,71.29437911737622,1.1889862327909888,34487.086956521736,347.39130434782606,53.27929488517009,The mobile banking service was convenient.,Neutral,0.0,Digital Banking,0,0,1,0.0
2024-07,1065,Branch 1065,Central,8018,735,4427110,2857957,598284,439489,22,70489,83,4.3,158795,26.5417427175054,64.55581632261227,1.035170865552507,27194.727272727272,364.45454545454544,48.70964512868909,The account service was not satisfactory.,Neutral,0.0,Account Service,0,0,1,0.0
2024-07,1066,Branch 1066,North,8636,396,5998759,4329226,603871,377417,27,72960,99,4.4,226454,37.50039329591916,72.1686935581176,1.1463640574339973,22365.59259259259,319.85185185185185,48.91041989532887,The staff was very helpful and friendly.,Positive,0.2875,Staff Service,1,0,0,0.0
2024-07,1067,Branch 1067,South,8526,395,4779411,2612390,541740,415259,25,76135,134,4.2,126481,23.347177612877026,54.65924566855623,1.5716631480178278,21669.6,341.04,43.853096905787616,The waiting time was too long.,Negative,-0.05,Waiting Time,0,1,0,100.0
2024-07,1068,Branch 1068,East,8875,709,4963615,3018403,563860,431161,29,73715,115,4.1,132699,23.534033270670022,60.81057858032906,1.295774647887324,19443.44827586207,306.0344827586207,41.24844647139968,Excellent service and quick response.,Positive,0.6666666666666666,Service Quality,1,0,0,0.0
2024-07,1069,Branch 1069,West,10131,778,6459809,4821862,879643,564201,27,92106,114,4.3,315442,35.86022966135125,74.64403359294369,1.1252591057151318,32579.37037037037,375.22222222222223,54.858085106258976,The ATM was not working properly.,Neutral,0.0,ATM Issue,0,0,1,0.0
2024-07,1070,Branch 1070,Central,10346,763,6873059,5277495,820925,686163,32,81554,195,4.0,134762,16.41587233912964,76.78524220438089,1.8847863908757008,25653.90625,323.3125,41.97391732605287,The loan process was very slow.,Negative,-0.39000000000000007,Loan Process,0,1,0,100.0
2024-07,1071,Branch 1071,North,7580,616,5355363,3377699,703575,445784,23,67729,130,4.4,257791,36.6401591870092,63.07133615405716,1.7150395778364116,30590.217391304348,329.5652173913044,52.75968414783142,The mobile banking service was convenient.,Neutral,0.0,Digital Banking,0,0,1,0.0
2024-07,1072,Branch 1072,South,7881,482,4182140,2982877,495172,334865,25,65219,63,4.2,160307,32.37400337660449,71.32417853060873,0.7993909402360105,19806.88,315.24,45.163770978097006,The account service was not satisfactory.,Neutral,0.0,Account Service,0,0,1,0.0
2024-07,1073,Branch 1073,East,9173,568,4871710,3350990,566710,428419,29,83094,81,4.5,138291,24.402428049619733,68.78467724885103,0.8830262727570043,19541.724137931036,316.3103448275862,43.19318814164454,The staff was very helpful and friendly.,Positive,0.2875,Staff Service,1,0,0,0.0
2024-07,1074,Branch 1074,West,10493,877,6355482,4485059,753995,565459,33,88281,150,4.4,188536,25.004940351063336,70.56992687572713,1.4295244448680073,22848.333333333332,317.969696969697,44.68618724401156,The waiting time was too long.,Negative,-0.05,Waiting Time,0,1,0,100.0
2024-07,1075,Branch 1075,Central,9878,583,6427403,4007072,684459,527695,31,77195,133,4.2,156764,22.90334410096149,62.34356239993042,1.3464264021056893,22079.322580645163,318.64516129032256,43.023547607131874,Excellent service and quick response.,Positive,0.6666666666666666,Service Quality,1,0,0,0.0
2024-07,1076,Branch 1076,North,8489,671,5656625,3448687,787434,531966,25,78521,152,3.9,255468,32.44309999314228,60.967219852827434,1.7905524796795853,31497.36,339.56,50.592083806154946,The ATM was not working properly.,Neutral,0.0,ATM Issue,0,0,1,0.0
2024-07,1077,Branch 1077,South,8318,458,5592751,4206815,733744,522163,23,69844,112,4.3,211581,28.835806493818005,75.2190648215878,1.3464775186342872,31901.91304347826,361.6521739130435,51.565957847591555,The loan process was very slow.,Negative,-0.39000000000000007,Loan Process,0,1,0,100.0
2024-07,1078,Branch 1078,East,9655,906,5336610,4153811,730709,480544,29,59024,187,4.0,250165,34.235927024301056,77.8361356741452,1.9368203003625066,25196.862068965518,332.9310344827586,48.371454597096815,The mobile banking service was convenient.,Neutral,0.0,Digital Banking,0,0,1,0.0
2024-07,1079,Branch 1079,West,9406,671,5584478,3377166,540456,393598,25,83546,173,4.1,146858,27.172979854049174,60.474157119071826,1.839251541569211,21618.24,376.24,46.22394990557616,The account service was not satisfactory.,Neutral,0.0,Account Service,0,0,1,0.0
2024-07,1080,Branch 1080,Central,9417,636,6379504,3738951,746891,601327,31,80151,89,4.2,145564,19.489323073915738,58.60880407003428,0.9450992885207603,24093.25806451613,303.7741935483871,42.180717508268394,The staff was very helpful and friendly.,Positive,0.2875,Staff Service,1,0,0,0.0
2024-07,1081,Branch 1081,North,8585,476,5643767,3784774,664442,421309,27,61546,102,4.3,243133,36.59205769653333,67.06113133302632,1.188118811881188,24608.962962962964,317.962962962963,49.24980971841474,The waiting time was too long.,Negative,-0.05,Waiting Time,0,1,0,100.0
2024-07,1082,Branch 1082,South,8266,590,5861840,3578694,606018,471044,22,73306,70,4.1,134974,22.27227574098459,61.05069398004722,0.8468424872973626,27546.272727272728,375.72727272727275,47.2108086638864,Excellent service and quick response.,Positive,0.6666666666666666,Service Quality,1,0,0,0.0
2024-07,1083,Branch 1083,East,9098,683,5992419,4117471,754200,617821,29,84701,120,4.2,136379,18.082604083797403,68.71133343646363,1.3189712024620797,26006.896551724138,313.7241379310345,42.95014092104465,The ATM was not working properly.,Neutral,0.0,ATM Issue,0,0,1,0.0
2024-07,1084,Branch 1084,West,10226,541,5906806,3409976,746058,617707,30,79287,125,4.1,128351,17.20389031415788,57.729608861371105,1.2223743399178564,24868.6,340.8666666666667,42.86508851555298,The loan process was very slow.,Negative,-0.39000000000000007,Loan Process,0,1,0,100.0
2024-07,1085,Branch 1085,Central,9593,842,6186776,3686931,884256,685997,30,61522,155,4.4,198259,22.420995729743424,59.59373670551512,1.6157614927551338,29475.2,319.76666666666665,46.89371720296201,The mobile banking service was convenient.,Neutral,0.0,Digital Banking,0,0,1,0.0
2024-07,1086,Branch 1086,North,9343,585,4904256,3605725,611527,411733,27,76466,185,4.0,199794,32.6713293117066,73.5223650641402,1.980092047522209,22649.14814814815,346.037037037037,47.15872310016214,The account service was not satisfactory.,Neutral,0.0,Account Service,0,0,1,0.0
2024-07,1087,Branch 1087,South,8340,750,5905025,4500832,851616,634590,26,70595,104,4.3,217026,25.484020967196486,76.22037163263492,1.2470023980815348,32754.46153846154,320.7692307692308,49.21004904583355,The staff was very helpful and friendly.,Positive,0.2875,Staff Service,1,0,0,0.0
2024-07,1088,Branch 1088,East,9602,623,6050149,3285914,816877,632401,31,67483,102,4.5,184476,22.58308166345729,54.311290515324494,1.0622786919391793,26350.870967741936,309.741935483871,45.42990557656386,The waiting time was too long.,Negative,-0.05,Waiting Time,0,1,0,100.0
2024-07,1089,Branch 1089,West,10434,653,5262725,3083316,645899,457947,31,76034,191,4.0,187952,29.099286420941972,58.58782284842928,1.8305539582135326,20835.451612903227,336.5806451612903,44.71162587363488,Excellent service and quick response.,Positive,0.6666666666666666,Service Quality,1,0,0,0.0
2024-07,1090,Branch 1090,Central,8927,541,5023606,3749554,647165,455549,30,85303,56,4.3,191616,29.608523328671975,74.6386957894389,0.6273104066315671,21572.166666666668,297.56666666666666,44.62585613202846,The ATM was not working properly.,Neutral,0.0,ATM Issue,0,0,1,0.0
2024-07,1091,Branch 1091,North,9718,787,5762360,4359787,707350,545647,26,90135,67,4.4,161703,22.860394429914468,75.65974704808447,0.6894422720724429,27205.76923076923,373.7692307692308,48.08491251921737,The loan process was very slow.,Negative,-0.39000000000000007,Loan Process,0,1,0,100.0
2024-07,1092,Branch 1092,South,10529,974,7143843,4492865,769532,580137,33,92166,64,4.7,189395,24.611712053559824,62.891429724869376,0.607844999525121,23319.151515151516,319.06060606060606,45.70673919332706,The mobile banking service was convenient.,Neutral,0.0,Digital Banking,0,0,1,0.0
2024-07,1093,Branch 1093,East,8695,619,5122421,3221798,580684,477916,25,73197,58,4.6,102768,17.697749550530066,62.89600171481414,0.6670500287521564,23227.36,347.8,44.05133966548472,The account service was not satisfactory.,Neutral,0.0,Account Service,0,0,1,0.0
2024-07,1094,Branch 1094,West,9633,502,5616933,4272963,636555,444640,33,77441,140,4.3,191915,30.149005192010115,76.07288532727736,1.4533374857261496,19289.545454545456,291.90909090909093,43.549112887390045,The staff was very helpful and friendly.,Positive,0.2875,Staff Service,1,0,0,0.0
2024-07,1095,Branch 1095,Central,9956,870,5916770,4241683,700523,473271,32,90621,98,4.2,227252,32.44033386484098,71.68916486528968,0.9843310566492567,21891.34375,311.125,45.98561398828903,The waiting time was too long.,Negative,-0.05,Waiting Time,0,1,0,100.0
2024-07,1096,Branch 1096,North,10533,974,7430003,5498904,1007343,654749,28,85440,67,4.3,352594,35.00237754171122,74.00944521825899,0.6360960789898414,35976.53571428572,376.17857142857144,56.15446570473544,Excellent service and quick response.,Positive,0.6666666666666666,Service Quality,1,0,0,0.0
2024-07,1097,Branch 1097,South,8247,557,5030216,3553548,725458,518526,23,63246,97,4.3,206932,28.524325322761623,70.64404391382,1.176185279495574,31541.652173913044,358.5652173913044,51.172660424787466,The ATM was not working properly.,Neutral,0.0,ATM Issue,0,0,1,0.0
2024-07,1098,Branch 1098,East,8288,736,5645022,4327206,625505,442613,25,73618,100,4.0,182892,29.2390948113924,76.6552548422309,1.2065637065637065,25020.2,331.52,46.48711616492932,The loan process was very slow.,Negative,-0.39000000000000007,Loan Process,0,1,0,100.0
2024-07,1099,Branch 1099,West,10489,928,5787124,3661744,727427,484417,30,99961,151,4.2,243010,33.406788584971416,63.273985489165256,1.439603394031843,24247.566666666666,349.6333333333333,48.888523795102216,The mobile banking service was convenient.,Neutral,0.0,Digital Banking,0,0,1,0.0
2024-07,1100,Branch 1100,Central,10346,828,6199945,4118514,814654,602630,33,91196,191,4.2,212024,26.026263910813668,66.42823444401523,1.8461241059346607,24686.484848484848,313.5151515151515,45.11610943265072,The account service was not satisfactory.,Neutral,0.0,Account Service,0,0,1,0.0
2024-08,1001,Branch 1001,North,9835,773,5450043,3831861,664269,460875,28,93646,122,4.4,203394,30.619222032038223,70.30882141663837,1.2404677173360448,23723.89285714286,351.25,48.33468242369183,The staff was very helpful and friendly.,Positive,0.2875,Staff Service,1,0,0,0.0
2024-08,1002,Branch 1002,South,8422,755,4479211,2731674,543175,396601,27,77348,158,3.9,146574,26.984673447783862,60.98560661687963,1.8760389456186177,20117.59259259259,311.9259259259259,42.39255770079626,The waiting time was too long.,Negative,-0.05,Waiting Time,0,1,0,100.0
2024-08,1003,Branch 1003,East,8987,595,5877553,4154028,803254,548301,29,77031,106,4.3,254953,31.74002245864944,70.67614702921436,1.1794814732391232,27698.41379310345,309.8965517241379,48.65951093358316,Excellent service and quick response.,Positive,0.6666666666666666,Service Quality,1,0,0,0.0
2024-08,1004,Branch 1004,West,8992,549,6091450,4294423,877875,685924,25,67335,168,4.4,191951,21.865413640894204,70.499191489711,1.8683274021352312,35115.0,359.68,50.82566472833285,The ATM was not working properly.,Neutral,0.0,ATM Issue,0,0,1,0.0
2024-08,1005,Branch 1005,Central,8972,576,4739656,3503898,548369,393079,24,61450,165,4.1,155290,28.318522746544755,73.92726391957561,1.8390548372715116,22848.708333333332,373.8333333333333,47.09718716050441,The loan process was very slow.,Negative,-0.39000000000000007,Loan Process,0,1,0,100.0
2024-08,1006,Branch 1006,North,10731,591,5773718,3701600,725906,587200,32,94494,132,4.2,138706,19.107983678327496,64.11120182870033,1.2300810735253005,22684.5625,335.34375,42.61605902940651,The mobile banking service was convenient.,Neutral,0.0,Digital Banking,0,0,1,0.0
2024-08,1007,Branch 1007,South,7876,480,4962204,3676057,532372,402999,24,47821,56,4.4,129373,24.301240485975974,74.08113410895642,0.7110208227526663,22182.166666666668,328.1666666666667,44.52666522689348,The account service was not satisfactory.,Neutral,0.0,Account Service,0,0,1,0.0
2024-08,1008,Branch 1008,East,7305,634,4465678,3462084,630399,529507,24,51158,143,4.2,100892,16.004467012162138,77.52650325437706,1.9575633127994523,26266.625,304.375,41.98205089339196,The staff was very helpful and friendly.,Positive,0.2875,Staff Service,1,0,0,0.0
2024-08,1009,Branch 1009,West,7808,645,5192956,3722634,699823,434100,24,76171,138,4.1,265723,37.97002956461848,71.68622264467483,1.7674180327868851,29159.291666666668,325.3333333333333,51.50517910542705,The waiting time was too long.,Negative,-0.05,Waiting Time,0,1,0,100.0
2024-08,1010,Branch 1010,Central,8253,589,5428522,3219228,714089,533590,24,62876,96,4.2,180499,25.27682123656855,59.302108382355264,1.1632133769538349,29753.708333333332,343.875,48.34944346655196,Excellent service and quick response.,Positive,0.6666666666666666,Service Quality,1,0,0,0.0
2024-08,1011,Branch 1011,North,11267,833,6068863,3858820,680382,465073,35,90233,93,4.5,215309,31.6453110164584,63.583903607644466,0.8254193662909382,19439.485714285714,321.9142857142857,45.897038762545066,The ATM was not working properly.,Neutral,0.0,ATM Issue,0,0,1,0.0
2024-08,1012,Branch 1012,South,8021,417,4441227,3159684,496297,391280,26,74334,104,4.2,105017,21.160111787901194,71.14439320485081,1.2965964343598055,19088.346153846152,308.5,40.64946600454287,The loan process was very slow.,Negative,-0.39000000000000007,Loan Process,0,1,0,100.0
2024-08,1013,Branch 1013,East,7536,604,4148022,2327360,476477,347138,20,64901,85,4.1,129339,27.144856939579455,56.107706275424775,1.1279193205944797,23823.85,376.8,47.24837296652123,The mobile banking service was convenient.,Neutral,0.0,Digital Banking,0,0,1,0.0
2024-08,1014,Branch 1014,West,8659,586,5448088,3761015,644916,507175,26,80542,166,4.0,137741,21.3579753022099,69.03366832547492,1.9170804942834048,24804.46153846154,333.03846153846155,43.688137888553335,The account service was not satisfactory.,Neutral,0.0,Account Service,0,0,1,0.0
2024-08,1015,Branch 1015,Central,9281,654,6111400,4131786,752800,556865,30,60529,120,3.9,195935,26.02749734325186,67.60784762902118,1.2929641202456632,25093.333333333332,309.3666666666667,44.24360434334548,The staff was very helpful and friendly.,Positive,0.2875,Staff Service,1,0,0,0.0
2024-08,1016,Branch 1016,North,7601,614,4844472,3731842,664999,529748,26,58919,91,4.4,135251,20.33852682485237,77.03299761047231,1.1972108933035126,25576.884615384617,292.34615384615387,43.31909814741107,The waiting time was too long.,Negative,-0.05,Waiting Time,0,1,0,100.0
2024-08,1017,Branch 1017,South,9660,645,6094015,4193043,721030,539507,31,61094,125,4.5,181523,25.175512808066237,68.8059185938991,1.2939958592132506,23259.032258064515,311.61290322580646,44.989686041296544,Excellent service and quick response.,Positive,0.6666666666666666,Service Quality,1,0,0,0.0
2024-08,1018,Branch 1018,East,8492,727,5336840,3477981,605720,441288,27,80798,162,4.0,164432,27.146536353430626,65.16929493857788,1.9076778144135658,22434.074074074073,314.51851851851853,43.91264888861828,The ATM was not working properly.,Neutral,0.0,ATM Issue,0,0,1,0.0
2024-08,1019,Branch 1019,West,8100,547,4653528,2736032,567014,395464,23,73265,73,4.3,171550,30.254984885734743,58.7947896735552,0.9012345679012346,24652.782608695652,352.17391304347825,48.369273898593796,The loan process was very slow.,Negative,-0.39000000000000007,Loan Process,0,1,0,100.0
2024-08,1020,Branch 1020,Central,8377,767,5256738,3724897,640350,408428,25,77852,72,4.5,231922,36.21800577809011,70.85947597160065,0.8594962397039514,25614.0,335.08,50.8394581071919,The mobile banking service was convenient.,Neutral,0.0,Digital Banking,0,0,1,0.0
2024-08,1021,Branch 1021,North,10294,753,7172914,5063460,779770,511645,29,66699,105,4.4,268125,34.38513920771509,70.5913942367077,1.0200116572760831,26888.620689655174,354.9655172413793,51.24890287504888,The account service was not satisfactory.,Neutral,0.0,Account Service,0,0,1,0.0
2024-08,1022,Branch 1022,South,7921,364,4450164,2383559,504353,392431,21,74066,117,4.1,111922,22.1912033833446,53.56114965650705,1.4770862264865547,24016.809523809523,377.1904761904762,45.61822692228296,The staff was very helpful and friendly.,Positive,0.2875,Staff Service,1,0,0,0.0
2024-08,1023,Branch 1023,East,8520,394,5600184,3398967,659086,435135,23,65706,60,4.2,223951,33.979025498948545,60.69384505937661,0.7042253521126761,28655.91304347826,370.4347826086956,51.91386936696529,The waiting time was too long.,Negative,-0.05,Waiting Time,0,1,0,100.0
2024-08,1024,Branch 1024,West,7613,669,5388835,2827028,735289,502252,26,64547,98,4.2,233037,31.69325258503799,52.460838010441954,1.2872717719690003,28280.346153846152,292.8076923076923,47.9523147616913,Excellent service and quick response.,Positive,0.6666666666666666,Service Quality,1,0,0,0.0
2024-08,1025,Branch 1025,Central,8318,693,5229138,3008984,654089,469947,25,59587,109,4.1,184142,28.152437970979484,57.54263895884944,1.3104111565280117,26163.56,332.72,46.977965418585796,The ATM was not working properly.,Neutral,0.0,ATM Issue,0,0,1,0.0
2024-08,1026,Branch 1026,North,9718,729,5832504,3721250,656935,543839,30,88642,168,4.1,113096,17.215706272310047,63.80192795409999,1.7287507717637374,21897.833333333332,323.93333333333334,40.853169110314724,The loan process was very slow.,Negative,-0.39000000000000007,Loan Process,0,1,0,100.0
2024-08,1027,Branch 1027,South,8554,750,4750526,2960079,492913,317081,29,62065,141,4.1,175832,35.672015142631665,62.31055255775887,1.6483516483516485,16997.0,294.9655172413793,43.94723737511778,The mobile banking service was convenient.,Neutral,0.0,Digital Banking,0,0,1,0.0
2024-08,1028,Branch 1028,East,10848,984,5791162,3168880,743776,609721,30,106375,192,4.0,134055,18.02357161295874,54.71924287388264,1.7699115044247788,24792.533333333333,361.6,43.615404608695016,The account service was not satisfactory.,Neutral,0.0,Account Service,0,0,1,0.0
2024-08,1029,Branch 1029,West,10273,796,5307910,3346018,629759,417522,28,95225,167,4.2,212237,33.701304784846265,63.0383333553131,1.625620558746228,22491.39285714286,366.89285714285717,48.84985138438951,The staff was very helpful and friendly.,Positive,0.2875,Staff Service,1,0,0,0.0
2024-08,1030,Branch 1030,Central,8900,724,6100336,4673439,856981,632862,29,73358,84,4.3,224119,26.152155065281494,76.60953429450443,0.943820224719101,29551.068965517243,306.8965517241379,47.43888405660655,The waiting time was too long.,Negative,-0.05,Waiting Time,0,1,0,100.0
2024-08,1031,Branch 1031,North,10190,534,5781380,3059344,594716,382232,32,61935,89,4.6,212484,35.72865031376321,52.91719278096233,0.873405299313052,18584.875,318.4375,47.09993776013087,Excellent service and quick response.,Positive,0.6666666666666666,Service Quality,1,0,0,0.0
2024-08,1032,Branch 1032,South,10039,877,5471240,3973785,690443,501317,33,70994,130,4.4,189126,27.39197877304861,72.63042747165176,1.294949696184879,20922.515151515152,304.2121212121212,44.10766745758096,The ATM was not working properly.,Neutral,0.0,ATM Issue,0,0,1,0.0
2024-08,1033,Branch 1033,East,7282,681,5038641,3396345,667128,442431,20,65734,113,4.2,224697,33.681242580134544,67.4059731582385,1.5517714913485308,33356.4,364.1,53.72394168411916,The loan process was very slow.,Negative,-0.39000000000000007,Loan Process,0,1,0,100.0
2024-08,1034,Branch 1034,West,9802,928,5363381,3126902,615201,424634,28,88164,118,4.0,190567,30.976380077405597,58.30094859940027,1.203835951846562,21971.464285714286,350.07142857142856,46.40968070915018,The mobile banking service was convenient.,Neutral,0.0,Digital Banking,0,0,1,0.0
2024-08,1035,Branch 1035,Central,8566,489,5891471,4269784,639382,411335,23,59954,167,3.9,228047,35.66678448877197,72.47398824504101,1.9495680597711884,27799.217391304348,372.4347826086956,51.288245964935285,The account service was not satisfactory.,Neutral,0.0,Account Service,0,0,1,0.0
2024-08,1036,Branch 1036,North,7913,623,5416093,3116823,761910,544927,26,68726,107,4.5,216983,28.478822958092167,57.547442409131456,1.3522052318968785,29304.23076923077,304.34615384615387,48.64167729120451,The staff was very helpful and friendly.,Positive,0.2875,Staff Service,1,0,0,0.0
2024-08,1037,Branch 1037,South,9874,849,6737761,4942172,781698,610929,30,64386,117,4.3,170769,21.845904684417768,73.35036075040358,1.1849301195057726,26056.6,329.1333333333333,45.18346076748713,The waiting time was too long.,Negative,-0.05,Waiting Time,0,1,0,100.0
2024-08,1038,Branch 1038,East,9396,533,6487982,4002158,656733,478524,30,91215,147,4.2,178209,27.135685278492172,61.685713677997256,1.5644955300127712,21891.1,313.2,44.2087745964346,Excellent service and quick response.,Positive,0.6666666666666666,Service Quality,1,0,0,0.0
2024-08,1039,Branch 1039,West,8246,762,5055319,3133786,690302,468435,22,81228,93,4.5,221867,32.14057035906024,61.98987640542565,1.1278195488721803,31377.363636363636,374.8181818181818,53.58874669385418,The ATM was not working properly.,Neutral,0.0,ATM Issue,0,0,1,0.0
2024-08,1040,Branch 1040,Central,9312,824,5144250,3581575,559847,392145,27,58591,167,4.0,167702,29.954969839974137,69.6228799144676,1.7933848797250858,20735.074074074073,344.8888888888889,45.28494241445862,The loan process was very slow.,Negative,-0.39000000000000007,Loan Process,0,1,0,100.0
2024-08,1041,Branch 1041,North,9394,426,5525103,3370882,665754,497767,28,65763,136,4.2,167987,25.23259342039252,61.01030152741044,1.447732595273579,23776.928571428572,335.5,45.26724736726425,The mobile banking service was convenient.,Neutral,0.0,Digital Banking,0,0,1,0.0
2024-08,1042,Branch 1042,South,8402,521,5581285,3728622,661701,497779,28,68633,141,4.3,163922,24.772820352394813,66.80579830630401,1.6781718638419423,23632.178571428572,300.07142857142856,43.97565961283844,The account service was not satisfactory.,Neutral,0.0,Account Service,0,0,1,0.0
2024-08,1043,Branch 1043,East,8621,564,4443846,2903208,590758,459475,24,59906,119,4.2,131283,22.222805277287826,65.33097681602827,1.380350307388934,24614.916666666668,359.2083333333333,45.511490906538185,The staff was very helpful and friendly.,Positive,0.2875,Staff Service,1,0,0,0.0
2024-08,1044,Branch 1044,West,10751,1018,5983310,3476573,584774,385561,30,79295,134,4.2,199213,34.06666507060848,58.10451071396936,1.2463956841224073,19492.466666666667,358.3666666666667,47.27246683133556,The waiting time was too long.,Negative,-0.05,Waiting Time,0,1,0,100.0
2024-08,1045,Branch 1045,Central,10477,680,7199356,3819966,974590,807300,28,66387,129,4.4,167290,17.165166890692497,53.059829240282056,1.231268492889186,34806.78571428572,374.17857142857144,49.59734125804168,Excellent service and quick response.,Positive,0.6666666666666666,Service Quality,1,0,0,0.0
2024-08,1046,Branch 1046,North,9157,721,5542087,2929390,539103,384286,27,68244,119,4.3,154817,28.717517802720444,52.85716373633254,1.299552255105384,19966.777777777777,339.14814814814815,45.17802019774105,The ATM was not working properly.,Neutral,0.0,ATM Issue,0,0,1,0.0
2024-08,1047,Branch 1047,South,7833,656,4916006,3625605,677359,525182,21,52976,132,4.2,152177,22.466225443228772,73.75102878230824,1.685178092684795,32255.190476190477,373.0,49.63576843205717,The loan process was very slow.,Negative,-0.39000000000000007,Loan Process,0,1,0,100.0
2024-08,1048,Branch 1048,East,9454,826,5490050,3109816,670529,491110,27,73822,84,4.4,179419,26.757828520466674,56.64458429340352,0.8885127988153163,24834.40740740741,350.14814814814815,47.4506582564008,The mobile banking service was convenient.,Neutral,0.0,Digital Banking,0,0,1,0.0
2024-08,1049,Branch 1049,West,8223,440,5777986,3858072,704316,487238,23,55429,136,4.1,217078,30.82110870688725,66.77191671977052,1.6538976042806761,30622.434782608696,357.5217391304348,50.91429723007819,The account service was not satisfactory.,Neutral,0.0,Account Service,0,0,1,0.0
2024-08,1050,Branch 1050,Central,8964,499,4663270,3576568,579609,410536,28,69407,154,4.2,169073,29.17018196749878,76.69656700126734,1.717983043284248,20700.321428571428,320.14285714285717,44.64144432943656,The staff was very helpful and friendly.,Positive,0.2875,Staff Service,1,0,0,0.0
2024-08,1051,Branch 1051,North,9285,628,4878497,3192416,529901,331976,29,81968,95,4.2,197925,37.35131656667944,65.4385151820325,1.0231556273559503,18272.44827586207,320.17241379310343,46.39122488290766,The waiting time was too long.,Negative,-0.05,Waiting Time,0,1,0,100.0
2024-08,1052,Branch 1052,South,8220,717,5647377,3260127,576626,363006,26,78619,148,3.8,213620,37.046543166627934,57.72816300381576,1.8004866180048662,22177.923076923078,316.15384615384613,46.72300948658729,Excellent service and quick response.,Positive,0.6666666666666666,Service Quality,1,0,0,0.0
2024-08,1053,Branch 1053,East,8356,447,4815695,3094365,692224,519965,23,59145,121,4.5,172259,24.884863859097635,64.25583430844354,1.4480612733365248,30096.695652173912,363.30434782608694,50.01788308842411,The ATM was not working properly.,Neutral,0.0,ATM Issue,0,0,1,0.0
2024-08,1054,Branch 1054,West,10121,617,7137496,4832847,969088,736784,28,76525,138,4.2,232304,23.97140404173821,67.71067892717558,1.3635016302736884,34610.28571428572,361.4642857142857,50.79972783552458,The loan process was very slow.,Negative,-0.39000000000000007,Loan Process,0,1,0,100.0
2024-08,1055,Branch 1055,Central,8697,566,6068852,4451147,769881,552254,23,56673,171,4.0,217627,28.2676153847153,73.34413493688757,1.9661952397378408,33473.086956521736,378.1304347826087,51.8230019108185,The mobile banking service was convenient.,Neutral,0.0,Digital Banking,0,0,1,0.0
2024-08,1056,Branch 1056,North,10249,605,5258354,3874535,593956,482777,31,81600,147,4.2,111179,18.718389914404433,73.68341880367886,1.4342862718313982,19159.870967741936,330.61290322580646,40.67917885471349,The account service was not satisfactory.,Neutral,0.0,Account Service,0,0,1,0.0
2024-08,1057,Branch 1057,South,10514,884,7395083,5728830,991486,732200,35,102921,202,4.2,259286,26.15125175746304,77.46809603083562,1.9212478599961957,28328.17142857143,300.4,46.326921248286595,The staff was very helpful and friendly.,Positive,0.2875,Staff Service,1,0,0,0.0
2024-08,1058,Branch 1058,East,7766,640,5019084,3666249,641109,436460,26,67093,101,4.2,204649,31.921092981068742,73.04617735028943,1.3005408189544165,24658.03846153846,298.6923076923077,46.59547305731141,The waiting time was too long.,Negative,-0.05,Waiting Time,0,1,0,100.0
2024-08,1059,Branch 1059,West,8398,401,4318522,2904342,466718,320773,25,73684,76,4.2,145945,31.27048881765863,67.25314818356836,0.904977375565611,18668.72,335.92,45.05125616782668,Excellent service and quick response.,Positive,0.6666666666666666,Service Quality,1,0,0,0.0
2024-08,1060,Branch 1060,Central,9277,813,5437119,3765931,688476,569995,26,71410,97,4.0,118481,17.20916923756238,69.26335436101361,1.0455966368438072,26479.846153846152,356.8076923076923,43.92055953387646,The ATM was not working properly.,Neutral,0.0,ATM Issue,0,0,1,0.0
2024-08,1061,Branch 1061,North,10846,864,7272762,4628715,909564,622177,30,102456,170,4.1,287387,31.596127375313888,63.64452734738192,1.5673981191222568,30318.8,361.53333333333336,51.20060990225765,The loan process was very slow.,Negative,-0.39000000000000007,Loan Process,0,1,0,100.0
2024-08,1062,Branch 1062,South,10009,636,5690714,3473805,738265,535045,29,81828,94,4.3,203220,27.52670111680765,61.043394554707895,0.9391547607153562,25457.41379310345,345.13793103448273,47.51289379234971,The mobile banking service was convenient.,Neutral,0.0,Digital Banking,0,0,1,0.0
2024-08,1063,Branch 1063,East,8893,411,5154819,3584288,558318,373601,26,75229,143,4.3,184717,33.08455038168213,69.53276148008301,1.6080062970875968,21473.76923076923,342.03846153846155,47.50970850161657,The account service was not satisfactory.,Neutral,0.0,Account Service,0,0,1,0.0
2024-08,1064,Branch 1064,West,8332,376,4603991,3408716,479935,302852,25,60654,90,4.3,177083,36.89728817444029,74.03828547883782,1.0801728276524245,19197.4,333.28,47.461723339518414,The staff was very helpful and friendly.,Positive,0.2875,Staff Service,1,0,0,0.0
2024-08,1065,Branch 1065,Central,8591,567,4356399,3340403,535068,398819,25,56120,69,4.4,136249,25.463866274940756,76.67807746719252,0.803166104062391,21402.72,343.64,45.17151542299196,The waiting time was too long.,Negative,-0.05,Waiting Time,0,1,0,100.0
2024-08,1066,Branch 1066,North,8826,572,4691632,2767682,623925,488233,30,60953,141,4.4,135692,21.74812677805826,58.99188171621304,1.5975526852481305,20797.5,294.2,41.689394005468564,Excellent service and quick response.,Positive,0.6666666666666666,Service Quality,1,0,0,0.0
2024-08,1067,Branch 1067,South,8942,749,4813321,2736529,659571,504119,24,66730,134,4.2,155452,23.568652957755877,56.85324124445471,1.4985461865354508,27482.125,372.5833333333333,47.814027452728666,The ATM was not working properly.,Neutral,0.0,ATM Issue,0,0,1,0.0
2024-08,1068,Branch 1068,East,8938,432,5540765,3999304,756989,511771,29,82067,168,3.8,245218,32.39386569685953,72.17963584450884,1.8796151264264938,26103.068965517243,308.2068965517241,46.590794136647496,The loan process was very slow.,Negative,-0.39000000000000007,Loan Process,0,1,0,100.0
2024-08,1069,Branch 1069,West,10101,951,6964532,4457277,786744,537578,27,73344,123,4.3,249166,31.670530693592834,63.999662863204584,1.2177012177012176,29138.666666666668,374.1111111111111,51.769111817821035,The mobile banking service was convenient.,Neutral,0.0,Digital Banking,0,0,1,0.0
2024-08,1070,Branch 1070,Central,10634,808,6333494,4514220,759330,551182,35,74437,127,4.0,208148,27.412060632399616,71.27534975165368,1.194282490126011,21695.14285714286,303.8285714285714,43.254678178922454,The account service was not satisfactory.,Neutral,0.0,Account Service,0,0,1,0.0
2024-08,1071,Branch 1071,North,8089,634,5285633,4086158,670684,476679,23,65363,65,4.3,194005,28.9264392769173,77.30688074635526,0.8035603906539744,29160.17391304348,351.69565217391306,49.95542971102956,The staff was very helpful and friendly.,Positive,0.2875,Staff Service,1,0,0,0.0
2024-08,1072,Branch 1072,South,7729,368,4132528,2253012,530090,421979,26,60345,130,4.2,108111,20.394838612311116,54.5189772458892,1.6819769698537972,20388.076923076922,297.2692307692308,40.545940278097575,The waiting time was too long.,Negative,-0.05,Waiting Time,0,1,0,100.0
2024-08,1073,Branch 1073,East,8759,666,5336123,3223130,565980,384576,24,58986,169,4.2,181404,32.05130923354182,60.402093430005266,1.929444000456673,23582.5,364.9583333333333,48.69884292025312,Excellent service and quick response.,Positive,0.6666666666666666,Service Quality,1,0,0,0.0
2024-08,1074,Branch 1074,West,9942,621,6319143,4415469,870780,645327,29,94773,140,4.0,225453,25.890925377247985,69.87449089219851,1.4081673707503521,30026.896551724138,342.82758620689657,48.04948241106868,The ATM was not working properly.,Neutral,0.0,ATM Issue,0,0,1,0.0
2024-08,1075,Branch 1075,Central,9979,713,5287010,3110183,660301,431340,28,69988,114,4.1,228961,34.67524659208452,58.82687946495279,1.1423990379797575,23582.178571428572,356.39285714285717,48.98725291629157,The loan process was very slow.,Negative,-0.39000000000000007,Loan Process,0,1,0,100.0
2024-08,1076,Branch 1076,North,8026,670,4627985,2428906,605051,441832,25,48599,149,4.2,163219,26.976073091359243,52.48301366577463,1.8564664839272365,24202.04,321.04,45.515860747742785,The mobile banking service was convenient.,Neutral,0.0,Digital Banking,0,0,1,0.0
2024-08,1077,Branch 1077,South,8507,541,6072006,4663151,812446,572831,23,69780,72,4.5,239615,29.49303707569488,76.79753610256643,0.8463618196779124,35323.739130434784,369.8695652173913,54.28353255854412,The account service was not satisfactory.,Neutral,0.0,Account Service,0,0,1,0.0
2024-08,1078,Branch 1078,East,9192,637,6168802,4187302,800922,566065,27,75020,157,4.1,234857,29.323329862333658,67.87869022218577,1.7080069625761534,29663.777777777777,340.44444444444446,49.29233371395168,The staff was very helpful and friendly.,Positive,0.2875,Staff Service,1,0,0,0.0
2024-08,1079,Branch 1079,West,9235,756,6529996,4172566,886093,650146,28,62451,105,4.4,235947,26.6277918909189,63.89844649215711,1.136978884677856,31646.178571428572,329.82142857142856,49.750064350975414,The waiting time was too long.,Negative,-0.05,Waiting Time,0,1,0,100.0
2024-08,1080,Branch 1080,Central,9003,455,6251096,3433539,842393,614739,28,61414,75,4.1,227654,27.02467850516327,54.926992002682404,0.8330556481172943,30085.464285714286,321.5357142857143,47.95332678208087,Excellent service and quick response.,Positive,0.6666666666666666,Service Quality,1,0,0,0.0
2024-08,1081,Branch 1081,North,8454,620,5569719,4164509,643716,492336,22,58342,71,4.1,151380,23.516581846652873,74.77054048866738,0.8398391294061983,29259.81818181818,384.27272727272725,48.76213741419924,The ATM was not working properly.,Neutral,0.0,ATM Issue,0,0,1,0.0
2024-08,1082,Branch 1082,South,7841,476,4074446,3150521,493550,340637,21,71144,61,4.1,152913,30.982271299766996,77.32391102986762,0.7779619946435403,23502.380952380954,373.3809523809524,48.312212759271574,The loan process was very slow.,Negative,-0.39000000000000007,Loan Process,0,1,0,100.0
2024-08,1083,Branch 1083,East,9637,610,5832410,4319695,636135,413048,30,81923,90,4.2,223087,35.06912840827812,74.06363750147881,0.9339005914703746,21204.5,321.23333333333335,46.97955814552808,The mobile banking service was convenient.,Neutral,0.0,Digital Banking,0,0,1,0.0
2024-08,1084,Branch 1084,West,9169,765,6023623,3783105,774775,512120,30,69381,104,4.6,262655,33.90080991255526,62.80447830151389,1.134256734649362,25825.833333333332,305.6333333333333,49.29183514295401,The account service was not satisfactory.,Neutral,0.0,Account Service,0,0,1,0.0
2024-08,1085,Branch 1085,Central,9957,773,7129444,5444724,978746,707692,31,90633,129,3.8,271054,27.694008455717828,76.36954578786228,1.2955709551069599,31572.451612903227,321.19354838709677,47.95716510429977,The staff was very helpful and friendly.,Positive,0.2875,Staff Service,1,0,0,0.0
2024-08,1086,Branch 1086,North,9050,413,6495348,4432122,789430,563658,28,55933,109,4.0,225772,28.5993691650938,68.23532780691657,1.2044198895027625,28193.928571428572,323.2142857142857,47.40060719274945,The waiting time was too long.,Negative,-0.05,Waiting Time,0,1,0,100.0
2024-08,1087,Branch 1087,South,8794,722,6147090,3855712,667340,532445,24,70918,115,4.1,134895,20.213834027632092,62.72418331275449,1.3077098021378213,27805.833333333332,366.4166666666667,46.25101864752688,Excellent service and quick response.,Positive,0.6666666666666666,Service Quality,1,0,0,0.0
2024-08,1088,Branch 1088,East,9129,620,5866037,3809883,656679,475389,26,70165,60,4.6,181290,27.607095704293876,64.9481583563145,0.6572461386789352,25256.884615384617,351.11538461538464,48.57912581867197,The ATM was not working properly.,Neutral,0.0,ATM Issue,0,0,1,0.0
2024-08,1089,Branch 1089,West,10410,948,6092004,4004059,711606,577395,29,100917,119,4.2,134211,18.86029628755238,65.72646702136112,1.1431316042267052,24538.137931034482,358.9655172413793,44.29001008061789,The loan process was very slow.,Negative,-0.39000000000000007,Loan Process,0,1,0,100.0
2024-08,1090,Branch 1090,Central,8934,838,5845008,3867360,748722,598938,24,71522,152,4.0,149784,20.005289012477263,66.16517890138046,1.701365569733602,31196.75,372.25,47.65957982654649,The mobile banking service was convenient.,Neutral,0.0,Digital Banking,0,0,1,0.0
2024-08,1091,Branch 1091,North,9462,561,5515542,3868482,654451,429487,30,89361,163,4.2,224964,34.37446042560864,70.13783958131404,1.7226801944620587,21815.033333333333,315.4,46.79213274689694,The account service was not satisfactory.,Neutral,0.0,Account Service,0,0,1,0.0
2024-08,1092,Branch 1092,South,10227,608,7166449,5152282,805533,544683,32,93513,109,4.4,260850,32.38228601435323,71.89449056289942,1.0658061992764252,25172.90625,319.59375,48.39811817973788,The staff was very helpful and friendly.,Positive,0.2875,Staff Service,1,0,0,0.0
2024-08,1093,Branch 1093,East,8476,403,4942649,2671831,678195,559542,28,56478,129,4.1,118653,17.495410611992128,54.05666070967208,1.5219443133553563,24221.25,302.7142857142857,41.20080287287667,The waiting time was too long.,Negative,-0.05,Waiting Time,0,1,0,100.0
2024-08,1094,Branch 1094,West,9226,738,6433228,4489667,747603,492391,29,65018,65,4.1,255212,34.1373697002286,69.78871260275557,0.7045306741816605,25779.41379310345,318.13793103448273,48.33481711297122,Excellent service and quick response.,Positive,0.6666666666666666,Service Quality,1,0,0,0.0
2024-08,1095,Branch 1095,Central,9351,699,5385455,3583211,664961,431467,26,89574,169,4.0,233494,35.113939012964664,66.53497243965458,1.8072933376109508,25575.423076923078,359.65384615384613,49.88155775366235,The ATM was not working properly.,Neutral,0.0,ATM Issue,0,0,1,0.0
2024-08,1096,Branch 1096,North,10417,725,6697253,4033623,823120,535271,32,69766,203,4.1,287849,34.9704781805812,60.22802184716629,1.9487376403955075,25722.5,325.53125,48.8849588369675,The loan process was very slow.,Negative,-0.39000000000000007,Loan Process,0,1,0,100.0
2024-08,1097,Branch 1097,South,8826,797,6148746,3726446,731289,539986,24,85142,97,4.2,191303,26.15969883315625,60.60497538847759,1.0990256061636074,30470.375,367.75,49.906833078662444,The mobile banking service was convenient.,Neutral,0.0,Digital Banking,0,0,1,0.0
2024-08,1098,Branch 1098,East,8086,632,5111196,2707843,589096,407952,26,50843,146,4.3,181144,30.749487350109323,52.97865705013073,1.8055899084837992,22657.53846153846,311.0,46.04080174394596,The account service was not satisfactory.,Neutral,0.0,Account Service,0,0,1,0.0
2024-08,1099,Branch 1099,West,10097,875,5889139,4174639,829078,640713,27,70871,90,4.3,188365,22.71981647082663,70.88708553151828,0.8913538674853916,30706.59259259259,373.962962962963,49.35056833530206,The staff was very helpful and friendly.,Positive,0.2875,Staff Service,1,0,0,0.0
2024-08,1100,Branch 1100,Central,11326,714,7417424,5436937,922109,728979,34,111801,187,4.3,193130,20.944378592986297,73.29953094227861,1.651068338336571,27120.852941176472,333.11764705882354,45.50999610661372,The waiting time was too long.,Negative,-0.05,Waiting Time,0,1,0,100.0
2024-09,1001,Branch 1001,North,10397,740,6053835,4309777,870117,729075,33,86200,162,4.1,141042,16.209544233706502,71.19085670488211,1.5581417716649033,26367.18181818182,315.06060606060606,42.21145623581799,Excellent service and quick response.,Positive,0.6666666666666666,Service Quality,1,0,0,0.0
2024-09,1002,Branch 1002,South,8273,722,4948758,2777606,628863,398975,24,62738,102,4.4,229888,36.55613384791282,56.12733538394886,1.2329263870421854,26202.625,344.7083333333333,51.29881595885771,The ATM was not working properly.,Neutral,0.0,ATM Issue,0,0,1,0.0
2024-09,1003,Branch 1003,East,9114,555,5483721,4200154,797566,626991,29,74609,170,4.1,170575,21.386944779491603,76.59313812646559,1.8652622339258285,27502.275862068964,314.2758620689655,44.51450612090501,The loan process was very slow.,Negative,-0.39000000000000007,Loan Process,0,1,0,100.0
2024-09,1004,Branch 1004,West,8721,669,4472636,3254726,491907,361478,26,56836,168,4.1,130429,26.514971325880705,72.76974920382521,1.9263845889232887,18919.5,335.4230769230769,43.18283592227921,The mobile banking service was convenient.,Neutral,0.0,Digital Banking,0,0,1,0.0
2024-09,1005,Branch 1005,Central,9958,596,6171864,4078061,822319,655070,30,64575,65,4.4,167249,20.33870067455574,66.07503016916769,0.6527415143603132,27410.633333333335,331.93333333333334,45.68545816333564,The account service was not satisfactory.,Neutral,0.0,Account Service,0,0,1,0.0
2024-09,1006,Branch 1006,North,10518,789,6324886,4788771,796350,563112,33,92093,90,4.4,233238,29.288378225654547,75.71315909883593,0.8556759840273817,24131.81818181818,318.72727272727275,46.803871883166195,The staff was very helpful and friendly.,Positive,0.2875,Staff Service,1,0,0,0.0
2024-09,1007,Branch 1007,South,7628,521,4305302,2284134,500888,329589,23,46505,149,4.2,171299,34.19906246506205,53.053978559459935,1.9533298374410066,21777.739130434784,331.6521739130435,47.33942280387457,The waiting time was too long.,Negative,-0.05,Waiting Time,0,1,0,100.0
2024-09,1008,Branch 1008,East,7896,744,5231008,3808973,626167,469297,22,53630,53,4.1,156870,25.052422117422353,72.8152776673253,0.671225937183384,28462.136363636364,358.90909090909093,47.95677992783036,Excellent service and quick response.,Positive,0.6666666666666666,Service Quality,1,0,0,0.0
2024-09,1009,Branch 1009,West,7952,713,4651101,3177724,587802,383649,26,74464,61,4.3,204153,34.73159329161861,68.32197365742005,0.7671026156941649,22607.76923076923,305.84615384615387,47.21323438988136,The ATM was not working properly.,Neutral,0.0,ATM Issue,0,0,1,0.0
2024-09,1010,Branch 1010,Central,8633,536,4840209,2740444,610055,477707,25,53583,124,4.3,132348,21.694437386792995,56.618298920563134,1.4363488937796827,24402.2,345.32,44.99411221855914,The loan process was very slow.,Negative,-0.39000000000000007,Loan Process,0,1,0,100.0
2024-09,1011,Branch 1011,North,10414,712,6024791,4092875,848931,676924,28,96954,65,4.5,172007,20.261599588187966,67.93389181467042,0.6241597849049356,30318.964285714286,371.92857142857144,48.833877546577654,The mobile banking service was convenient.,Neutral,0.0,Digital Banking,0,0,1,0.0
2024-09,1012,Branch 1012,South,7927,593,5650831,3377473,719589,579652,23,68073,77,4.4,139937,19.446795323441577,59.76949231006908,0.9713636937050586,31286.478260869564,344.6521739130435,47.64262932789493,The account service was not satisfactory.,Neutral,0.0,Account Service,0,0,1,0.0
2024-09,1013,Branch 1013,East,7553,399,5125132,3521467,676045,437472,23,67575,69,4.3,238573,35.28951475123697,68.70978152367589,0.913544287038263,29393.260869565216,328.39130434782606,51.39217517646823,The staff was very helpful and friendly.,Positive,0.2875,Staff Service,1,0,0,0.0
2024-09,1014,Branch 1014,West,8106,704,4560547,2736108,620697,411696,23,62357,94,4.3,209001,33.67198488151224,59.995171631823986,1.159634838391315,26986.82608695652,352.4347826086956,50.64694177903367,The waiting time was too long.,Negative,-0.05,Waiting Time,0,1,0,100.0
2024-09,1015,Branch 1015,Central,10015,764,5544584,3289326,725099,492389,33,74529,105,4.3,232710,32.09354860508703,59.32502781092324,1.0484273589615578,21972.696969696968,303.4848484848485,45.90740223671421,Excellent service and quick response.,Positive,0.6666666666666666,Service Quality,1,0,0,0.0
2024-09,1016,Branch 1016,North,7855,665,5581461,4320088,720346,519557,21,61572,154,3.9,200789,27.873966121835895,77.40066624133,1.96053469127944,34302.19047619047,374.04761904761904,51.60869434517457,The ATM was not working properly.,Neutral,0.0,ATM Issue,0,0,1,0.0
2024-09,1017,Branch 1017,South,9562,641,5663644,2966780,691754,500719,31,76416,63,4.4,191035,27.616031132454598,52.38288282243728,0.6588579795021963,22314.645161290322,308.4516129032258,44.988525396168676,The loan process was very slow.,Negative,-0.39000000000000007,Loan Process,0,1,0,100.0
2024-09,1018,Branch 1018,East,8486,611,5775524,4468934,775360,511575,28,53607,90,4.4,263785,34.02097090383822,77.37711764335148,1.0605703511666276,27691.428571428572,303.07142857142856,49.49182882092023,The mobile banking service was convenient.,Neutral,0.0,Digital Banking,0,0,1,0.0
2024-09,1019,Branch 1019,West,8040,527,5321642,3390128,634406,485666,25,70084,92,4.3,148740,23.445553793627425,63.70454833301451,1.144278606965174,25376.24,321.6,45.14087457470717,The account service was not satisfactory.,Neutral,0.0,Account Service,0,0,1,0.0
2024-09,1020,Branch 1020,Central,7676,466,4309481,2378153,460316,320567,25,54899,111,4.3,139749,30.359361829699598,55.184208956948645,1.4460656591974987,18412.64,307.04,43.80273549182283,The staff was very helpful and friendly.,Positive,0.2875,Staff Service,1,0,0,0.0
2024-09,1021,Branch 1021,North,9842,567,6623437,4793824,730245,498780,32,88707,178,4.1,231465,31.69689624714993,72.37668298196238,1.8085754927860191,22820.15625,307.5625,45.71469691386551,The waiting time was too long.,Negative,-0.05,Waiting Time,0,1,0,100.0
2024-09,1022,Branch 1022,South,8313,658,5548069,4015567,737934,614843,25,57592,123,4.1,123091,16.680489041025346,72.37774079594179,1.4796102490075786,29517.36,332.52,44.4949748457695,Excellent service and quick response.,Positive,0.6666666666666666,Service Quality,1,0,0,0.0
2024-09,1023,Branch 1023,East,8547,513,5597439,4138192,726414,537885,25,65900,134,4.0,188529,25.95338195574424,73.93009553118846,1.5678015678015678,29056.56,341.88,47.589325941412106,The ATM was not working properly.,Neutral,0.0,ATM Issue,0,0,1,0.0
2024-09,1024,Branch 1024,West,8099,544,4167463,2788987,524176,329357,23,65569,83,4.1,194819,37.16671499648973,66.92289769579239,1.024817878750463,22790.260869565216,352.1304347826087,49.331530946827534,The loan process was very slow.,Negative,-0.39000000000000007,Loan Process,0,1,0,100.0
2024-09,1025,Branch 1025,Central,8499,769,5061426,2884036,661760,418917,23,80443,114,4.1,242843,36.696536508704064,56.98070069581181,1.3413342746205437,28772.17391304348,369.5217391304348,52.583221772906256,The mobile banking service was convenient.,Neutral,0.0,Digital Banking,0,0,1,0.0
2024-09,1026,Branch 1026,North,9803,892,6571444,3543348,823843,553710,27,60334,187,4.0,270133,32.7893785587788,53.92038644778834,1.9075793124553708,30512.703703703704,363.0740740740741,51.46660589024803,The account service was not satisfactory.,Neutral,0.0,Account Service,0,0,1,0.0
2024-09,1027,Branch 1027,South,8433,778,5262074,3969783,726519,589136,23,58980,141,4.0,137383,18.90976010262636,75.44141340467657,1.672002845962291,31587.782608695652,366.6521739130435,47.240138038436996,The staff was very helpful and friendly.,Positive,0.2875,Staff Service,1,0,0,0.0
2024-09,1028,Branch 1028,East,10667,1004,7629805,5802203,895714,739686,35,68791,143,4.0,156028,17.41939949582121,76.04654378453971,1.340583106777913,25591.82857142857,304.77142857142854,41.5827101980186,The waiting time was too long.,Negative,-0.05,Waiting Time,0,1,0,100.0
2024-09,1029,Branch 1029,West,10822,902,5779831,3482940,703108,457151,34,90324,175,4.1,245957,34.98139688355132,60.26023944298717,1.6170763260025873,20679.647058823528,318.29411764705884,46.29468975170232,Excellent service and quick response.,Positive,0.6666666666666666,Service Quality,1,0,0,0.0
2024-09,1030,Branch 1030,Central,8786,583,5317502,3814114,714624,505761,25,85794,136,4.0,208863,29.226978103170335,71.7275517714897,1.5479171409059866,28584.96,351.44,48.88666552277907,The ATM was not working properly.,Neutral,0.0,ATM Issue,0,0,1,0.0
2024-09,1031,Branch 1031,North,9703,872,6551318,4257712,877965,668326,26,84930,139,4.2,209639,23.877831120830557,64.99015923208124,1.4325466350613212,33767.88461538462,373.1923076923077,50.83178683866806,The loan process was very slow.,Negative,-0.39000000000000007,Loan Process,0,1,0,100.0
2024-09,1032,Branch 1032,South,9696,762,5258983,3735164,729560,603486,28,60729,86,4.3,126074,17.280826799714895,71.02445472822407,0.8869636963696369,26055.714285714286,346.2857142857143,44.24574294949282,The mobile banking service was convenient.,Neutral,0.0,Digital Banking,0,0,1,0.0
2024-09,1033,Branch 1033,East,7979,567,5246077,3865845,754861,565053,22,69222,131,4.2,189808,25.144761750838896,73.69020698704955,1.6418097505953126,34311.86363636364,362.6818181818182,51.12026500143282,The account service was not satisfactory.,Neutral,0.0,Account Service,0,0,1,0.0
2024-09,1034,Branch 1034,West,8882,645,5186913,3366045,579414,449800,27,64308,83,3.9,129614,22.369842634109634,64.89495775232783,0.9344742175185768,21459.777777777777,328.962962962963,42.04965412644873,The staff was very helpful and friendly.,Positive,0.2875,Staff Service,1,0,0,0.0
2024-09,1035,Branch 1035,Central,8684,509,4520753,2731709,628635,480895,27,52448,66,4.3,147740,23.501714031194574,60.42597328365429,0.7600184246890833,23282.777777777777,321.6296296296296,44.200461236019784,The waiting time was too long.,Negative,-0.05,Waiting Time,0,1,0,100.0
2024-09,1036,Branch 1036,North,7362,619,4693792,3488007,610150,442535,20,62703,117,4.2,167615,27.47111366057527,74.31106874782691,1.5892420537897312,30507.5,368.1,50.39635119085695,Excellent service and quick response.,Positive,0.6666666666666666,Service Quality,1,0,0,0.0
2024-09,1037,Branch 1037,South,10521,891,5552408,3681252,689614,429852,33,99994,116,4.5,259762,37.66773876400421,66.30009898408042,1.1025567911795457,20897.39393939394,318.8181818181818,48.555067103274055,The ATM was not working properly.,Neutral,0.0,ATM Issue,0,0,1,0.0
2024-09,1038,Branch 1038,East,9469,736,5583987,3759149,642998,423777,29,92302,158,4.2,219221,34.09357416352773,67.32016030839614,1.6686028091667546,22172.344827586207,326.51724137931035,47.28595989304028,The loan process was very slow.,Negative,-0.39000000000000007,Loan Process,0,1,0,100.0
2024-09,1039,Branch 1039,West,8663,547,4795239,3526520,522828,415551,27,69401,161,3.9,107277,20.51860267621474,73.54211124826104,1.85847858709454,19364.0,320.85185185185185,40.12712181663407,The mobile banking service was convenient.,Neutral,0.0,Digital Banking,0,0,1,0.0
2024-09,1040,Branch 1040,Central,9070,724,4888349,3318945,532272,336990,27,67150,124,4.2,195282,36.688384885922986,67.89500913294039,1.3671444321940462,19713.777777777777,335.9259259259259,47.42758483268448,The account service was not satisfactory.,Neutral,0.0,Account Service,0,0,1,0.0
2024-09,1041,Branch 1041,North,10401,629,7323641,4289786,766527,591699,28,81796,190,4.0,174828,22.807807161391576,58.57449866808053,1.8267474281319103,27375.964285714286,371.4642857142857,46.85589805473585,The staff was very helpful and friendly.,Positive,0.2875,Staff Service,1,0,0,0.0
2024-09,1042,Branch 1042,South,7921,455,5417468,3638402,576030,475880,21,57088,117,4.3,100150,17.38624724406715,67.16056283119715,1.4770862264865547,27430.0,377.1904761904762,46.103654042236045,The waiting time was too long.,Negative,-0.05,Waiting Time,0,1,0,100.0
2024-09,1043,Branch 1043,East,8437,636,5438091,3681987,587774,433988,26,51486,106,4.2,153786,26.164137916954477,67.7073443603647,1.2563707478961716,22606.69230769231,324.5,44.63241177289482,Excellent service and quick response.,Positive,0.6666666666666666,Service Quality,1,0,0,0.0
2024-09,1044,Branch 1044,West,10029,943,6902545,4874008,740588,613078,29,95162,191,3.9,127510,17.217400227926998,70.61175262167795,1.9044770166517102,25537.51724137931,345.82758620689657,42.76797359341697,The ATM was not working properly.,Neutral,0.0,ATM Issue,0,0,1,0.0
2024-09,1045,Branch 1045,Central,10161,936,5718144,4005950,657156,417132,27,94116,128,4.2,240024,36.524660811131604,70.05682263335795,1.2597185316405866,24339.11111111111,376.3333333333333,51.04991638810411,The loan process was very slow.,Negative,-0.39000000000000007,Loan Process,0,1,0,100.0
2024-09,1046,Branch 1046,North,9584,738,5226748,3353125,618600,421725,28,68752,184,4.1,196875,31.825897187196894,64.15317899389831,1.9198664440734556,22092.85714285714,342.2857142857143,46.76295392139705,The mobile banking service was convenient.,Neutral,0.0,Digital Banking,0,0,1,0.0
2024-09,1047,Branch 1047,South,7681,623,5337642,3454696,743166,578193,26,48493,61,4.2,164973,22.198674320407555,64.72326169495818,0.7941674261163911,28583.30769230769,295.4230769230769,44.86902421942882,The account service was not satisfactory.,Neutral,0.0,Account Service,0,0,1,0.0
2024-09,1048,Branch 1048,East,9784,749,5925291,3871001,746907,495374,29,59849,175,4.2,251533,33.676615696465554,65.33014159135813,1.7886345053147998,25755.41379310345,337.37931034482756,49.20343830922487,The staff was very helpful and friendly.,Positive,0.2875,Staff Service,1,0,0,0.0
2024-09,1049,Branch 1049,West,8770,650,6125311,4378229,654682,495069,24,82444,120,4.2,159613,24.380233456853862,71.47766048123924,1.3683010262257698,27278.416666666668,365.4166666666667,47.728590004001425,The waiting time was too long.,Negative,-0.05,Waiting Time,0,1,0,100.0
2024-09,1050,Branch 1050,Central,8517,534,4830192,2729223,613578,448643,24,60000,84,4.3,164935,26.880852964089325,56.503406075783325,0.9862627685804861,25565.75,354.875,47.711522971761696,Excellent service and quick response.,Positive,0.6666666666666666,Service Quality,1,0,0,0.0
2024-09,1051,Branch 1051,North,9389,552,5737586,4137245,706716,488147,28,71884,113,4.3,218569,30.927416387912544,72.1077644849245,1.2035360528277772,25239.85714285714,335.32142857142856,48.22526103602636,The ATM was not working properly.,Neutral,0.0,ATM Issue,0,0,1,0.0
2024-09,1052,Branch 1052,South,8983,472,4659227,2676587,536275,351670,27,71890,134,4.3,184605,34.423569996736745,57.44701857196483,1.4917065568295669,19862.037037037036,332.7037037037037,46.87889842087918,The loan process was very slow.,Negative,-0.39000000000000007,Loan Process,0,1,0,100.0
2024-09,1053,Branch 1053,East,8212,483,4990998,3461576,647233,438012,23,66893,69,4.1,209221,32.32545312120983,69.35638924319345,0.8402338041889917,28140.565217391304,357.04347826086956,50.28285492058725,The mobile banking service was convenient.,Neutral,0.0,Digital Banking,0,0,1,0.0
2024-09,1054,Branch 1054,West,9754,449,6703832,3879923,690397,559271,27,91126,157,4.2,131126,18.99284035127615,57.876196778200885,1.6095960631535782,25570.25925925926,361.25925925925924,44.898619974951266,The account service was not satisfactory.,Neutral,0.0,Account Service,0,0,1,0.0
2024-09,1055,Branch 1055,Central,8714,628,5199759,3618986,553756,443191,25,57248,99,4.6,110565,19.966375082166152,69.59911026645658,1.1361028230433785,22150.24,348.56,44.380064823816774,The staff was very helpful and friendly.,Positive,0.2875,Staff Service,1,0,0,0.0
2024-09,1056,Branch 1056,North,10413,702,6944253,3768364,778907,627719,28,95090,94,4.2,151188,19.41027619471901,54.26593760336785,0.9027177566503409,27818.10714285714,371.89285714285717,46.48627399325316,The waiting time was too long.,Negative,-0.05,Waiting Time,0,1,0,100.0
2024-09,1057,Branch 1057,South,9891,618,7086323,5502568,827081,590863,28,80170,94,4.2,236218,28.560443293945813,77.65053893253243,0.9503589121423517,29538.60714285714,353.25,49.76093962358916,Excellent service and quick response.,Positive,0.6666666666666666,Service Quality,1,0,0,0.0
2024-09,1058,Branch 1058,East,8274,596,4716107,3167935,575258,432501,28,74249,103,4.4,142757,24.816169440494527,67.17267017054532,1.2448634276045443,20544.928571428572,295.5,42.69729864653041,The ATM was not working properly.,Neutral,0.0,ATM Issue,0,0,1,0.0
2024-09,1059,Branch 1059,West,8423,616,5336378,3806520,659489,468472,23,52970,139,4.2,191017,28.964395160495478,71.33152861360271,1.6502433812180934,28673.434782608696,366.2173913043478,50.0043998135669,The loan process was very slow.,Negative,-0.39000000000000007,Loan Process,0,1,0,100.0
2024-09,1060,Branch 1060,Central,9262,425,6529006,4203935,753513,598655,31,80209,142,4.0,154858,20.5514702466978,64.38859146399926,1.5331461887281363,24306.870967741936,298.7741935483871,41.85802010296618,The mobile banking service was convenient.,Neutral,0.0,Digital Banking,0,0,1,0.0
2024-09,1061,Branch 1061,North,10719,772,7525466,4459108,917572,743897,29,94497,171,4.2,173675,18.927669981211285,59.25357977831539,1.595298068849706,31640.41379310345,369.62068965517244,47.98487710026272,The account service was not satisfactory.,Neutral,0.0,Account Service,0,0,1,0.0
2024-09,1062,Branch 1062,South,9865,520,6741982,4541663,767649,598759,32,77465,119,4.2,168890,22.000940534020106,67.3639146470578,1.2062848454130766,23989.03125,308.28125,43.18547582435956,The staff was very helpful and friendly.,Positive,0.2875,Staff Service,1,0,0,0.0
2024-09,1063,Branch 1063,East,8851,728,4773115,3564469,558470,458203,27,80342,68,4.4,100267,17.95387397711605,74.67804567876534,0.7682747712122924,20684.074074074073,327.81481481481484,41.603691434441785,The waiting time was too long.,Negative,-0.05,Waiting Time,0,1,0,100.0
2024-09,1064,Branch 1064,West,7994,450,5572583,3784652,797156,527592,26,71701,55,4.5,269564,33.81571486634987,67.91557882583355,0.6880160120090067,30659.846153846152,307.46153846153845,51.25197879138324,Excellent service and quick response.,Positive,0.6666666666666666,Service Quality,1,0,0,0.0
2024-09,1065,Branch 1065,Central,7769,441,4451165,3188818,567275,378406,21,75031,141,4.4,188869,33.29408135384073,71.64007624970093,1.8149053932295018,27013.095238095237,369.95238095238096,51.50126609265263,The ATM was not working properly.,Neutral,0.0,ATM Issue,0,0,1,0.0
2024-09,1066,Branch 1066,North,8704,756,6082473,4063672,734121,587981,23,61183,80,3.7,146140,19.906800105159775,66.80953618700815,0.9191176470588236,31918.304347826088,378.4347826086956,47.294559397016016,The loan process was very slow.,Negative,-0.39000000000000007,Loan Process,0,1,0,100.0
2024-09,1067,Branch 1067,South,8243,641,5816396,3996825,709814,588917,23,79424,160,4.1,120897,17.032208437703396,68.71652136477641,1.9410408831736017,30861.478260869564,358.39130434782606,46.23142192666129,The mobile banking service was convenient.,Neutral,0.0,Digital Banking,0,0,1,0.0
2024-09,1068,Branch 1068,East,8923,606,4604680,3540811,679434,546172,30,72796,168,4.2,133262,19.61367844411672,76.8959189346491,1.8827748515073406,22647.8,297.43333333333334,41.31640189927471,The account service was not satisfactory.,Neutral,0.0,Account Service,0,0,1,0.0
2024-09,1069,Branch 1069,West,9501,599,6023575,4630652,823221,559099,27,58406,167,3.9,264122,32.08397259059232,76.87547677251466,1.7577097147668665,30489.666666666668,351.8888888888889,50.4784418958066,The staff was very helpful and friendly.,Positive,0.2875,Staff Service,1,0,0,0.0
2024-09,1070,Branch 1070,Central,9925,857,5304694,3020760,569210,362817,27,65249,147,4.0,206393,36.25955271340982,56.94503773450458,1.4811083123425692,21081.85185185185,367.5925925925926,48.524993194219846,The waiting time was too long.,Negative,-0.05,Waiting Time,0,1,0,100.0
2024-09,1071,Branch 1071,North,8292,766,4338095,3036777,537469,401159,22,69918,117,4.3,136310,25.361462707616628,70.00254720101796,1.410998552821997,24430.409090909092,376.90909090909093,47.50688640013516,Excellent service and quick response.,Positive,0.6666666666666666,Service Quality,1,0,0,0.0
2024-09,1072,Branch 1072,South,7721,589,5539117,3280294,702118,465500,22,70299,73,4.5,236618,33.70060303253869,59.220521971281705,0.9454733842766482,31914.454545454544,350.95454545454544,53.462474329236315,The ATM was not working properly.,Neutral,0.0,ATM Issue,0,0,1,0.0
2024-09,1073,Branch 1073,East,8759,640,6068489,3871064,734998,488755,30,71353,76,4.1,246243,33.502540142966375,63.7895858425384,0.8676789587852495,24499.933333333334,291.96666666666664,46.517409634470944,The loan process was very slow.,Negative,-0.39000000000000007,Loan Process,0,1,0,100.0
2024-09,1074,Branch 1074,West,9692,741,6768531,3903485,937979,727001,26,73818,94,4.5,210978,22.492827664585242,57.671081066187035,0.9698720594304581,36076.11538461538,372.7692307692308,52.29056573530692,The mobile banking service was convenient.,Neutral,0.0,Digital Banking,0,0,1,0.0
2024-09,1075,Branch 1075,Central,9822,861,5028770,2857443,605685,411865,28,75865,170,4.1,193820,32.00013208185773,56.82190674856874,1.7308083893300754,21631.60714285714,350.7857142857143,46.93945310685134,The account service was not satisfactory.,Neutral,0.0,Account Service,0,0,1,0.0
2024-09,1076,Branch 1076,North,8578,579,5871421,3121717,732735,472314,24,70760,143,3.9,260421,35.54095273188806,53.16799800252784,1.6670552576358126,30530.625,357.4166666666667,51.92004240284579,The staff was very helpful and friendly.,Positive,0.2875,Staff Service,1,0,0,0.0
2024-09,1077,Branch 1077,South,7886,713,4347482,2698639,576438,372911,22,63863,63,4.3,203527,35.307700047533295,62.07360950545626,0.7988840984022317,26201.727272727272,358.45454545454544,51.090760805664836,The waiting time was too long.,Negative,-0.05,Waiting Time,0,1,0,100.0
2024-09,1078,Branch 1078,East,9811,477,7059720,4536695,839057,673803,26,58966,182,4.1,165254,19.69520545088117,64.26168459938921,1.8550606462134338,32271.423076923078,377.34615384615387,48.54071673337679,Excellent service and quick response.,Positive,0.6666666666666666,Service Quality,1,0,0,0.0
2024-09,1079,Branch 1079,West,9218,473,5726287,3299488,787752,500979,31,88144,116,4.4,286773,36.403969777290314,57.620024983030014,1.2584074636580602,25411.354838709678,297.35483870967744,49.05886381635281,The ATM was not working properly.,Neutral,0.0,ATM Issue,0,0,1,0.0
2024-09,1080,Branch 1080,Central,8922,727,5294730,3610778,667269,457853,27,77005,115,4.1,209416,31.38404451577999,68.1956964755521,1.2889486662183367,24713.666666666668,330.44444444444446,47.355689073076874,The loan process was very slow.,Negative,-0.39000000000000007,Loan Process,0,1,0,100.0
2024-09,1081,Branch 1081,North,9079,471,5635470,3764389,743708,602387,30,56645,115,4.3,141321,19.00221592345383,66.79813751115701,1.2666593237140655,24790.266666666666,302.6333333333333,42.586330825079955,The mobile banking service was convenient.,Neutral,0.0,Digital Banking,0,0,1,0.0
2024-09,1082,Branch 1082,South,7892,745,4791764,3282834,611758,383339,27,68463,112,4.0,228419,37.33813043719903,68.50992661575152,1.419158641662443,22657.703703703704,292.2962962962963,46.72670165848625,The account service was not satisfactory.,Neutral,0.0,Account Service,0,0,1,0.0
2024-09,1083,Branch 1083,East,8828,648,6269798,3479388,732709,516470,25,73140,156,4.0,216239,29.512262030355846,55.49441943743643,1.7671046669687356,29308.36,353.12,49.38335276485014,The staff was very helpful and friendly.,Positive,0.2875,Staff Service,1,0,0,0.0
2024-09,1084,Branch 1084,West,9095,769,5130757,3608013,604464,461583,25,65172,110,4.0,142881,23.63763598824744,70.32126058591354,1.2094557449147882,24178.56,363.8,45.38313487401969,The waiting time was too long.,Negative,-0.05,Waiting Time,0,1,0,100.0
2024-09,1085,Branch 1085,Central,10641,635,7125723,4648836,974423,751799,36,71465,159,4.2,222624,22.846751359522507,65.24020088908873,1.4942204680011277,27067.305555555555,295.5833333333333,44.40595166320072,Excellent service and quick response.,Positive,0.6666666666666666,Service Quality,1,0,0,0.0
2024-09,1086,Branch 1086,North,8907,784,5763536,4180623,726502,585501,24,68903,172,4.0,141001,19.408205345615016,72.53573153702865,1.9310654541371954,30270.916666666668,371.125,46.982186403580236,The ATM was not working properly.,Neutral,0.0,ATM Issue,0,0,1,0.0
2024-09,1087,Branch 1087,South,9202,691,6017249,4502286,758592,481510,29,74280,169,4.1,277082,36.52582679490424,74.82299635597596,1.8365572701586612,26158.344827586207,317.3103448275862,49.312895898322516,The loan process was very slow.,Negative,-0.39000000000000007,Loan Process,0,1,0,100.0
2024-09,1088,Branch 1088,East,9169,719,4696032,2914165,638331,448906,24,60625,74,4.2,189425,29.67504319859133,62.055901663361745,0.8070672919620461,26597.125,382.0416666666667,49.90911816245948,The mobile banking service was convenient.,Neutral,0.0,Digital Banking,0,0,1,0.0
2024-09,1089,Branch 1089,West,10336,495,6515281,4049783,647070,491735,32,86055,134,4.2,155335,24.005903534393497,62.15822464142376,1.2964396284829722,20220.9375,323.0,42.723854964229986,The account service was not satisfactory.,Neutral,0.0,Account Service,0,0,1,0.0
2024-09,1090,Branch 1090,Central,9395,478,6330165,4698248,884066,640320,26,64491,134,4.5,243746,27.57101845337339,74.21999268581466,1.4262905800957955,34002.53846153846,361.34615384615387,52.6759977925601,The staff was very helpful and friendly.,Positive,0.2875,Staff Service,1,0,0,0.0
2024-09,1091,Branch 1091,North,8810,439,6292001,3596411,709924,564223,30,58260,132,4.2,145701,20.52346448352218,57.158461990072794,1.4982973893303064,23664.133333333335,293.6666666666667,41.956436576096394,The waiting time was too long.,Negative,-0.05,Waiting Time,0,1,0,100.0
2024-09,1092,Branch 1092,South,10297,719,6983217,3922874,812771,549346,33,101451,174,4.3,263425,32.41072823710492,56.17574249804925,1.6898125667670196,24629.424242424244,312.030303030303,47.56729737130651,Excellent service and quick response.,Positive,0.6666666666666666,Service Quality,1,0,0,0.0
2024-09,1093,Branch 1093,East,8221,451,5578439,4119769,649892,474515,23,81887,139,4.0,175377,26.98556067777415,73.85164559476226,1.6907918744678265,28256.17391304348,357.4347826086956,48.18204162705776,The ATM was not working properly.,Neutral,0.0,ATM Issue,0,0,1,0.0
2024-09,1094,Branch 1094,West,8773,420,5294754,3346695,576847,440214,23,54537,173,3.8,136633,23.6861767505075,63.20775242815814,1.971959420950644,25080.304347826088,381.4347826086956,45.893200209561456,The loan process was very slow.,Negative,-0.39000000000000007,Loan Process,0,1,0,100.0
2024-09,1095,Branch 1095,Central,9380,771,6193621,4602255,910136,618797,26,68039,94,4.1,291339,32.01049073984548,74.30637102270224,1.0021321961620469,35005.230769230766,360.7692307692308,53.467983019806624,The mobile banking service was convenient.,Neutral,0.0,Digital Banking,0,0,1,0.0
2024-09,1096,Branch 1096,North,10827,966,6107611,4021591,765824,593574,36,80881,111,4.3,172250,22.492113070366038,65.84556547560085,1.0252147409254642,21272.88888888889,300.75,42.12027634696423,The account service was not satisfactory.,Neutral,0.0,Account Service,0,0,1,0.0
2024-09,1097,Branch 1097,South,8329,492,4540234,2527858,551426,398990,23,50457,134,4.2,152436,27.643963106563707,55.67682194353859,1.6088365950294152,23975.043478260868,362.1304347826087,47.22761709004004,The staff was very helpful and friendly.,Positive,0.2875,Staff Service,1,0,0,0.0
2024-09,1098,Branch 1098,East,7758,470,5049101,3683308,618202,447719,24,56115,88,4.3,170483,27.577232037424658,72.949778584346,1.134312967259603,25758.416666666668,323.25,46.825972423866546,The waiting time was too long.,Negative,-0.05,Waiting Time,0,1,0,100.0
2024-09,1099,Branch 1099,West,10425,940,5595860,4082410,762376,598454,33,87007,101,4.2,163922,21.501463844612108,72.95411250460162,0.9688249400479616,23102.303030303032,315.90909090909093,42.89723502725247,Excellent service and quick response.,Positive,0.6666666666666666,Service Quality,1,0,0,0.0
2024-09,1100,Branch 1100,Central,10997,562,5964848,4600036,660136,422830,34,107471,189,3.9,237306,35.948047069088794,77.11908165975059,1.718650541056652,19415.764705882353,323.44117647058823,45.650899059223015,The ATM was not working properly.,Neutral,0.0,ATM Issue,0,0,1,0.0
2024-10,1001,Branch 1001,North,10000,749,6115559,4725035,792237,508033,29,95075,69,4.4,284204,35.87360852876096,77.26252007379864,0.69,27318.51724137931,344.82758620689657,51.576884430373795,The loan process was very slow.,Negative,-0.39000000000000007,Loan Process,0,1,0,100.0
2024-10,1002,Branch 1002,South,9253,628,5227180,3200985,630976,458580,25,74953,98,4.2,172396,27.32211684755046,61.23732107943481,1.059115962390576,25239.04,370.12,48.00297776896591,The mobile banking service was convenient.,Neutral,0.0,Digital Banking,0,0,1,0.0
2024-10,1003,Branch 1003,East,9630,751,5517388,3847014,681288,463991,28,60151,94,4.1,217297,31.895028240626576,69.7252758007956,0.9761163032191069,24331.714285714286,343.92857142857144,47.87837752997285,The account service was not satisfactory.,Neutral,0.0,Account Service,0,0,1,0.0
2024-10,1004,Branch 1004,West,9462,672,6617091,4464631,756206,526784,26,94163,58,4.5,229422,30.33855854092668,67.47120449152052,0.6129782287042909,29084.846153846152,363.9230769230769,51.48591156261098,The staff was very helpful and friendly.,Positive,0.2875,Staff Service,1,0,0,0.0
2024-10,1005,Branch 1005,Central,9123,788,6314350,4036507,657172,471690,26,70390,64,4.4,185482,28.224270054110644,63.92593061835343,0.7015236216156966,25275.846153846152,350.88461538461536,48.19495705233968,The waiting time was too long.,Negative,-0.05,Waiting Time,0,1,0,100.0
2024-10,1006,Branch 1006,North,10880,738,7508516,5179707,1009999,827541,32,74690,209,4.3,182458,18.065166401154855,68.9844304786725,1.9209558823529413,31562.46875,340.0,46.80664419416041,Excellent service and quick response.,Positive,0.6666666666666666,Service Quality,1,0,0,0.0
2024-10,1007,Branch 1007,South,7696,349,4482526,3480248,644352,533103,21,51851,116,4.1,111249,17.265252532777115,77.64033047437985,1.5072765072765073,30683.428571428572,366.4761904761905,46.542551079102964,The ATM was not working properly.,Neutral,0.0,ATM Issue,0,0,1,0.0
2024-10,1008,Branch 1008,East,7572,630,4369863,3324413,628110,482757,21,53651,89,4.0,145353,23.14132874814921,76.07590901591193,1.1753829899630217,29910.0,360.57142857142856,47.71669150784262,The loan process was very slow.,Negative,-0.39000000000000007,Loan Process,0,1,0,100.0
2024-10,1009,Branch 1009,West,8079,592,4294841,2483261,463881,328194,24,69460,82,4.1,135687,29.2503896473449,57.81962591863121,1.014977101126377,19328.375,336.625,44.37424774260142,The mobile banking service was convenient.,Neutral,0.0,Digital Banking,0,0,1,0.0
2024-10,1010,Branch 1010,Central,8061,567,5418442,3730797,694414,518619,23,59802,119,3.9,175795,25.315589835458386,68.85368524753056,1.4762436422280114,30191.91304347826,350.4782608695652,47.9184774024982,The account service was not satisfactory.,Neutral,0.0,Account Service,0,0,1,0.0
2024-10,1011,Branch 1011,North,11317,528,7345558,5542238,926595,645958,38,68041,222,4.1,280637,30.28691067834383,75.45019724845955,1.9616506141203498,24384.07894736842,297.8157894736842,45.56397007926165,The staff was very helpful and friendly.,Positive,0.2875,Staff Service,1,0,0,0.0
2024-10,1012,Branch 1012,South,7619,618,4086181,2510706,467182,362717,22,61923,99,4.2,104465,22.360664580399074,61.44382737818026,1.2993831211445073,21235.545454545456,346.3181818181818,43.5117623926398,The waiting time was too long.,Negative,-0.05,Waiting Time,0,1,0,100.0
2024-10,1013,Branch 1013,East,8211,372,4716936,2717782,531270,366501,26,56624,122,4.2,164769,31.014173584053307,57.61752968452403,1.4858117159907442,20433.46153846154,315.8076923076923,44.99738405790552,Excellent service and quick response.,Positive,0.6666666666666666,Service Quality,1,0,0,0.0
2024-10,1014,Branch 1014,West,8693,477,4750482,3472084,640798,506448,27,73593,76,4.4,134350,20.96604546206449,73.08908864405758,0.8742666513286552,23733.25925925926,321.962962962963,43.83265046285295,The ATM was not working properly.,Neutral,0.0,ATM Issue,0,0,1,0.0
2024-10,1015,Branch 1015,Central,9514,747,5137624,3024360,652017,481950,28,82219,166,3.8,170067,26.083215621678573,58.86690034148081,1.744797141055287,23286.321428571428,339.7857142857143,44.3047283833638,The loan process was very slow.,Negative,-0.39000000000000007,Loan Process,0,1,0,100.0
2024-10,1016,Branch 1016,North,7758,452,4472681,3306089,548812,430585,26,48348,140,4.3,118227,21.54234965707747,73.91738869818796,1.8045888115493685,21108.153846153848,298.38461538461536,41.6211402591213,The mobile banking service was convenient.,Neutral,0.0,Digital Banking,0,0,1,0.0
2024-10,1017,Branch 1017,South,9069,501,6450980,3882292,789606,509647,25,82943,110,4.3,279959,35.45553098634002,60.18142979826321,1.212923144778917,31584.24,362.76,53.77966000129403,The account service was not satisfactory.,Neutral,0.0,Account Service,0,0,1,0.0
2024-10,1018,Branch 1018,East,8786,660,5662492,4242917,646593,408291,25,79034,138,4.2,238302,36.85502317532049,74.93020740691554,1.5706806282722512,25863.72,351.44,50.90702765013045,The staff was very helpful and friendly.,Positive,0.2875,Staff Service,1,0,0,0.0
2024-10,1019,Branch 1019,West,8494,716,5227182,3770007,703281,570142,28,58704,91,4.4,133139,18.931124259008847,72.12312485006261,1.0713444784553803,25117.178571428572,303.35714285714283,43.03942076264423,The waiting time was too long.,Negative,-0.05,Waiting Time,0,1,0,100.0
2024-10,1020,Branch 1020,Central,7776,483,5146396,3276441,587689,421442,25,71813,77,4.3,166247,28.288261308276997,63.664766566739125,0.9902263374485597,23507.56,311.04,45.5711990954507,Excellent service and quick response.,Positive,0.6666666666666666,Service Quality,1,0,0,0.0
2024-10,1021,Branch 1021,North,9566,892,6913231,4761120,879160,686400,27,79628,109,3.8,192760,21.925474316392922,68.86967902562492,1.1394522266360025,32561.48148148148,354.2962962962963,47.66693759984524,The ATM was not working properly.,Neutral,0.0,ATM Issue,0,0,1,0.0
2024-10,1022,Branch 1022,South,8437,439,5451491,3067815,682939,433544,25,82803,116,4.4,249395,36.51790277023277,56.274787943335134,1.3748962901505275,27317.56,337.48,51.51902322854404,The loan process was very slow.,Negative,-0.39000000000000007,Loan Process,0,1,0,100.0
2024-10,1023,Branch 1023,East,8280,673,4424899,3269635,573767,419011,28,52774,118,4.1,154756,26.971924143424076,73.89174306577392,1.4251207729468598,20491.678571428572,295.7142857142857,42.53561436984967,The mobile banking service was convenient.,Neutral,0.0,Digital Banking,0,0,1,0.0
2024-10,1024,Branch 1024,West,7479,632,4602732,3210201,468991,322878,21,48846,95,4.1,146113,31.15475563496954,69.74555546575381,1.2702232918839418,22332.904761904763,356.14285714285717,47.17185225989125,The account service was not satisfactory.,Neutral,0.0,Account Service,0,0,1,0.0
2024-10,1025,Branch 1025,Central,7813,578,4426617,2395407,496017,382669,26,59783,55,4.2,113348,22.851636133438973,54.113717089145055,0.7039549468833995,19077.576923076922,300.5,40.928508463812776,The staff was very helpful and friendly.,Positive,0.2875,Staff Service,1,0,0,0.0
2024-10,1026,Branch 1026,North,9265,815,5935712,3730933,710131,542286,30,69261,111,4.1,167845,23.63577987723392,62.85569448113385,1.1980572045331894,23671.033333333333,308.8333333333333,43.332919692510515,The waiting time was too long.,Negative,-0.05,Waiting Time,0,1,0,100.0
2024-10,1027,Branch 1027,South,8965,667,6166953,3468649,644742,516835,25,78085,105,4.3,127907,19.838478026869662,56.245750535150826,1.1712214166201895,25789.68,358.6,45.49294299646742,Excellent service and quick response.,Positive,0.6666666666666666,Service Quality,1,0,0,0.0
2024-10,1028,Branch 1028,East,10454,908,7309970,5467789,806643,606434,32,77979,166,4.2,200209,24.820025711498147,74.79906210285405,1.5879089343791852,25207.59375,326.6875,45.44040429678286,The ATM was not working properly.,Neutral,0.0,ATM Issue,0,0,1,0.0
2024-10,1029,Branch 1029,West,10208,965,5302924,3841981,663548,463708,28,89203,144,4.4,199840,30.116886796433718,72.45023688817717,1.4106583072100314,23698.14285714286,364.57142857142856,48.659994251359656,The loan process was very slow.,Negative,-0.39000000000000007,Loan Process,0,1,0,100.0
2024-10,1030,Branch 1030,Central,8605,753,4700422,3488133,651400,449093,24,71126,112,4.3,202307,31.05726128338962,74.20893272986979,1.3015688553166764,27141.666666666668,358.5416666666667,50.038033805382504,The mobile banking service was convenient.,Neutral,0.0,Digital Banking,0,0,1,0.0
2024-10,1031,Branch 1031,North,10398,626,6320511,3870304,775201,612711,31,80655,144,4.4,162490,20.961015272168122,61.234036298647375,1.3848817080207732,25006.483870967742,335.4193548387097,44.93363835394315,The account service was not satisfactory.,Neutral,0.0,Account Service,0,0,1,0.0
2024-10,1032,Branch 1032,South,9771,524,5173915,3352316,536003,346006,33,77834,173,4.1,189997,35.447003095131926,64.79263768345633,1.7705454917613346,16242.515151515152,296.09090909090907,43.565396576865815,The staff was very helpful and friendly.,Positive,0.2875,Staff Service,1,0,0,0.0
2024-10,1033,Branch 1033,East,7582,407,4798845,3580511,653486,488749,21,73129,49,4.3,164737,25.2089562745032,74.61193266296368,0.6462674756001054,31118.380952380954,361.04761904761904,49.91352370847743,The waiting time was too long.,Negative,-0.05,Waiting Time,0,1,0,100.0
2024-10,1034,Branch 1034,West,9588,641,5651294,3354409,687035,437760,26,74289,62,4.4,249275,36.28272213206023,59.356476587485986,0.6466416353775553,26424.423076923078,368.7692307692308,52.231444200262956,Excellent service and quick response.,Positive,0.6666666666666666,Service Quality,1,0,0,0.0
2024-10,1035,Branch 1035,Central,8438,697,5249030,3899295,559522,442664,28,68116,61,4.1,116858,20.885327118504723,74.28601093916399,0.7229201232519554,19982.928571428572,301.35714285714283,40.388996257289456,The ATM was not working properly.,Neutral,0.0,ATM Issue,0,0,1,0.0
2024-10,1036,Branch 1036,North,7492,478,4992075,3585168,563567,391344,25,48635,127,4.3,172223,30.559454332847736,71.81719024654076,1.6951414842498667,22542.68,299.68,45.48566744802489,The loan process was very slow.,Negative,-0.39000000000000007,Loan Process,0,1,0,100.0
2024-10,1037,Branch 1037,South,9700,521,5424358,3837604,693660,524546,26,73350,138,4.1,169114,24.379955597843324,70.74761658430361,1.422680412371134,26679.23076923077,373.0769230769231,47.44834164877654,The mobile banking service was convenient.,Neutral,0.0,Digital Banking,0,0,1,0.0
2024-10,1038,Branch 1038,East,9235,445,5894104,3578183,767740,512236,28,91074,92,4.2,255504,33.280016672310936,60.707836169840235,0.9962100703844071,27419.285714285714,329.82142857142856,49.53757091334984,The account service was not satisfactory.,Neutral,0.0,Account Service,0,0,1,0.0
2024-10,1039,Branch 1039,West,8607,582,6003614,3684402,736820,504355,24,64045,106,4.1,232465,31.549767921609078,61.369734962973965,1.2315557104682235,30700.833333333332,358.625,51.247806483438524,The staff was very helpful and friendly.,Positive,0.2875,Staff Service,1,0,0,0.0
2024-10,1040,Branch 1040,Central,9513,660,5450959,3301183,552790,352672,30,79397,121,4.3,200118,36.201450822192875,60.561508534553276,1.2719436560496165,18426.333333333332,317.1,46.241122242461216,The waiting time was too long.,Negative,-0.05,Waiting Time,0,1,0,100.0
2024-10,1041,Branch 1041,North,10428,492,6132479,3476291,625318,456529,30,86177,83,4.5,168789,26.992506212838908,56.6865536759278,0.7959340237821251,20843.933333333334,347.6,45.90245622271166,Excellent service and quick response.,Positive,0.6666666666666666,Service Quality,1,0,0,0.0
2024-10,1042,Branch 1042,South,8452,514,5688264,4092795,693937,569647,25,65792,113,4.1,124290,17.91084781471517,71.9515655391522,1.3369616658778987,27757.48,338.08,44.33164614307201,The ATM was not working properly.,Neutral,0.0,ATM Issue,0,0,1,0.0
2024-10,1043,Branch 1043,East,8223,531,5327136,3655802,743901,480335,22,53025,132,4.0,263566,35.430252143766445,68.62603094796154,1.6052535570959505,33813.681818181816,373.77272727272725,54.31851143924125,The loan process was very slow.,Negative,-0.39000000000000007,Loan Process,0,1,0,100.0
2024-10,1044,Branch 1044,West,9704,453,5574253,3868379,782986,523660,32,82549,178,4.2,259326,33.1201324161607,69.39726273637024,1.8342951360263808,24468.3125,303.25,47.1035220215299,The mobile banking service was convenient.,Neutral,0.0,Digital Banking,0,0,1,0.0
2024-10,1045,Branch 1045,Central,9724,729,6824214,4988603,869368,710786,29,79470,139,4.2,158582,18.241067074012385,73.10150297162427,1.4294529000411353,29978.206896551725,335.3103448275862,45.66021883786688,The account service was not satisfactory.,Neutral,0.0,Account Service,0,0,1,0.0
2024-10,1046,Branch 1046,North,9480,748,5560512,3701819,658031,505728,31,74812,67,4.3,152303,23.14526215330281,66.57334792191799,0.7067510548523207,21226.8064516129,305.80645161290323,42.522422541942284,The staff was very helpful and friendly.,Positive,0.2875,Staff Service,1,0,0,0.0
2024-10,1047,Branch 1047,South,7695,367,5240409,3167522,579707,467831,22,54159,133,4.2,111876,19.298714695527224,60.44417525425973,1.728395061728395,26350.31818181818,349.77272727272725,44.92154090926317,The waiting time was too long.,Negative,-0.05,Waiting Time,0,1,0,100.0
2024-10,1048,Branch 1048,East,9727,477,5415131,3475178,688050,488445,28,86283,172,4.4,199605,29.010246348375844,64.17532650641323,1.7682738768376685,24573.214285714286,347.39285714285717,48.01298335041921,Excellent service and quick response.,Positive,0.6666666666666666,Service Quality,1,0,0,0.0
2024-10,1049,Branch 1049,West,8103,706,5743450,4083743,708259,580292,22,76963,88,4.1,127967,18.06782547062586,71.10261254124264,1.0860175243736887,32193.590909090908,368.3181818181818,47.58776793894536,The ATM was not working properly.,Neutral,0.0,ATM Issue,0,0,1,0.0
2024-10,1050,Branch 1050,Central,9320,770,6021661,4664702,771251,528792,26,72135,127,4.3,242459,31.43710672660392,77.4653704351673,1.3626609442060087,29663.5,358.46153846153845,51.325790657916755,The loan process was very slow.,Negative,-0.39000000000000007,Loan Process,0,1,0,100.0
2024-10,1051,Branch 1051,North,9961,827,5383441,3205971,683281,474709,33,85247,87,4.0,208572,30.525069480930977,59.552449817876706,0.8734062845095875,20705.484848484848,301.8484848484849,43.81358633227995,The mobile banking service was convenient.,Neutral,0.0,Digital Banking,0,0,1,0.0
2024-10,1052,Branch 1052,South,8817,584,5145565,3083424,586427,374653,28,68249,103,4.7,211774,36.11259372436808,59.92391506083394,1.1681977997051152,20943.821428571428,314.89285714285717,48.48093569893304,The account service was not satisfactory.,Neutral,0.0,Account Service,0,0,1,0.0
2024-10,1053,Branch 1053,East,9078,710,4924080,3166350,564973,470971,28,84710,163,4.3,94002,16.638317229318922,64.30338256080323,1.795549680546376,20177.60714285714,324.2142857142857,40.47206172328457,The staff was very helpful and friendly.,Positive,0.2875,Staff Service,1,0,0,0.0
2024-10,1054,Branch 1054,West,9671,871,6882077,5311318,842019,593949,32,91604,167,4.2,248070,29.461330445037465,77.1760908807036,1.7268121187054077,26313.09375,302.21875,46.63026103137456,The waiting time was too long.,Negative,-0.05,Waiting Time,0,1,0,100.0
2024-10,1055,Branch 1055,Central,8507,788,5838234,3578947,718751,520374,23,78551,66,4.2,198377,27.600239860535847,61.30187656061747,0.7758316680380863,31250.043478260868,369.8695652173913,50.850621710595895,Excellent service and quick response.,Positive,0.6666666666666666,Service Quality,1,0,0,0.0
2024-10,1056,Branch 1056,North,10415,570,5426504,3513790,704775,489352,34,103441,78,4.3,215423,30.566209073817884,64.7523709555913,0.7489198271723476,20728.676470588234,306.3235294117647,44.91094875355456,The ATM was not working properly.,Neutral,0.0,ATM Issue,0,0,1,0.0
2024-10,1057,Branch 1057,South,11065,631,6569509,4561487,711158,494283,31,67573,193,4.0,216875,30.49603604262344,69.43421494665736,1.7442385901491189,22940.58064516129,356.93548387096774,46.95083468323225,The loan process was very slow.,Negative,-0.39000000000000007,Loan Process,0,1,0,100.0
2024-10,1058,Branch 1058,East,8065,606,4724878,2723973,566635,372527,23,59557,78,4.2,194108,34.25626726199405,57.65171079549567,0.9671419714817111,24636.304347826088,350.6521739130435,49.403560979635444,The mobile banking service was convenient.,Neutral,0.0,Digital Banking,0,0,1,0.0
2024-10,1059,Branch 1059,West,7714,542,4497180,2451794,606333,453675,23,56960,104,4.1,152658,25.177254083152327,54.51847602275204,1.3481980814104226,26362.304347826088,335.39130434782606,46.130764960674405,The account service was not satisfactory.,Neutral,0.0,Account Service,0,0,1,0.0
2024-10,1060,Branch 1060,Central,9338,643,6106200,3185610,790526,518147,26,80519,156,4.3,272379,34.45541323119038,52.17008941731355,1.670593274791176,30404.846153846152,359.15384615384613,52.74924387374261,The staff was very helpful and friendly.,Positive,0.2875,Staff Service,1,0,0,0.0
2024-10,1061,Branch 1061,North,10648,852,6937294,4495729,760685,603405,28,105438,196,4.3,157280,20.676101145677908,64.80522520740796,1.8407212622088653,27167.321428571428,380.2857142857143,47.253679011557665,The waiting time was too long.,Negative,-0.05,Waiting Time,0,1,0,100.0
2024-10,1062,Branch 1062,South,9345,650,6154959,3866287,660819,480515,26,76838,165,3.9,180304,27.28492976140214,62.81580429699044,1.7656500802568218,25416.115384615383,359.4230769230769,46.75937265180317,Excellent service and quick response.,Positive,0.6666666666666666,Service Quality,1,0,0,0.0
2024-10,1063,Branch 1063,East,8353,632,4684568,3478185,638191,439023,27,64085,116,4.2,199168,31.208211961622773,74.24772145478515,1.3887226146294744,23636.703703703704,309.3703703703704,46.28818755892168,The ATM was not working properly.,Neutral,0.0,ATM Issue,0,0,1,0.0
2024-10,1064,Branch 1064,West,7834,623,4532399,2796458,547808,426530,25,49745,124,4.2,121278,22.138778550148956,61.69928993453577,1.582844013275466,21912.32,313.36,42.475761303356926,The loan process was very slow.,Negative,-0.39000000000000007,Loan Process,0,1,0,100.0
2024-10,1065,Branch 1065,Central,7863,490,4836123,3043010,586214,411879,26,70393,64,4.3,174335,29.739139631602114,62.922510448969135,0.8139387002416381,22546.69230769231,302.4230769230769,45.30602391411023,The mobile banking service was convenient.,Neutral,0.0,Digital Banking,0,0,1,0.0
2024-10,1066,Branch 1066,North,9374,698,5887504,4464456,683006,451486,32,89392,95,4.3,231520,33.89721320164098,75.82934975500653,1.0134414337529336,21343.9375,292.9375,45.843856719277944,The account service was not satisfactory.,Neutral,0.0,Account Service,0,0,1,0.0
2024-10,1067,Branch 1067,South,8932,643,5575903,3077948,730779,539820,24,76822,167,4.0,190959,26.13088225031097,55.20088853769515,1.869682042095835,30449.125,372.1666666666667,49.45705764054248,The staff was very helpful and friendly.,Positive,0.2875,Staff Service,1,0,0,0.0
2024-10,1068,Branch 1068,East,8302,701,6049155,4433120,650224,531974,24,72420,163,3.9,118250,18.18604050296513,73.28494640987047,1.963382317513852,27092.666666666668,345.9166666666667,43.82447254908045,The waiting time was too long.,Negative,-0.05,Waiting Time,0,1,0,100.0
2024-10,1069,Branch 1069,West,9216,682,4808635,3587400,538033,444315,25,86227,100,4.5,93718,17.418634172996825,74.60329178654649,1.0850694444444444,21521.32,368.64,43.67278416612379,Excellent service and quick response.,Positive,0.6666666666666666,Service Quality,1,0,0,0.0
2024-10,1070,Branch 1070,Central,10275,473,6953062,4529323,899653,657343,29,98205,190,4.1,242310,26.933717777854348,65.14141539367834,1.8491484184914844,31022.51724137931,354.3103448275862,49.61375042183676,The ATM was not working properly.,Neutral,0.0,ATM Issue,0,0,1,0.0
2024-10,1071,Branch 1071,North,8377,472,5909501,4040769,598876,420540,22,82569,138,4.2,178336,29.778451632725307,68.37749921693896,1.6473677927659067,27221.636363636364,380.77272727272725,50.18319313434768,The loan process was very slow.,Negative,-0.39000000000000007,Loan Process,0,1,0,100.0
2024-10,1072,Branch 1072,South,8337,555,5865614,3964198,724111,579237,24,77607,144,4.0,144874,20.0071535993791,67.5836834813883,1.7272400143936668,30171.291666666668,347.375,46.23156290654823,The mobile banking service was convenient.,Neutral,0.0,Digital Banking,0,0,1,0.0
2024-10,1073,Branch 1073,East,9303,879,6746256,4673215,935388,776796,30,88872,142,4.5,158592,16.954675492950518,69.27123726108229,1.5263893367730839,31179.6,310.1,45.690855349851574,The account service was not satisfactory.,Neutral,0.0,Account Service,0,0,1,0.0
2024-10,1074,Branch 1074,West,10442,839,5879275,3370531,663957,485732,33,95862,172,4.2,178225,26.842852775104415,57.329024412023585,1.6471940241333078,20119.909090909092,316.42424242424244,43.41719534883426,The staff was very helpful and friendly.,Positive,0.2875,Staff Service,1,0,0,0.0
2024-10,1075,Branch 1075,Central,10232,922,5404909,3190823,536028,382537,28,94339,165,4.0,153491,28.63488474482676,59.03564703864579,1.6125879593432368,19143.85714285714,365.42857142857144,44.883204406460045,The waiting time was too long.,Negative,-0.05,Waiting Time,0,1,0,100.0
2024-10,1076,Branch 1076,North,8994,568,6066083,3670259,628796,445315,29,72959,170,4.0,183481,29.17973396777333,60.50459579929915,1.890148988214365,21682.620689655174,310.13793103448273,44.11056123660983,Excellent service and quick response.,Positive,0.6666666666666666,Service Quality,1,0,0,0.0
2024-10,1077,Branch 1077,South,8136,732,5311437,3592255,715354,474629,22,51102,98,4.5,240725,33.65117130819147,67.63245050256644,1.2045231071779743,32516.090909090908,369.8181818181818,54.4477731158229,The ATM was not working properly.,Neutral,0.0,ATM Issue,0,0,1,0.0
2024-10,1078,Branch 1078,East,9254,695,5797909,3701660,689023,538861,26,73566,72,4.3,150162,21.7934669815086,63.84474126792953,0.7780419278149989,26500.884615384617,355.9230769230769,46.40066070397504,The loan process was very slow.,Negative,-0.39000000000000007,Loan Process,0,1,0,100.0
2024-10,1079,Branch 1079,West,9051,682,5760602,3224635,726473,554587,28,88635,61,4.4,171886,23.6603425041261,55.977396112420195,0.6739586785990498,25945.464285714286,323.25,45.840943747304614,The mobile banking service was convenient.,Neutral,0.0,Digital Banking,0,0,1,0.0
2024-10,1080,Branch 1080,Central,9415,501,5031535,3318941,542723,381856,30,85549,124,4.1,160867,29.640719114539095,65.96279266665142,1.3170472650026555,18090.766666666666,313.8333333333333,43.065005559011055,The account service was not satisfactory.,Neutral,0.0,Account Service,0,0,1,0.0
2024-10,1081,Branch 1081,North,9042,471,5009999,3262334,646753,530379,26,65443,76,4.3,116374,17.993577146143892,65.11646010308584,0.8405220084052201,24875.115384615383,347.7692307692308,44.010259175751706,The staff was very helpful and friendly.,Positive,0.2875,Staff Service,1,0,0,0.0
2024-10,1082,Branch 1082,South,7727,731,4359200,3335382,530057,390647,23,61152,117,4.0,139410,26.30094499270833,76.51362635345936,1.5141710883913548,23045.956521739132,335.95652173913044,44.723124328202395,The waiting time was too long.,Negative,-0.05,Waiting Time,0,1,0,100.0
2024-10,1083,Branch 1083,East,9816,781,5825894,4198481,718830,514615,28,86234,88,4.5,204215,28.409359653882007,72.06586662922463,0.8964955175224123,25672.5,350.57142857142856,48.72980197851361,Excellent service and quick response.,Positive,0.6666666666666666,Service Quality,1,0,0,0.0
2024-10,1084,Branch 1084,West,9856,557,6349525,4448257,728080,586799,26,88177,140,3.9,141281,19.404598395780685,70.0565317878109,1.4204545454545454,28003.076923076922,379.0769230769231,45.94584357851524,The ATM was not working properly.,Neutral,0.0,ATM Issue,0,0,1,0.0
2024-10,1085,Branch 1085,Central,10398,612,5711858,4174650,781675,591460,29,70755,193,3.8,190215,24.334282150510123,73.0874261930181,1.856126178111175,26954.310344827587,358.55172413793105,46.09935397927183,The loan process was very slow.,Negative,-0.39000000000000007,Loan Process,0,1,0,100.0
2024-10,1086,Branch 1086,North,9628,836,5200174,3392023,583559,371377,28,93553,156,4.1,212182,36.3599910206166,65.22902887480303,1.6202742002492732,20841.39285714286,343.85714285714283,47.83578774815972,The mobile banking service was convenient.,Neutral,0.0,Digital Banking,0,0,1,0.0
2024-10,1087,Branch 1087,South,8971,568,4949534,2822233,523915,417231,25,84852,161,4.1,106684,20.362845118005783,57.02017604081515,1.7946717199866236,20956.6,358.84,42.86661075592284,The account service was not satisfactory.,Neutral,0.0,Account Service,0,0,1,0.0
2024-10,1088,Branch 1088,East,9088,789,6613300,4706899,863214,615792,25,64925,120,4.2,247422,28.662880815186035,71.17322667956995,1.3204225352112675,34528.56,363.52,52.48337737461061,The staff was very helpful and friendly.,Positive,0.2875,Staff Service,1,0,0,0.0
2024-10,1089,Branch 1089,West,11019,514,7055741,4775622,708585,484803,31,72552,74,4.3,223782,31.58153220855649,67.68420212703386,0.671567292857791,22857.58064516129,355.4516129032258,48.13551136836264,The waiting time was too long.,Negative,-0.05,Waiting Time,0,1,0,100.0
2024-10,1090,Branch 1090,Central,9133,662,5186041,2719268,664371,476560,30,66604,97,4.1,187811,28.268994281809412,52.434371421282634,1.0620825577575825,22145.7,304.43333333333334,44.084764495805096,Excellent service and quick response.,Positive,0.6666666666666666,Service Quality,1,0,0,0.0
2024-10,1091,Branch 1091,North,9426,470,5429174,3447229,711871,521856,31,92805,84,4.1,190015,26.6923361114584,63.494538948282006,0.8911521323997454,22963.58064516129,304.06451612903226,43.89426132216064,The ATM was not working properly.,Neutral,0.0,ATM Issue,0,0,1,0.0
2024-10,1092,Branch 1092,South,10131,788,7107548,5334654,951942,798000,31,73319,69,4.2,153942,16.171363381382477,75.05617971204697,0.6810778797749482,30707.8064516129,326.80645161290323,44.9433679953111,The loan process was very slow.,Negative,-0.39000000000000007,Loan Process,0,1,0,100.0
2024-10,1093,Branch 1093,East,8455,457,5394591,3826373,728779,586717,23,61194,147,4.2,142062,19.493152245056457,70.92980728288761,1.738616203429923,31686.043478260868,367.60869565217394,48.12627326588333,The mobile banking service was convenient.,Neutral,0.0,Digital Banking,0,0,1,0.0
2024-10,1094,Branch 1094,West,8832,730,6111242,4007717,783874,510821,25,61593,96,4.2,273053,34.833787062716716,65.57941904444301,1.0869565217391304,31354.96,353.28,52.79174106257685,The account service was not satisfactory.,Neutral,0.0,Account Service,0,0,1,0.0
2024-10,1095,Branch 1095,Central,9335,509,6397561,4492706,782679,495788,27,80390,136,4.2,286891,36.65500160346707,70.22529367050974,1.4568826995179431,28988.11111111111,345.74074074074076,52.05212550689342,The staff was very helpful and friendly.,Positive,0.2875,Staff Service,1,0,0,0.0
2024-10,1096,Branch 1096,North,9847,898,7120009,5438678,938162,718128,33,67024,149,4.2,220034,23.453731871467827,76.38583041116942,1.513151213567584,28429.151515151516,298.3939393939394,45.35190919324039,The waiting time was too long.,Negative,-0.05,Waiting Time,0,1,0,100.0
2024-10,1097,Branch 1097,South,8722,551,6161363,4519838,821698,620856,26,62032,143,4.1,200842,24.44231335600184,73.35776191079798,1.6395322173813347,31603.76923076923,335.46153846153845,48.282851604747336,Excellent service and quick response.,Positive,0.6666666666666666,Service Quality,1,0,0,0.0
2024-10,1098,Branch 1098,East,7559,655,3962601,2268514,449830,339393,22,62839,60,4.3,110437,24.550830313674055,57.24810547415699,0.7937557878026195,20446.81818181818,343.59090909090907,44.11116153114863,The ATM was not working properly.,Neutral,0.0,ATM Issue,0,0,1,0.0
2024-10,1099,Branch 1099,West,10415,873,6111974,3591451,765276,489373,35,68338,123,4.3,275903,36.052744369351714,58.76090114257685,1.1809889582333173,21865.02857142857,297.57142857142856,47.01598400278847,The loan process was very slow.,Negative,-0.39000000000000007,Loan Process,0,1,0,100.0
2024-10,1100,Branch 1100,Central,10784,666,6168232,3753351,756540,479385,30,91562,185,4.2,277155,36.63454675231977,60.84970539370115,1.7155044510385755,25218.0,359.46666666666664,50.84245264687368,The mobile banking service was convenient.,Neutral,0.0,Digital Banking,0,0,1,0.0
2024-11,1001,Branch 1001,North,9673,729,7063355,4652987,893713,649105,31,81988,118,4.4,244608,27.369860346666098,65.87502681091351,1.2198904166235913,28829.451612903227,312.03225806451616,48.03150574922602,The account service was not satisfactory.,Neutral,0.0,Account Service,0,0,1,0.0
2024-11,1002,Branch 1002,South,9109,762,4957883,3361541,623865,482850,25,87894,175,4.2,141015,22.603447861316152,67.80194288570344,1.9211768580524757,24954.6,364.36,45.999049987853994,The staff was very helpful and friendly.,Positive,0.2875,Staff Service,1,0,0,0.0
2024-11,1003,Branch 1003,East,9495,530,5111098,3519267,589509,430560,31,58627,87,4.5,158949,26.962947130578158,68.85540054211444,0.9162717219589257,19016.41935483871,306.2903225806452,43.46234789010865,The waiting time was too long.,Negative,-0.05,Waiting Time,0,1,0,100.0
2024-11,1004,Branch 1004,West,9421,814,5802284,3882628,777843,532569,26,71546,128,4.4,245274,31.532584338999005,66.9155112021404,1.358666808194459,29917.03846153846,362.34615384615387,51.925199877623456,Excellent service and quick response.,Positive,0.6666666666666666,Service Quality,1,0,0,0.0
2024-11,1005,Branch 1005,Central,9892,861,5261523,3726121,647223,527010,27,70497,196,3.9,120213,18.573660083155268,70.81829728768648,1.981399110392236,23971.222222222223,366.3703703703704,43.314518610603045,The ATM was not working properly.,Neutral,0.0,ATM Issue,0,0,1,0.0
2024-11,1006,Branch 1006,North,10349,816,6087812,4490294,703503,513323,32,77458,169,4.1,190180,27.03328912598809,73.75874944889888,1.6330080200985604,21984.46875,323.40625,44.30880587856689,The loan process was very slow.,Negative,-0.39000000000000007,Loan Process,0,1,0,100.0
2024-11,1007,Branch 1007,South,8271,607,5551560,4311846,590089,404985,26,74344,65,4.2,185104,31.368827414169726,77.66908760780753,0.7858783702091646,22695.73076923077,318.11538461538464,46.249090275230145,The mobile banking service was convenient.,Neutral,0.0,Digital Banking,0,0,1,0.0
2024-11,1008,Branch 1008,East,7488,685,5125635,2845185,614836,459296,20,69401,130,4.2,155540,25.2978029913668,55.50892718658274,1.7361111111111112,30741.8,374.4,49.985857510622644,The account service was not satisfactory.,Neutral,0.0,Account Service,0,0,1,0.0
2024-11,1009,Branch 1009,West,8549,702,5813554,4385578,751991,490612,24,79476,156,3.9,261379,34.758261734515436,75.43712503573545,1.8247748274652007,31332.958333333332,356.2083333333333,51.967962974164564,The staff was very helpful and friendly.,Positive,0.2875,Staff Service,1,0,0,0.0
2024-11,1010,Branch 1010,Central,8463,594,4783914,3298912,661200,447392,27,80681,144,4.5,213808,32.33635813672111,68.95843027278501,1.7015242821694434,24488.88888888889,313.44444444444446,48.131193863216154,The waiting time was too long.,Negative,-0.05,Waiting Time,0,1,0,100.0
2024-11,1011,Branch 1011,North,10568,649,6322477,3748202,753793,545391,28,73296,171,4.3,208402,27.647112668862672,59.283758564878916,1.6180923542770627,26921.178571428572,377.42857142857144,49.470500320604565,Excellent service and quick response.,Positive,0.6666666666666666,Service Quality,1,0,0,0.0
2024-11,1012,Branch 1012,South,7729,681,4371420,3115837,538652,375133,21,57551,123,4.0,163519,30.357076554064587,71.27745675318317,1.591408979169362,25650.095238095237,368.04761904761904,48.57415043787291,The ATM was not working properly.,Neutral,0.0,ATM Issue,0,0,1,0.0
2024-11,1013,Branch 1013,East,7756,711,5210582,3964387,720084,529114,20,57838,91,4.5,190970,26.520517050788516,76.08338185638381,1.1732851985559567,36004.2,387.8,54.2460089331398,The loan process was very slow.,Negative,-0.39000000000000007,Loan Process,0,1,0,100.0
2024-11,1014,Branch 1014,West,9046,593,4809721,3053771,533246,444520,26,62706,180,4.2,88726,16.638849611623904,63.49164535739183,1.9898297590095069,20509.46153846154,347.9230769230769,41.23754447694833,The mobile banking service was convenient.,Neutral,0.0,Digital Banking,0,0,1,0.0
2024-11,1015,Branch 1015,Central,9409,517,6309606,4419065,902563,704428,28,61264,57,4.0,198135,21.95248420331877,70.0370989884313,0.605802954617919,32234.39285714286,336.0357142857143,47.42307048065747,The account service was not satisfactory.,Neutral,0.0,Account Service,0,0,1,0.0
2024-11,1016,Branch 1016,North,7818,376,4605783,2715392,621167,477753,25,74789,147,3.8,143414,23.087833062606354,58.956142744892674,1.8802762854950115,24846.68,312.72,42.93059407827364,The staff was very helpful and friendly.,Positive,0.2875,Staff Service,1,0,0,0.0
2024-11,1017,Branch 1017,South,9455,574,6526162,4753446,897871,577284,28,88650,175,4.0,320587,35.705240507823504,72.83677604080316,1.8508725542041249,32066.821428571428,337.67857142857144,52.222854518815886,The waiting time was too long.,Negative,-0.05,Waiting Time,0,1,0,100.0
2024-11,1018,Branch 1018,East,9058,441,5987992,3151243,676432,513685,27,88065,98,4.1,162747,24.059624618586938,52.626038912543635,1.0819165378670788,25053.037037037036,335.48148148148147,45.141918684082796,Excellent service and quick response.,Positive,0.6666666666666666,Service Quality,1,0,0,0.0
2024-11,1019,Branch 1019,West,8755,397,4750050,3555922,505517,345080,29,86862,92,4.1,160437,31.737211607126962,74.86072778181281,1.0508280982295832,17431.620689655174,301.8965517241379,43.03649665042784,The ATM was not working properly.,Neutral,0.0,ATM Issue,0,0,1,0.0
2024-11,1020,Branch 1020,Central,8064,458,5038425,3016032,718576,520323,22,75344,98,4.4,198253,27.589705194718444,59.860611202905666,1.215277777777778,32662.545454545456,366.54545454545456,51.967485406353646,The loan process was very slow.,Negative,-0.39000000000000007,Loan Process,0,1,0,100.0
2024-11,1021,Branch 1021,North,9837,744,5473983,3190735,620651,476682,27,85645,170,4.0,143969,23.196450178925033,58.289092238686166,1.7281691572633933,22987.074074074073,364.3333333333333,44.702187122668,The mobile banking service was convenient.,Neutral,0.0,Digital Banking,0,0,1,0.0
2024-11,1022,Branch 1022,South,8016,539,4643143,3144211,621976,510717,23,71928,79,4.2,111259,17.887989247173525,67.71729839033604,0.9855289421157685,27042.434782608696,348.5217391304348,44.69740110231591,The account service was not satisfactory.,Neutral,0.0,Account Service,0,0,1,0.0
2024-11,1023,Branch 1023,East,8917,767,6125684,4694645,860755,610868,27,71588,102,4.1,249887,29.0311412655169,76.63870679584517,1.1438824716833016,31879.814814814814,330.25925925925924,49.81536941575312,The staff was very helpful and friendly.,Positive,0.2875,Staff Service,1,0,0,0.0
2024-11,1024,Branch 1024,West,8155,680,4763623,2811806,616095,486003,23,80121,135,4.2,130092,21.11557470844594,59.02662742202731,1.655426118945432,26786.739130434784,354.5652173913044,45.94236265567699,The waiting time was too long.,Negative,-0.05,Waiting Time,0,1,0,100.0
2024-11,1025,Branch 1025,Central,7865,703,4217831,2362071,500485,312625,25,54167,96,4.4,187860,37.53559047723708,56.00203042748749,1.2205975842339478,20019.4,314.6,47.64326102178925,Excellent service and quick response.,Positive,0.6666666666666666,Service Quality,1,0,0,0.0
2024-11,1026,Branch 1026,North,10378,847,6026841,4081004,754980,469974,34,95303,74,4.2,285006,37.75013907653183,67.71381557933917,0.7130468298323377,22205.29411764706,305.2352941176471,47.761407872052914,The ATM was not working properly.,Neutral,0.0,ATM Issue,0,0,1,0.0
2024-11,1027,Branch 1027,South,9121,532,5624140,4260070,779425,509958,25,70543,63,4.5,269467,34.57253744747731,75.74615852379209,0.6907137375287797,31177.0,364.84,53.96372062996021,The loan process was very slow.,Negative,-0.39000000000000007,Loan Process,0,1,0,100.0
2024-11,1028,Branch 1028,East,11477,1084,7115841,3919016,975638,771197,33,91936,145,4.3,204441,20.954595864449725,55.074530192566144,1.2633963579332579,29564.78787878788,347.7878787878788,47.200590536546585,The mobile banking service was convenient.,Neutral,0.0,Digital Banking,0,0,1,0.0
2024-11,1029,Branch 1029,West,10219,696,6658336,3673364,688115,474941,29,84115,174,4.1,213174,30.979414778053087,55.169399681842435,1.702710637048635,23728.103448275862,352.37931034482756,47.6061681680103,The account service was not satisfactory.,Neutral,0.0,Account Service,0,0,1,0.0
2024-11,1030,Branch 1030,Central,8589,443,5969585,3252091,589822,375364,26,60393,63,4.6,214458,36.359783121009386,54.477673071076126,0.7334963325183375,22685.46153846154,330.34615384615387,49.66216519865009,The staff was very helpful and friendly.,Positive,0.2875,Staff Service,1,0,0,0.0
2024-11,1031,Branch 1031,North,10861,845,6199360,3959554,730923,527113,35,67456,165,4.0,203810,27.883922109442445,63.87036726371754,1.519197127336341,20883.514285714286,310.3142857142857,43.296909144467435,The waiting time was too long.,Negative,-0.05,Waiting Time,0,1,0,100.0
2024-11,1032,Branch 1032,South,10003,689,7006151,5423952,887944,610455,28,78337,180,4.1,277489,31.250732028145915,77.41700114656392,1.7994601619514148,31712.285714285714,357.25,51.5546054346523,Excellent service and quick response.,Positive,0.6666666666666666,Service Quality,1,0,0,0.0
2024-11,1033,Branch 1033,East,8026,516,5724031,3126010,788550,526281,23,71936,159,3.8,262269,33.25965379494008,54.61203826464253,1.9810615499626216,34284.782608695656,348.95652173913044,52.219539507511975,The ATM was not working properly.,Neutral,0.0,ATM Issue,0,0,1,0.0
2024-11,1034,Branch 1034,West,10157,797,6434464,4030434,789670,550616,28,100881,185,3.7,239054,30.272645535476844,62.63822441154384,1.8214039578615733,28202.5,362.75,48.612543710214155,The loan process was very slow.,Negative,-0.39000000000000007,Loan Process,0,1,0,100.0
2024-11,1035,Branch 1035,Central,7921,498,4372699,2710525,558336,422416,23,66037,62,4.2,135920,24.343764328289772,61.98745900415281,0.7827294533518495,24275.478260869564,344.39130434782606,45.527432366587426,The mobile banking service was convenient.,Neutral,0.0,Digital Banking,0,0,1,0.0
2024-11,1036,Branch 1036,North,7634,646,4825589,3564707,547516,376712,25,46152,67,4.6,170804,31.19616595679396,73.87092021305585,0.877652606759235,21900.64,305.36,46.53243765555976,The account service was not satisfactory.,Neutral,0.0,Account Service,0,0,1,0.0
2024-11,1037,Branch 1037,South,10475,608,5788782,4212031,796891,521595,31,91796,149,4.1,275296,34.54625538498991,72.76195579657345,1.422434367541766,25706.16129032258,337.9032258064516,49.20537176342361,The staff was very helpful and friendly.,Positive,0.2875,Staff Service,1,0,0,0.0
2024-11,1038,Branch 1038,East,9892,621,5413772,3541291,575270,466630,32,95029,117,4.1,108640,18.885045283084466,65.41263651295253,1.1827739587545492,17977.1875,309.125,39.06707186573075,The waiting time was too long.,Negative,-0.05,Waiting Time,0,1,0,100.0
2024-11,1039,Branch 1039,West,8943,562,6112798,4366804,847248,597227,30,82068,71,4.4,250021,29.509777538571942,71.43707349727572,0.7939170300793916,28241.6,298.1,47.97409278249583,Excellent service and quick response.,Positive,0.6666666666666666,Service Quality,1,0,0,0.0
2024-11,1040,Branch 1040,Central,9553,827,5014827,3653426,551030,356921,26,90185,94,4.3,194109,35.226575685534364,72.85248324618178,0.9839840887679262,21193.46153846154,367.4230769230769,49.108169334267316,The ATM was not working properly.,Neutral,0.0,ATM Issue,0,0,1,0.0
2024-11,1041,Branch 1041,North,10525,952,7724424,5406573,995032,788077,31,74810,105,4.4,206955,20.798828580387365,69.99321891185673,0.9976247030878859,32097.8064516129,339.51612903225805,48.290593697334785,The loan process was very slow.,Negative,-0.39000000000000007,Loan Process,0,1,0,100.0
2024-11,1042,Branch 1042,South,8243,640,4528950,3170495,566834,467309,25,49852,106,4.4,99525,17.558050505086147,70.00507843981497,1.2859395851025113,22673.36,329.72,42.45189182462145,The mobile banking service was convenient.,Neutral,0.0,Digital Banking,0,0,1,0.0
2024-11,1043,Branch 1043,East,8702,583,5990932,3296710,769376,615057,27,64772,86,4.1,154319,20.05768310942894,55.0283328203358,0.9882785566536428,28495.40740740741,322.2962962962963,44.814092756009295,The account service was not satisfactory.,Neutral,0.0,Account Service,0,0,1,0.0
2024-11,1044,Branch 1044,West,10206,734,6966417,4315366,891283,566452,34,94823,75,4.5,324831,36.44532656855342,61.945272584170596,0.7348618459729571,26214.20588235294,300.1764705882353,49.85061584607331,The staff was very helpful and friendly.,Positive,0.2875,Staff Service,1,0,0,0.0
2024-11,1045,Branch 1045,Central,10302,960,6632565,3714322,789865,647812,27,81365,136,4.7,142053,17.984465699834782,56.00129060175061,1.3201320132013201,29254.25925925926,381.55555555555554,48.51871752580314,The waiting time was too long.,Negative,-0.05,Waiting Time,0,1,0,100.0
2024-11,1046,Branch 1046,North,9428,679,4946485,3522130,626085,461703,29,90810,77,4.5,164382,26.255540381897024,71.20470394633766,0.8167161646160372,21589.137931034482,325.1034482758621,45.120430183827345,Excellent service and quick response.,Positive,0.6666666666666666,Service Quality,1,0,0,0.0
2024-11,1047,Branch 1047,South,7860,625,4633148,3048832,512039,337424,23,47258,62,4.3,174615,34.10189458224862,65.80476168687035,0.7888040712468193,22262.565217391304,341.7391304347826,48.21642759410463,The ATM was not working properly.,Neutral,0.0,ATM Issue,0,0,1,0.0
2024-11,1048,Branch 1048,East,10268,928,6741652,5083932,764290,521176,33,77395,81,4.1,243114,31.809130042261447,75.41077468845914,0.7888585897935334,23160.303030303032,311.1515151515151,46.04835456652077,The loan process was very slow.,Negative,-0.39000000000000007,Loan Process,0,1,0,100.0
2024-11,1049,Branch 1049,West,8742,461,6056912,3685982,710870,536081,27,79453,92,4.3,174789,24.58804000731498,60.855795824671056,1.052390757263784,26328.51851851852,323.77777777777777,46.06183920835114,The mobile banking service was convenient.,Neutral,0.0,Digital Banking,0,0,1,0.0
2024-11,1050,Branch 1050,Central,9423,473,5629178,3820420,616675,455309,29,62798,127,4.2,161366,26.167105849920947,67.86816831871367,1.3477661042130957,21264.655172413793,324.9310344827586,44.03385334928962,The account service was not satisfactory.,Neutral,0.0,Account Service,0,0,1,0.0
2024-11,1051,Branch 1051,North,9711,770,6491338,4425802,809662,518644,26,65877,137,4.3,291018,35.943146646378366,68.18011941451823,1.4107712902893625,31140.846153846152,373.5,54.160294070921644,The staff was very helpful and friendly.,Positive,0.2875,Staff Service,1,0,0,0.0
2024-11,1052,Branch 1052,South,8403,610,5013542,2842524,630793,482732,22,68651,98,4.2,148061,23.472200864625954,56.69692205630271,1.1662501487563965,28672.409090909092,381.95454545454544,48.687632543856594,The waiting time was too long.,Negative,-0.05,Waiting Time,0,1,0,100.0
2024-11,1053,Branch 1053,East,8359,660,4793194,3173212,644513,484785,25,69180,110,4.1,159728,24.782742939242496,66.20245289466689,1.3159468835985166,25780.52,334.36,45.685849370739,Excellent service and quick response.,Positive,0.6666666666666666,Service Quality,1,0,0,0.0
2024-11,1054,Branch 1054,West,9608,643,5915041,3590882,792971,647234,26,75561,70,4.3,145737,18.378604009478277,60.70764344659657,0.7285595337218984,30498.884615384617,369.53846153846155,47.56540618026495,The ATM was not working properly.,Neutral,0.0,ATM Issue,0,0,1,0.0
2024-11,1055,Branch 1055,Central,8126,371,4226919,2469145,448566,360889,27,69383,128,4.0,87677,19.546064570208173,58.41476971761228,1.5751907457543686,16613.555555555555,300.962962962963,38.05803311266263,The loan process was very slow.,Negative,-0.39000000000000007,Loan Process,0,1,0,100.0
2024-11,1056,Branch 1056,North,10594,996,5828626,3504521,686413,443195,34,87209,201,4.3,243218,35.43318672577588,60.12602283968812,1.8973003586936001,20188.617647058825,311.5882352941176,46.5691453580756,The mobile banking service was convenient.,Neutral,0.0,Digital Banking,0,0,1,0.0
2024-11,1057,Branch 1057,South,10563,482,6081687,4068472,670415,493585,29,87198,170,4.2,176830,26.376199816531553,66.89709615111728,1.6093912714191045,23117.758620689656,364.2413793103448,46.471562364777284,The account service was not satisfactory.,Neutral,0.0,Account Service,0,0,1,0.0
2024-11,1058,Branch 1058,East,7968,492,4417532,2854692,495247,317584,21,55313,50,4.3,177663,35.87361458019937,64.62187483871085,0.6275100401606426,23583.190476190477,379.42857142857144,50.89415488788723,The staff was very helpful and friendly.,Positive,0.2875,Staff Service,1,0,0,0.0
2024-11,1059,Branch 1059,West,8644,405,6232244,4506691,634538,525072,27,69677,123,3.9,109466,17.251291490816943,72.3124928998287,1.4229523368810737,23501.40740740741,320.14814814814815,40.856151217553844,The waiting time was too long.,Negative,-0.05,Waiting Time,0,1,0,100.0
2024-11,1060,Branch 1060,Central,9395,711,5107823,3024538,581966,380123,28,61911,87,4.1,201843,34.682953987002676,59.21383728449479,0.9260244811069718,20784.5,335.5357142857143,46.90227926071527,Excellent service and quick response.,Positive,0.6666666666666666,Service Quality,1,0,0,0.0
2024-11,1061,Branch 1061,North,11461,1046,7747984,5124643,787383,565545,34,113910,125,4.2,221838,28.174090626797888,66.14163116495853,1.0906552656836228,23158.323529411766,337.0882352941176,46.073895992544195,The ATM was not working properly.,Neutral,0.0,ATM Issue,0,0,1,0.0
2024-11,1062,Branch 1062,South,10216,919,7499923,5383443,980851,629363,29,83298,173,4.4,351488,35.83500450119335,71.77997694109659,1.6934220830070477,33822.44827586207,352.2758620689655,54.836445922313295,The loan process was very slow.,Negative,-0.39000000000000007,Loan Process,0,1,0,100.0
2024-11,1063,Branch 1063,East,8990,476,4792185,3567713,542454,379325,26,56476,167,3.9,163129,30.072411669929615,74.44856573775846,1.85761957730812,20863.615384615383,345.7692307692308,45.11896488960849,The mobile banking service was convenient.,Neutral,0.0,Digital Banking,0,0,1,0.0
2024-11,1064,Branch 1064,West,8487,461,5284499,4041124,688276,479523,27,63845,115,4.2,208753,30.32983861125479,76.47127949120626,1.3550135501355014,25491.703703703704,314.3333333333333,47.0235804647238,The account service was not satisfactory.,Neutral,0.0,Account Service,0,0,1,0.0
2024-11,1065,Branch 1065,Central,8307,704,4810272,2627640,486106,385732,23,75389,107,4.2,100374,20.648582819385073,54.62560121340332,1.2880703021548092,21135.043478260868,361.17391304347825,43.43842021614924,The staff was very helpful and friendly.,Positive,0.2875,Staff Service,1,0,0,0.0
2024-11,1066,Branch 1066,North,9191,670,5115501,3690307,628280,522495,25,67320,104,4.2,105785,16.83723817406252,72.13969853588144,1.1315417256011315,25131.2,367.64,44.18826126475838,The waiting time was too long.,Negative,-0.05,Waiting Time,0,1,0,100.0
2024-11,1067,Branch 1067,South,9001,783,5980014,4204867,793833,624279,28,83572,115,4.2,169554,21.35890042364074,70.31533705439486,1.2776358182424175,28351.178571428572,321.4642857142857,45.471259110542896,Excellent service and quick response.,Positive,0.6666666666666666,Service Quality,1,0,0,0.0
2024-11,1068,Branch 1068,East,8612,424,5931230,3995102,713135,458682,26,69138,114,4.4,254453,35.680901933014084,67.3570574737449,1.3237343241987922,27428.26923076923,331.2307692307692,51.03627331072198,The ATM was not working properly.,Neutral,0.0,ATM Issue,0,0,1,0.0
2024-11,1069,Branch 1069,West,9393,861,4940628,2663295,567620,468096,28,75110,130,4.0,99524,17.533561185300027,53.90600142330084,1.3840093686788033,20272.14285714286,335.4642857142857,40.36199328011453,The loan process was very slow.,Negative,-0.39000000000000007,Loan Process,0,1,0,100.0
2024-11,1070,Branch 1070,Central,9967,628,6542701,3582455,868347,702742,30,95568,198,4.0,165605,19.07129292782724,54.75498574671225,1.9865556335908499,28944.9,332.23333333333335,44.7578736463495,The mobile banking service was convenient.,Neutral,0.0,Digital Banking,0,0,1,0.0
2024-11,1071,Branch 1071,North,8092,538,5352629,2991091,637122,517372,25,61122,109,4.1,119750,18.79545832666271,55.88078306940384,1.347009391992091,25484.88,323.68,43.0433151294693,The account service was not satisfactory.,Neutral,0.0,Account Service,0,0,1,0.0
2024-11,1072,Branch 1072,South,8202,538,5323377,3057421,724247,539145,23,69601,54,4.3,185102,25.557855262085997,57.433862001507684,0.6583760058522311,31489.0,356.60869565217394,50.03488329858332,The staff was very helpful and friendly.,Positive,0.2875,Staff Service,1,0,0,0.0
2024-11,1073,Branch 1073,East,9173,427,5452112,3848023,652864,460157,29,77330,158,4.3,192707,29.51717356141555,70.57857578861183,1.7224463098223046,22512.55172413793,316.3103448275862,45.7474005196977,The waiting time was too long.,Negative,-0.05,Waiting Time,0,1,0,100.0
2024-11,1074,Branch 1074,West,10508,513,6701974,4179483,944269,647649,34,63577,191,4.1,296620,31.41265889275196,62.36196977189109,1.8176627331556907,27772.617647058825,309.05882352941177,47.94674689157684,Excellent service and quick response.,Positive,0.6666666666666666,Service Quality,1,0,0,0.0
2024-11,1075,Branch 1075,Central,10393,908,6451400,4653263,803228,604222,29,84214,134,4.4,199006,24.775779728794316,72.12795672257184,1.289329356297508,27697.51724137931,358.37931034482756,48.38848163753341,The ATM was not working properly.,Neutral,0.0,ATM Issue,0,0,1,0.0
2024-11,1076,Branch 1076,North,8261,521,5643800,3820850,771411,483056,28,63888,73,4.3,288355,37.380203289815675,67.69995393174811,0.8836702578380342,27550.39285714286,295.0357142857143,49.993382208395,The loan process was very slow.,Negative,-0.39000000000000007,Loan Process,0,1,0,100.0
2024-11,1077,Branch 1077,South,8446,717,5062738,3915848,673620,480812,25,81067,56,4.0,192808,28.622665597814787,77.34644771268037,0.6630357565711579,26944.8,337.84,47.39840005804931,The mobile banking service was convenient.,Neutral,0.0,Digital Banking,0,0,1,0.0
2024-11,1078,Branch 1078,East,9943,540,6048395,4052261,637262,407958,27,89569,65,4.5,229304,35.982688438978,66.99729432353541,0.6537262395655234,23602.296296296296,368.25925925925924,51.11101987161245,The account service was not satisfactory.,Neutral,0.0,Account Service,0,0,1,0.0
2024-11,1079,Branch 1079,West,9327,697,6535566,3987388,778935,555674,27,92869,87,4.2,223261,28.66234024661878,61.010599541034395,0.9327758121582503,28849.444444444445,345.44444444444446,49.17961629510796,The staff was very helpful and friendly.,Positive,0.2875,Staff Service,1,0,0,0.0
2024-11,1080,Branch 1080,Central,9167,440,5521707,3536513,698503,471336,28,87453,93,4.3,227167,32.521979146832585,64.04745851237669,1.01450856332497,24946.535714285714,327.39285714285717,48.343383896483545,The waiting time was too long.,Negative,-0.05,Waiting Time,0,1,0,100.0
2024-11,1081,Branch 1081,North,9131,851,6377144,4164860,753319,572466,27,89439,62,4.3,180853,24.00749217794852,65.30917288366076,0.6790055853685248,27900.703703703704,338.18518518518516,47.13528287861499,Excellent service and quick response.,Positive,0.6666666666666666,Service Quality,1,0,0,0.0
2024-11,1082,Branch 1082,South,7888,466,5002491,2853411,632121,463646,26,57891,130,4.1,168475,26.652333967705548,57.03980277025986,1.6480730223123734,24312.346153846152,303.38461538461536,44.47336430149614,The ATM was not working properly.,Neutral,0.0,ATM Issue,0,0,1,0.0
2024-11,1083,Branch 1083,East,9698,443,7010813,5449635,823714,654093,31,68693,90,4.1,169621,20.592220115234174,77.73185506445543,0.928026397195298,26571.41935483871,312.83870967741933,43.75361228844812,The loan process was very slow.,Negative,-0.39000000000000007,Loan Process,0,1,0,100.0
2024-11,1084,Branch 1084,West,10088,868,5608750,3529641,590494,404411,26,86493,174,4.4,186083,31.513105975674605,62.93097392467127,1.724821570182395,22711.30769230769,388.0,49.597702778089534,The mobile banking service was convenient.,Neutral,0.0,Digital Banking,0,0,1,0.0
2024-11,1085,Branch 1085,Central,9731,540,6499454,3511285,659337,448451,29,79673,143,4.2,210886,31.98455418094237,54.02430727258013,1.4695303668687698,22735.758620689656,335.55172413793105,47.154373544706374,The account service was not satisfactory.,Neutral,0.0,Account Service,0,0,1,0.0
2024-11,1086,Branch 1086,North,9533,641,6435401,3815080,730213,493233,25,67483,125,4.1,236980,32.453544376777735,59.28270825703014,1.311234658554495,29208.52,381.32,51.75282368936294,The staff was very helpful and friendly.,Positive,0.2875,Staff Service,1,0,0,0.0
2024-11,1087,Branch 1087,South,9251,619,6354306,4690633,885959,657873,27,69649,97,4.3,228086,25.744532196185148,73.818179357431,1.0485352934817858,32813.2962962963,342.6296296296296,50.169993977790746,The waiting time was too long.,Negative,-0.05,Waiting Time,0,1,0,100.0
2024-11,1088,Branch 1088,East,9135,585,4960705,2914919,620788,385719,24,54860,73,4.2,235069,37.86622808430575,58.7601762249519,0.7991242474001095,25866.166666666668,380.625,52.38586446656483,Excellent service and quick response.,Positive,0.6666666666666666,Service Quality,1,0,0,0.0
2024-11,1089,Branch 1089,West,10450,755,5964874,4184063,605473,475577,29,73959,168,4.2,129896,21.453640377027547,70.1450357543177,1.6076555023923447,20878.379310344826,360.3448275862069,43.570418760283815,The ATM was not working properly.,Neutral,0.0,ATM Issue,0,0,1,0.0
2024-11,1090,Branch 1090,Central,9240,645,6342430,3775028,838662,663389,30,69113,92,4.1,175273,20.899122650126035,59.520215437931526,0.9956709956709957,27955.4,308.0,44.31016263067333,The loan process was very slow.,Negative,-0.39000000000000007,Loan Process,0,1,0,100.0
2024-11,1091,Branch 1091,North,9803,852,5801282,4207091,823189,608748,26,90872,103,4.1,214441,26.050032252617566,72.52002229851954,1.0506987656839744,31661.115384615383,377.03846153846155,50.472836228608735,The mobile banking service was convenient.,Neutral,0.0,Digital Banking,0,0,1,0.0
2024-11,1092,Branch 1092,South,10173,919,5671442,4225710,603089,424158,30,62135,116,4.5,178931,29.66908698384484,74.50856413589348,1.140273272387693,20102.966666666667,339.1,46.171746371523895,The account service was not satisfactory.,Neutral,0.0,Account Service,0,0,1,0.0
2024-11,1093,Branch 1093,East,7986,540,4313802,2299155,501978,347357,21,51450,89,4.0,154621,30.80234591954229,53.29764787535451,1.114450288004007,23903.714285714286,380.2857142857143,48.3993838979299,The staff was very helpful and friendly.,Positive,0.2875,Staff Service,1,0,0,0.0
2024-11,1094,Branch 1094,West,9442,630,6782450,4456884,891519,569656,28,74290,85,4.4,321863,36.10276393436371,65.71200672323423,0.9002330014827368,31839.964285714286,337.2142857142857,53.439948877327105,The waiting time was too long.,Negative,-0.05,Waiting Time,0,1,0,100.0
2024-11,1095,Branch 1095,Central,9661,521,6802925,3811076,848728,585099,26,78604,174,4.1,263629,31.06165933019766,56.02113796638945,1.8010557913259495,32643.384615384617,371.5769230769231,52.467612391423195,Excellent service and quick response.,Positive,0.6666666666666666,Service Quality,1,0,0,0.0
2024-11,1096,Branch 1096,North,10627,504,5954507,4610138,839168,591769,33,102574,160,4.3,247399,29.481462591519218,77.42266488224801,1.5055989460807377,25429.333333333332,322.030303030303,47.29438954738015,The ATM was not working properly.,Neutral,0.0,ATM Issue,0,0,1,0.0
2024-11,1097,Branch 1097,South,8442,546,5351105,3463468,649263,512484,23,72564,106,4.4,136779,21.066809597959534,64.72435132556733,1.2556266287609572,28228.82608695652,367.04347826086956,47.667912525760826,The loan process was very slow.,Negative,-0.39000000000000007,Loan Process,0,1,0,100.0
2024-11,1098,Branch 1098,East,8372,649,5879901,3215522,591136,369027,23,77130,153,4.3,222109,37.573248795539435,54.68666904425772,1.8275203057811753,25701.565217391304,364.0,51.86758629201003,The mobile banking service was convenient.,Neutral,0.0,Digital Banking,0,0,1,0.0
2024-11,1099,Branch 1099,West,11070,723,7056558,4757354,1016348,813587,30,102603,74,4.2,202761,19.94995808522278,67.41748597545715,0.6684733514001806,33878.26666666667,369.0,49.34628489189336,The account service was not satisfactory.,Neutral,0.0,Account Service,0,0,1,0.0
2024-11,1100,Branch 1100,Central,10316,500,6992951,4413425,862973,651054,34,78065,164,4.0,211919,24.556851720737498,63.112482841650106,1.589763474214812,25381.558823529413,303.4117647058824,43.93191846558897,The staff was very helpful and friendly.,Positive,0.2875,Staff Service,1,0,0,0.0
2024-12,1001,Branch 1001,North,10659,923,7718045,5415137,1105652,796779,34,85244,69,4.5,308873,27.935824291911015,70.16202937401894,0.647340275823248,32519.176470588234,313.5,50.280241858704755,The waiting time was too long.,Negative,-0.05,Waiting Time,0,1,0,100.0
2024-12,1002,Branch 1002,South,9108,524,4921785,3402644,648802,417490,24,83872,104,4.2,231312,35.65217123251777,69.13434861539055,1.1418533157663593,27033.416666666668,379.5,52.10356679692534,Excellent service and quick response.,Positive,0.6666666666666666,Service Quality,1,0,0,0.0
2024-12,1003,Branch 1003,East,9773,585,6357521,4331529,763655,605067,31,82752,76,4.6,158588,20.766969377533048,68.13235850892195,0.7776527166683721,24634.032258064515,315.258064516129,44.51838506633909,The ATM was not working properly.,Neutral,0.0,ATM Issue,0,0,1,0.0
2024-12,1004,Branch 1004,West,9473,876,6559450,3459706,696234,476057,30,93960,104,4.1,220177,31.62399423182436,52.7438428526782,1.0978570674548718,23207.8,315.76666666666665,46.1830752939363,The loan process was very slow.,Negative,-0.39000000000000007,Loan Process,0,1,0,100.0
2024-12,1005,Branch 1005,Central,9964,510,6366095,3540205,709762,530106,30,97116,76,4.1,179656,25.312146888675358,55.61030741765557,0.7627458851866721,23658.733333333334,332.1333333333333,44.811185711618045,The mobile banking service was convenient.,Neutral,0.0,Digital Banking,0,0,1,0.0
2024-12,1006,Branch 1006,North,10546,861,5525109,3747480,733158,545151,31,95543,181,4.0,188007,25.643449297422926,67.82635419500322,1.7162905366963779,23650.25806451613,340.19354838709677,44.93361515921245,The account service was not satisfactory.,Neutral,0.0,Account Service,0,0,1,0.0
2024-12,1007,Branch 1007,South,7965,539,4441763,2591964,596924,404856,23,56674,66,4.3,192068,32.17629044903539,58.354396666368736,0.8286252354048964,25953.217391304348,346.30434782608694,49.41281141631906,The staff was very helpful and friendly.,Positive,0.2875,Staff Service,1,0,0,0.0
2024-12,1008,Branch 1008,East,8050,587,4717085,3253091,521705,397512,22,60812,100,4.2,124193,23.80521559118659,68.96401061248632,1.2422360248447204,23713.863636363636,365.90909090909093,45.909635259703755,The waiting time was too long.,Negative,-0.05,Waiting Time,0,1,0,100.0
2024-12,1009,Branch 1009,West,8509,764,4923999,3544917,561589,370173,23,69074,73,4.1,191416,34.08471319773001,71.99264256552449,0.8579151486661182,24416.91304347826,369.95652173913044,49.68611315580195,Excellent service and quick response.,Positive,0.6666666666666666,Service Quality,1,0,0,0.0
2024-12,1010,Branch 1010,Central,8198,689,5412854,3674110,670891,517946,24,70470,133,3.9,152945,22.797294940608833,67.87750048310927,1.6223469138814346,27953.791666666668,341.5833333333333,45.666937517760154,The ATM was not working properly.,Neutral,0.0,ATM Issue,0,0,1,0.0
2024-12,1011,Branch 1011,North,11721,682,6544788,4272629,827971,668644,34,108478,110,4.2,159327,19.24306527644084,65.2829243666869,0.9384864772630322,24352.08823529412,344.7352941176471,43.79060866467686,The loan process was very slow.,Negative,-0.39000000000000007,Loan Process,0,1,0,100.0
2024-12,1012,Branch 1012,South,8657,713,5807271,3846602,758837,549748,28,60586,108,4.0,209089,27.553875206401372,66.23768720281868,1.2475453390319973,27101.321428571428,309.17857142857144,45.99255884332675,The mobile banking service was convenient.,Neutral,0.0,Digital Banking,0,0,1,0.0
2024-12,1013,Branch 1013,East,8576,796,5448117,2972007,697332,494844,26,53717,102,4.3,202488,29.037531620519353,54.55108618262052,1.189365671641791,26820.46153846154,329.84615384615387,48.07870390511464,The account service was not satisfactory.,Neutral,0.0,Account Service,0,0,1,0.0
2024-12,1014,Branch 1014,West,8800,778,5693135,3787266,774823,558763,25,59386,165,4.0,216060,27.885078269488645,66.5233829867024,1.875,30992.92,352.0,49.54417538951123,The staff was very helpful and friendly.,Positive,0.2875,Staff Service,1,0,0,0.0
2024-12,1015,Branch 1015,Central,9512,864,6133284,4394618,675261,555609,28,90975,142,4.1,119652,17.719370732205768,71.6519567657392,1.4928511354079057,24116.464285714286,339.7142857142857,42.65579122261874,The waiting time was too long.,Negative,-0.05,Waiting Time,0,1,0,100.0
2024-12,1016,Branch 1016,North,8108,507,5309368,3372940,614457,512303,23,75128,81,4.1,102154,16.62508523786042,63.528088465519815,0.9990133201776022,26715.521739130436,352.5217391304348,43.95930621140801,Excellent service and quick response.,Positive,0.6666666666666666,Service Quality,1,0,0,0.0
2024-12,1017,Branch 1017,South,10361,864,5673957,3714727,769848,478856,30,75898,168,4.2,290992,37.79863037898391,65.46977708854685,1.6214651095454107,25661.6,345.3666666666667,50.91062850157203,The ATM was not working properly.,Neutral,0.0,ATM Issue,0,0,1,0.0
2024-12,1018,Branch 1018,East,8908,837,6258859,4098035,716500,530165,29,56464,125,4.1,186335,26.006280530355895,65.47575205001422,1.4032330489447689,24706.896551724138,307.17241379310343,44.57425507780502,The loan process was very slow.,Negative,-0.39000000000000007,Loan Process,0,1,0,100.0
2024-12,1019,Branch 1019,West,8463,475,4903627,3796594,594066,459655,27,82881,106,4.1,134411,22.625600522500868,77.4242004948582,1.2525109299302848,22002.444444444445,313.44444444444446,42.3907811105898,The mobile banking service was convenient.,Neutral,0.0,Digital Banking,0,0,1,0.0
2024-12,1020,Branch 1020,Central,8159,663,4523233,2869748,596102,465542,26,66019,162,4.0,130560,21.902291889643045,63.444620252814744,1.9855374433141317,22927.0,313.8076923076923,42.27611866482039,The account service was not satisfactory.,Neutral,0.0,Account Service,0,0,1,0.0
2024-12,1021,Branch 1021,North,10363,876,7502290,4978656,765563,512289,31,82254,193,4.2,253274,33.08336479166313,66.36181752504902,1.8623950593457492,24695.58064516129,334.2903225806452,48.39023560408336,The staff was very helpful and friendly.,Positive,0.2875,Staff Service,1,0,0,0.0
2024-12,1022,Branch 1022,South,7911,693,4585101,2516803,587783,447205,21,69908,151,3.8,140578,23.91664951180963,54.89089553316274,1.908734673239793,27989.666666666668,376.7142857142857,47.1279289310871,The waiting time was too long.,Negative,-0.05,Waiting Time,0,1,0,100.0
2024-12,1023,Branch 1023,East,9124,703,4860644,2608521,513589,399244,30,72394,113,4.2,114345,22.26391141554823,53.66616028657931,1.2384918895221393,17119.633333333335,304.1333333333333,39.963722073515925,Excellent service and quick response.,Positive,0.6666666666666666,Service Quality,1,0,0,0.0
2024-12,1024,Branch 1024,West,8084,472,4745831,2793183,564045,397358,26,52130,124,4.2,166687,29.552074745809286,58.85550918269108,1.533894111825829,21694.03846153846,310.9230769230769,44.87635563235247,The ATM was not working properly.,Neutral,0.0,ATM Issue,0,0,1,0.0
2024-12,1025,Branch 1025,Central,8842,719,5715115,3333497,687096,523838,29,67115,152,4.4,163258,23.760580763095696,58.327732687793684,1.7190680841438588,23692.96551724138,304.8965517241379,44.13508121758651,The loan process was very slow.,Negative,-0.39000000000000007,Loan Process,0,1,0,100.0
2024-12,1026,Branch 1026,North,10307,903,5722743,3849142,688442,473454,32,89962,113,4.2,214988,31.22819351521261,67.2604378704408,1.0963422916464538,21513.8125,322.09375,45.81038237734405,The mobile banking service was convenient.,Neutral,0.0,Digital Banking,0,0,1,0.0
2024-12,1027,Branch 1027,South,9336,633,5398103,4181555,568655,387072,26,72750,154,4.2,181583,31.9320150178931,77.4634163149536,1.649528706083976,21871.346153846152,359.0769230769231,47.644947586445554,The account service was not satisfactory.,Neutral,0.0,Account Service,0,0,1,0.0
2024-12,1028,Branch 1028,East,11153,627,8164550,6105711,1150642,846080,33,102746,154,4.4,304562,26.46887563638386,74.78319074535645,1.3807944050928003,34867.93939393939,337.969696969697,51.48746634223874,The staff was very helpful and friendly.,Positive,0.2875,Staff Service,1,0,0,0.0
2024-12,1029,Branch 1029,West,10973,1039,6582958,4107593,935565,706195,32,67040,68,4.4,229370,24.516735876181773,62.3973751617434,0.6197029071356966,29236.40625,342.90625,48.408592550043025,The waiting time was too long.,Negative,-0.05,Waiting Time,0,1,0,100.0
2024-12,1030,Branch 1030,Central,8555,710,5562601,3897641,722265,503656,24,83207,167,4.3,218609,30.26714571521533,70.068678303549,1.9520748100526009,30094.375,356.4583333333333,51.03700496261396,Excellent service and quick response.,Positive,0.6666666666666666,Service Quality,1,0,0,0.0
2024-12,1031,Branch 1031,North,11187,959,7782035,5524431,812327,661756,34,72634,134,4.2,150571,18.535762076109744,70.98954193858033,1.1978188969339412,23891.970588235294,329.02941176470586,42.727022618916806,The ATM was not working properly.,Neutral,0.0,ATM Issue,0,0,1,0.0
2024-12,1032,Branch 1032,South,10400,942,5441911,2869296,629535,443454,32,80815,93,4.4,186081,29.55848364268865,52.72588985744162,0.8942307692307692,19672.96875,325.0,45.092670491245904,The loan process was very slow.,Negative,-0.39000000000000007,Loan Process,0,1,0,100.0
2024-12,1033,Branch 1033,East,7921,563,4852595,2575641,562762,466283,23,63715,77,4.1,96479,17.143837003919952,53.077600747641206,0.9720994823885873,24467.91304347826,344.39130434782606,42.795813971978596,The mobile banking service was convenient.,Neutral,0.0,Digital Banking,0,0,1,0.0
2024-12,1034,Branch 1034,West,9714,610,6924578,4441931,698211,495481,29,64804,122,4.5,202730,29.03563535951167,64.14731699173582,1.2559192917438748,24076.241379310344,334.9655172413793,47.61516042979841,The account service was not satisfactory.,Neutral,0.0,Account Service,0,0,1,0.0
2024-12,1035,Branch 1035,Central,8102,664,5840440,4513354,767270,624848,25,63237,101,4.2,142422,18.562174984034304,77.27763661641931,1.2466057763515181,30690.8,324.08,45.66735937203075,The staff was very helpful and friendly.,Positive,0.2875,Staff Service,1,0,0,0.0
2024-12,1036,Branch 1036,North,8443,466,5982159,3456617,655514,536205,25,70810,51,4.6,119309,18.200831713739145,57.78209840293446,0.6040506928816771,26220.56,337.72,45.213603691087414,The waiting time was too long.,Negative,-0.05,Waiting Time,0,1,0,100.0
2024-12,1037,Branch 1037,South,10126,616,5510996,4057396,794335,588962,27,93809,131,4.2,205373,25.854708655667945,73.62364262285801,1.2936993877147938,29419.814814814814,375.037037037037,49.59831641136224,Excellent service and quick response.,Positive,0.6666666666666666,Service Quality,1,0,0,0.0
2024-12,1038,Branch 1038,East,10058,720,6097485,4291467,728089,539680,27,97038,154,4.0,188409,25.877193584850204,70.3809357464594,1.5311195068602108,26966.25925925926,372.51851851851853,47.78266187223289,The ATM was not working properly.,Neutral,0.0,ATM Issue,0,0,1,0.0
2024-12,1039,Branch 1039,West,8525,503,5633296,3533635,717688,526210,22,72243,130,4.2,191478,26.679838592814704,62.72766423067419,1.5249266862170088,32622.18181818182,387.5,51.83737068134758,The loan process was very slow.,Negative,-0.39000000000000007,Loan Process,0,1,0,100.0
2024-12,1040,Branch 1040,Central,8977,851,5728666,4069849,720774,458515,26,71645,105,4.2,262259,36.38574643369489,71.04357279687802,1.169655787011251,27722.076923076922,345.2692307692308,51.35843245282916,The mobile banking service was convenient.,Neutral,0.0,Digital Banking,0,0,1,0.0
2024-12,1041,Branch 1041,North,9984,639,6509085,5055847,882326,735442,31,84970,82,4.3,146884,16.647361632775187,77.67369760880369,0.8213141025641026,28462.129032258064,322.06451612903226,44.196275638154205,The account service was not satisfactory.,Neutral,0.0,Account Service,0,0,1,0.0
2024-12,1042,Branch 1042,South,8787,668,4646566,3538111,637332,464278,24,80067,77,4.4,173054,27.152881072972956,76.14464101015675,0.8762945260043244,26555.5,366.125,48.994365404818865,The staff was very helpful and friendly.,Positive,0.2875,Staff Service,1,0,0,0.0
2024-12,1043,Branch 1043,East,8775,714,6216879,4194855,877947,700219,24,81946,87,4.2,177728,20.243591014036156,67.4752556708921,0.9914529914529915,36581.125,365.625,50.56011307936123,The waiting time was too long.,Negative,-0.05,Waiting Time,0,1,0,100.0
2024-12,1044,Branch 1044,West,11238,717,7571710,4091241,751431,585920,34,83821,184,4.2,165511,22.02610752018482,54.03325008485533,1.637302011033992,22100.91176470588,330.52941176470586,43.18403999652404,Excellent service and quick response.,Positive,0.6666666666666666,Service Quality,1,0,0,0.0
2024-12,1045,Branch 1045,Central,10079,463,6064262,3197549,705094,577458,28,99632,80,4.3,127636,18.101983565311862,52.72775153843947,0.7937295366603829,25181.928571428572,359.9642857142857,44.658654602540835,The ATM was not working properly.,Neutral,0.0,ATM Issue,0,0,1,0.0
2024-12,1046,Branch 1046,North,10700,850,7594939,4633171,796084,531114,35,87779,134,4.2,264970,33.28417604172424,61.00339976397441,1.2523364485981308,22745.257142857143,305.7142857142857,46.46468805276249,The loan process was very slow.,Negative,-0.39000000000000007,Loan Process,0,1,0,100.0
2024-12,1047,Branch 1047,South,8257,750,4650932,3552429,647072,536061,22,68694,147,4.2,111011,17.155896098115818,76.38101352589115,1.7803076177788542,29412.363636363636,375.3181818181818,46.56113652191047,The mobile banking service was convenient.,Neutral,0.0,Digital Banking,0,0,1,0.0
2024-12,1048,Branch 1048,East,10527,957,6622026,5031551,787464,578245,33,94468,82,4.2,209219,26.568706632938138,75.98204839425276,0.7789493682910611,23862.545454545456,319.0,45.13885220019583,The account service was not satisfactory.,Neutral,0.0,Account Service,0,0,1,0.0
2024-12,1049,Branch 1049,West,8794,563,5956883,3145755,790887,646861,24,77460,164,4.0,144026,18.21069255152759,52.80874242451967,1.864907891744371,32953.625,366.4166666666667,47.613520678916906,The staff was very helpful and friendly.,Positive,0.2875,Staff Service,1,0,0,0.0
2024-12,1050,Branch 1050,Central,8909,736,4762400,2824797,606368,381045,26,72499,105,4.4,225323,37.1594477281123,59.31456828489837,1.1785834549332135,23321.846153846152,342.65384615384613,50.10816045629839,The waiting time was too long.,Negative,-0.05,Waiting Time,0,1,0,100.0
2024-12,1051,Branch 1051,North,10365,539,6478015,4529043,855984,681941,31,82311,146,4.0,174043,20.33250621506944,69.91405546297747,1.4085865894838399,27612.387096774193,334.35483870967744,44.66916706569699,Excellent service and quick response.,Positive,0.6666666666666666,Service Quality,1,0,0,0.0
2024-12,1052,Branch 1052,South,8545,763,5499963,3134012,616653,415079,25,57982,55,4.1,201574,32.688400121299985,56.982419699914345,0.6436512580456407,24666.12,341.8,48.2276372760176,The ATM was not working properly.,Neutral,0.0,ATM Issue,0,0,1,0.0
2024-12,1053,Branch 1053,East,9018,567,5433845,3011834,538310,349186,24,71934,57,4.5,189124,35.13291597778232,55.42730791916222,0.6320691949434464,22429.583333333332,375.75,50.563586896767205,The loan process was very slow.,Negative,-0.39000000000000007,Loan Process,0,1,0,100.0
2024-12,1054,Branch 1054,West,9887,853,5884652,3671223,616997,485098,27,59672,171,4.1,131899,21.37757557978402,62.38640789633779,1.7295438454536258,22851.74074074074,366.18518518518516,44.3747499302157,The mobile banking service was convenient.,Neutral,0.0,Digital Banking,0,0,1,0.0
2024-12,1055,Branch 1055,Central,9352,781,5103557,3021188,671541,478459,27,68974,61,4.0,193082,28.752079173125694,59.19769290320457,0.6522668947818648,24871.88888888889,346.3703703703704,46.82038920811927,The account service was not satisfactory.,Neutral,0.0,Account Service,0,0,1,0.0
2024-12,1056,Branch 1056,North,10619,658,5671787,3283558,650388,437329,31,82041,107,4.0,213059,32.75875323652958,57.89282989646826,1.0076278368961296,20980.25806451613,342.5483870967742,46.28871961004087,The staff was very helpful and friendly.,Positive,0.2875,Staff Service,1,0,0,0.0
2024-12,1057,Branch 1057,South,11267,977,7515436,5572717,764512,640972,30,68456,133,4.2,123540,16.15932778033569,74.15028216593156,1.1804384485666104,25483.733333333334,375.56666666666666,44.418080453345574,The waiting time was too long.,Negative,-0.05,Waiting Time,0,1,0,100.0
2024-12,1058,Branch 1058,East,8481,603,4712116,3535867,546968,422486,27,70209,156,4.0,124482,22.758552602711678,75.03777496139739,1.839405730456314,20258.074074074073,314.1111111111111,41.36205958566448,Excellent service and quick response.,Positive,0.6666666666666666,Service Quality,1,0,0,0.0
2024-12,1059,Branch 1059,West,8139,759,5831297,3267382,665121,439484,22,61489,158,4.1,225637,33.92420326527053,56.03182276601586,1.9412704263423026,30232.772727272728,369.95454545454544,52.30020265122879,The ATM was not working properly.,Neutral,0.0,ATM Issue,0,0,1,0.0
2024-12,1060,Branch 1060,Central,10053,833,5944077,4483678,694692,457904,27,80678,181,4.4,236788,34.085321264675564,75.43102150258147,1.8004575748532776,25729.333333333332,372.3333333333333,51.28044299890183,The loan process was very slow.,Negative,-0.39000000000000007,Loan Process,0,1,0,100.0
2024-12,1061,Branch 1061,North,11062,693,7871159,5011338,920922,770880,34,88928,112,4.3,150042,16.292585039775357,63.66709146645368,1.0124751401193275,27085.941176470587,325.3529411764706,43.56685247743825,The mobile banking service was convenient.,Neutral,0.0,Digital Banking,0,0,1,0.0
2024-12,1062,Branch 1062,South,10502,881,7024715,4500384,897083,649940,29,92474,176,4.1,247143,27.54962472814667,64.06500477243561,1.6758712626166443,30933.896551724138,362.13793103448273,50.09003523852345,The account service was not satisfactory.,Neutral,0.0,Account Service,0,0,1,0.0
2024-12,1063,Branch 1063,East,9067,783,5769916,3464404,617465,463646,27,83889,55,4.4,153819,24.911371494740592,60.042537880967416,0.606595345759347,22869.074074074073,335.81481481481484,45.35010173024439,The staff was very helpful and friendly.,Positive,0.2875,Staff Service,1,0,0,0.0
2024-12,1064,Branch 1064,West,8175,744,6006480,4231283,826759,542490,22,62573,147,4.0,284269,34.383538612824296,70.44530240673406,1.7981651376146788,37579.954545454544,371.59090909090907,55.59742805768527,The waiting time was too long.,Negative,-0.05,Waiting Time,0,1,0,100.0
2024-12,1065,Branch 1065,Central,8955,531,5055564,3852749,631254,483043,28,79629,173,3.9,148211,23.47882152033888,76.2080946853803,1.9318816303740927,22544.785714285714,319.82142857142856,42.583974579491624,Excellent service and quick response.,Positive,0.6666666666666666,Service Quality,1,0,0,0.0
2024-12,1066,Branch 1066,North,9210,533,5855308,4552701,791552,532225,26,71943,61,4.6,259327,32.76184003072445,77.7533991380129,0.6623235613463626,30444.30769230769,354.2307692307692,52.88504495980102,The ATM was not working properly.,Neutral,0.0,ATM Issue,0,0,1,0.0
2024-12,1067,Branch 1067,South,8891,486,4694137,3542247,627407,435186,28,66906,96,4.2,192221,30.637369363108796,75.46109114412299,1.0797435609042851,22407.39285714286,317.5357142857143,45.83836932824728,The loan process was very slow.,Negative,-0.39000000000000007,Loan Process,0,1,0,100.0
2024-12,1068,Branch 1068,East,9201,558,6418520,4312138,772435,547860,29,81927,171,4.2,224575,29.073643737013473,67.1827461782467,1.8584936419954352,26635.689655172413,317.2758620689655,47.22247627080906,The mobile banking service was convenient.,Neutral,0.0,Digital Banking,0,0,1,0.0
2024-12,1069,Branch 1069,West,9484,737,5970314,4306322,771781,520689,27,73719,139,4.1,251092,32.534099699267024,72.12890310291887,1.4656263180092788,28584.48148148148,351.25925925925924,50.33697880383219,The account service was not satisfactory.,Neutral,0.0,Account Service,0,0,1,0.0
2024-12,1070,Branch 1070,Central,10939,785,6535595,3761826,675446,484176,33,103158,179,4.0,191270,28.317585713735816,57.559043973808045,1.6363470152664779,20468.060606060608,331.4848484848485,44.07312582712693,The staff was very helpful and friendly.,Positive,0.2875,Staff Service,1,0,0,0.0
2024-12,1071,Branch 1071,North,8431,484,5981006,4527882,745319,494345,24,77662,102,4.0,250974,33.673366706068144,75.70435475236106,1.209820899062982,31054.958333333332,351.2916666666667,51.571286218505854,The waiting time was too long.,Negative,-0.05,Waiting Time,0,1,0,100.0
2024-12,1072,Branch 1072,South,8681,551,4960162,3774111,654690,456394,27,62411,74,3.8,198296,30.28853350440667,76.08846243328344,0.8524363552586107,24247.777777777777,321.51851851851853,45.5146480682326,Excellent service and quick response.,Positive,0.6666666666666666,Service Quality,1,0,0,0.0
2024-12,1073,Branch 1073,East,9525,817,6045221,4563602,784637,574647,31,82736,145,4.0,209990,26.76269408656487,75.49106972267846,1.5223097112860893,25310.870967741936,307.258064516129,44.819611904245555,The ATM was not working properly.,Neutral,0.0,ATM Issue,0,0,1,0.0
2024-12,1074,Branch 1074,West,10756,666,7234692,4436299,909991,712716,30,107158,77,4.4,197275,21.67878583414561,61.319804630245486,0.7158795091111937,30333.033333333333,358.53333333333336,48.52055818450759,The loan process was very slow.,Negative,-0.39000000000000007,Loan Process,0,1,0,100.0
2024-12,1075,Branch 1075,Central,9564,804,6705101,4850803,907541,570729,31,73272,77,4.6,336812,37.1125932602494,72.34496542259393,0.8051024675867837,29275.516129032258,308.51612903225805,52.11088083111381,The mobile banking service was convenient.,Neutral,0.0,Digital Banking,0,0,1,0.0
2024-12,1076,Branch 1076,North,8746,748,5059253,2814342,598981,373223,29,81227,63,4.5,225758,37.69034410106498,55.62761933431675,0.7203292933912646,20654.51724137931,301.58620689655174,47.78793151995122,The account service was not satisfactory.,Neutral,0.0,Account Service,0,0,1,0.0
2024-12,1077,Branch 1077,South,8221,652,4939695,3384292,636705,496016,23,49824,62,4.5,140689,22.096418278480616,68.51216522477603,0.75416615983457,27682.82608695652,357.4347826086956,47.70758991212291,The staff was very helpful and friendly.,Positive,0.2875,Staff Service,1,0,0,0.0
2024-12,1078,Branch 1078,East,9763,604,6344918,4025218,622515,404715,28,85326,115,4.1,217800,34.9871087443676,63.440031849111364,1.1779166239885281,22232.678571428572,348.67857142857144,48.179738851103785,The waiting time was too long.,Negative,-0.05,Waiting Time,0,1,0,100.0
2024-12,1079,Branch 1079,West,10264,514,6113511,4196062,609719,428348,28,99465,202,4.3,181371,29.746653786416367,68.6358787937079,1.9680436477007017,21775.678571428572,366.57142857142856,47.42472742964892,Excellent service and quick response.,Positive,0.6666666666666666,Service Quality,1,0,0,0.0
2024-12,1080,Branch 1080,Central,9575,613,6950285,4357336,938526,708947,30,82957,153,4.1,229579,24.46165583052574,62.69291115400304,1.597911227154047,31284.2,319.1666666666667,47.515444651049236,The ATM was not working properly.,Neutral,0.0,ATM Issue,0,0,1,0.0
2024-12,1081,Branch 1081,North,8935,456,5964690,4193543,805480,596752,28,75260,175,4.6,208728,25.91349257585539,70.30613493744016,1.9585898153329604,28767.14285714286,319.10714285714283,48.36559213360537,The loan process was very slow.,Negative,-0.39000000000000007,Loan Process,0,1,0,100.0
2024-12,1082,Branch 1082,South,8335,681,4503572,2475028,545523,375673,25,74959,108,3.9,169850,31.135259191638117,54.956998578017625,1.295740851829634,21820.92,333.4,45.454219533997865,The mobile banking service was convenient.,Neutral,0.0,Digital Banking,0,0,1,0.0
2024-12,1083,Branch 1083,East,9616,736,5826318,4044875,678551,481411,28,65540,185,4.2,197140,29.053085177090594,69.42420581918117,1.9238768718801997,24233.964285714286,343.42857142857144,47.1195627790754,The account service was not satisfactory.,Neutral,0.0,Account Service,0,0,1,0.0
2024-12,1084,Branch 1084,West,10427,763,6358688,4073451,710786,440892,31,99155,74,4.1,269894,37.97120370969603,64.06118683602655,0.7096959815862665,22928.58064516129,336.35483870967744,49.06915941773596,The staff was very helpful and friendly.,Positive,0.2875,Staff Service,1,0,0,0.0
2024-12,1085,Branch 1085,Central,10742,524,5916174,4033549,621511,445340,32,105190,171,4.2,176171,28.345596457665273,68.1783362017412,1.591882331037051,19422.21875,335.6875,44.36455917087018,The waiting time was too long.,Negative,-0.05,Waiting Time,0,1,0,100.0
2024-12,1086,Branch 1086,North,9310,758,6564083,5050205,837112,527275,25,74494,158,4.1,309837,37.01261002112023,76.93694610503859,1.6970998925886143,33484.48,372.4,54.96832616980214,Excellent service and quick response.,Positive,0.6666666666666666,Service Quality,1,0,0,0.0
2024-12,1087,Branch 1087,South,8986,691,4785758,3060586,580724,390323,27,84762,94,4.2,190401,32.78683161019693,63.95195912538829,1.046071667037614,21508.296296296296,332.81481481481484,46.76619610925286,The ATM was not working properly.,Neutral,0.0,ATM Issue,0,0,1,0.0
2024-12,1088,Branch 1088,East,9377,723,6174609,4381915,880299,701572,25,66664,170,4.1,178727,20.302987962044714,70.96667983349228,1.8129465713981017,35211.96,375.08,50.01632408216107,The loan process was very slow.,Negative,-0.39000000000000007,Loan Process,0,1,0,100.0
2024-12,1089,Branch 1089,West,11415,997,8212941,4378082,977048,692996,35,106739,84,4.3,284052,29.072471362717085,53.3071161719048,0.735873850197109,27915.657142857144,326.14285714285717,48.45119199350871,The mobile banking service was convenient.,Neutral,0.0,Digital Banking,0,0,1,0.0
2024-12,1090,Branch 1090,Central,9541,469,5970310,3369270,806552,611783,27,78329,182,3.9,194769,24.14835001339033,56.433753021199905,1.9075568598679384,29872.296296296296,353.3703703703704,47.474554853887504,The account service was not satisfactory.,Neutral,0.0,Account Service,0,0,1,0.0
2024-12,1091,Branch 1091,North,9231,504,6503626,4217852,803456,607787,30,76668,159,4.2,195669,24.353418233232436,64.85385229716469,1.7224569385765356,26781.866666666665,307.7,45.26878811016392,The staff was very helpful and friendly.,Positive,0.2875,Staff Service,1,0,0,0.0
2024-12,1092,Branch 1092,South,9813,652,6087654,4543075,719063,602319,26,98057,138,4.0,116744,16.235573239062504,74.6276808767384,1.4062977682665851,27656.26923076923,377.4230769230769,44.9137658271218,The waiting time was too long.,Negative,-0.05,Waiting Time,0,1,0,100.0
2024-12,1093,Branch 1093,East,8425,622,6170373,4385913,700000,523820,25,64470,114,4.2,176180,25.16857142857143,71.08019239679676,1.3531157270029674,28000.0,337.0,47.2416158745035,Excellent service and quick response.,Positive,0.6666666666666666,Service Quality,1,0,0,0.0
2024-12,1094,Branch 1094,West,9476,664,6458672,3689720,720509,511135,32,68588,138,4.1,209374,29.059178997070127,57.128152660485,1.4563106796116505,22515.90625,296.125,44.21138983768699,The ATM was not working properly.,Neutral,0.0,ATM Issue,0,0,1,0.0
2024-12,1095,Branch 1095,Central,10159,468,7208467,4638818,751990,613019,28,64699,105,4.2,138971,18.48043192063724,64.3523512003315,1.0335662958952652,26856.785714285714,362.82142857142856,45.370136473670314,The loan process was very slow.,Negative,-0.39000000000000007,Loan Process,0,1,0,100.0
2024-12,1096,Branch 1096,North,10496,795,6097131,4219234,686871,440984,35,75215,107,4.2,245887,35.798133856284515,69.2003173295768,1.0194359756097562,19624.885714285716,299.8857142857143,45.68742519288469,The mobile banking service was convenient.,Neutral,0.0,Digital Banking,0,0,1,0.0
2024-12,1097,Branch 1097,South,9216,690,5637371,4095257,730741,598854,29,60572,169,4.1,131887,18.04839197472155,72.64480198305203,1.8337673611111112,25197.96551724138,317.7931034482759,42.423425861976604,The account service was not satisfactory.,Neutral,0.0,Account Service,0,0,1,0.0
2024-12,1098,Branch 1098,East,8458,605,6092261,4542150,803471,562088,25,56977,102,4.2,241383,30.042527981719314,74.55606383245892,1.2059588555214,32138.84,338.32,50.89867108288188,The staff was very helpful and friendly.,Positive,0.2875,Staff Service,1,0,0,0.0
2024-12,1099,Branch 1099,West,11472,617,8230909,5571888,892512,725008,33,78995,112,4.1,167504,18.76770284321107,67.69468596967843,0.9762900976290098,27045.81818181818,347.6363636363636,44.67276225414974,The waiting time was too long.,Negative,-0.05,Waiting Time,0,1,0,100.0
2024-12,1100,Branch 1100,Central,11537,764,6316501,3405715,637794,512185,31,106047,133,4.3,125609,19.694290005863962,53.91774654986994,1.1528126896073503,20574.0,372.16129032258067,43.56989311087085,Excellent service and quick response.,Positive,0.6666666666666666,Service Quality,1,0,0,0.0
2025-01,1001,Branch 1001,North,10970,924,6062091,3347658,798175,586992,37,68433,99,4.2,211183,26.458232843674633,55.22282657914571,0.9024612579762991,21572.297297297297,296.4864864864865,43.18172124133487,The ATM was not working properly.,Neutral,0.0,ATM Issue,0,0,1,0.0
2025-01,1002,Branch 1002,South,9116,644,6367873,4397094,668914,466360,26,64734,57,4.4,202554,30.281022672570764,69.05122008557646,0.6252742430890742,25727.46153846154,350.61538461538464,49.11181211329733,The loan process was very slow.,Negative,-0.39000000000000007,Loan Process,0,1,0,100.0
2025-01,1003,Branch 1003,East,9643,509,6958110,4052590,945273,642091,30,87251,123,4.2,303182,32.073485649119355,58.2426837172738,1.2755366587161672,31509.1,321.43333333333334,50.67012742572218,The mobile banking service was convenient.,Neutral,0.0,Digital Banking,0,0,1,0.0
2025-01,1004,Branch 1004,West,9974,664,6038111,4337644,808718,609119,26,89676,135,4.1,199599,24.68091473171118,71.83776515536067,1.3535191497894525,31104.53846153846,383.61538461538464,49.991343229893246,The account service was not satisfactory.,Neutral,0.0,Account Service,0,0,1,0.0
2025-01,1005,Branch 1005,Central,10399,616,7016146,3868651,790687,628947,31,82305,103,4.2,161740,20.455629092169215,55.13926021493851,0.9904798538320994,25506.032258064515,335.4516129032258,44.38736227652105,The staff was very helpful and friendly.,Positive,0.2875,Staff Service,1,0,0,0.0
2025-01,1006,Branch 1006,North,11432,913,6399318,3411533,625795,459475,37,102285,172,4.4,166320,26.57739355539753,53.3108840660833,1.504548635409377,16913.37837837838,308.97297297297297,42.16509332654527,The waiting time was too long.,Negative,-0.05,Waiting Time,0,1,0,100.0
2025-01,1007,Branch 1007,South,8231,567,5077338,3559115,531509,354253,22,80247,80,4.4,177256,33.34957639475531,70.09805138046748,0.9719353662981411,24159.5,374.1363636363636,50.371572573430385,Excellent service and quick response.,Positive,0.6666666666666666,Service Quality,1,0,0,0.0
2025-01,1008,Branch 1008,East,8069,414,5332326,3695128,774225,646885,23,65898,94,4.4,127340,16.447415157092575,69.29673842146936,1.16495228652869,33661.95652173913,350.82608695652175,47.921275333452435,The ATM was not working properly.,Neutral,0.0,ATM Issue,0,0,1,0.0
2025-01,1009,Branch 1009,West,8651,539,4577635,2708469,601325,431235,29,67194,93,4.0,170090,28.285868706606244,59.16743034339784,1.0750202288752746,20735.344827586207,298.3103448275862,42.90733732515313,The loan process was very slow.,Negative,-0.39000000000000007,Loan Process,0,1,0,100.0
2025-01,1010,Branch 1010,Central,8992,471,4886878,3264659,505363,373310,27,68315,99,4.2,132053,26.130326122015262,66.8045938531717,1.1009786476868326,18717.14814814815,333.037037037037,43.16342415326924,The mobile banking service was convenient.,Neutral,0.0,Digital Banking,0,0,1,0.0
2025-01,1011,Branch 1011,North,11543,957,6179216,4376076,696544,479066,37,85802,211,3.9,217478,31.222435337896815,70.81927545500918,1.827947673914927,18825.513513513513,311.97297297297297,43.28432959317068,The account service was not satisfactory.,Neutral,0.0,Account Service,0,0,1,0.0
2025-01,1012,Branch 1012,South,8051,709,5423142,3482048,590124,414509,24,60955,123,4.2,175615,29.75899980343114,64.20720681848272,1.527760526642653,24588.5,335.4583333333333,47.22251711160057,The staff was very helpful and friendly.,Positive,0.2875,Staff Service,1,0,0,0.0
2025-01,1013,Branch 1013,East,8628,739,5746689,3952964,800838,566986,24,58388,57,4.3,233852,29.20091204463325,68.78680923919843,0.6606397774687065,33368.25,359.5,52.28414023729229,The waiting time was too long.,Negative,-0.05,Waiting Time,0,1,0,100.0
2025-01,1014,Branch 1014,West,9136,659,5796280,3641138,636402,432054,24,59956,134,4.0,204348,32.10989280360527,62.81853188596824,1.466725043782837,26516.75,380.6666666666667,50.071465979942744,Excellent service and quick response.,Positive,0.6666666666666666,Service Quality,1,0,0,0.0
2025-01,1015,Branch 1015,Central,10849,525,5947233,4491036,607192,492140,35,73930,151,3.9,115052,18.94820748626464,75.51471415362406,1.3918333486957324,17348.342857142856,309.9714285714286,38.23303788125291,The ATM was not working properly.,Neutral,0.0,ATM Issue,0,0,1,0.0
2025-01,1016,Branch 1016,North,8563,782,4929937,3574295,678024,479958,26,76212,88,4.6,198066,29.21224027468054,72.50183927299679,1.0276772159289969,26077.846153846152,329.34615384615387,48.67962819042137,The loan process was very slow.,Negative,-0.39000000000000007,Loan Process,0,1,0,100.0
2025-01,1017,Branch 1017,South,9932,485,5571619,3821275,679909,538909,33,79069,114,4.3,141000,20.738069359281905,68.58464299156134,1.147805074506645,20603.303030303032,300.969696969697,41.2073812182022,The mobile banking service was convenient.,Neutral,0.0,Digital Banking,0,0,1,0.0
2025-01,1018,Branch 1018,East,9221,553,6005328,4046673,685924,562761,26,67725,124,4.3,123163,17.955779357479837,67.38471237541064,1.3447565339984817,26381.69230769231,354.65384615384613,44.95387030585278,The account service was not satisfactory.,Neutral,0.0,Account Service,0,0,1,0.0
2025-01,1019,Branch 1019,West,9689,686,5152485,3062321,557853,433267,28,92812,166,4.3,124586,22.33312360066182,59.43386540669211,1.7132831045515533,19923.321428571428,346.0357142857143,43.188740533739654,The staff was very helpful and friendly.,Positive,0.2875,Staff Service,1,0,0,0.0
2025-01,1020,Branch 1020,Central,8154,724,4681736,2940141,544855,340347,25,49061,132,3.9,204508,37.534389883547,62.80023051278415,1.6188373804267846,21794.2,326.16,47.40286484696164,The waiting time was too long.,Negative,-0.05,Waiting Time,0,1,0,100.0
2025-01,1021,Branch 1021,North,10269,662,6654495,4889104,740856,599156,30,72406,64,4.5,141700,19.126523912879158,73.47069912893465,0.6232349790631999,24695.2,342.3,44.71358554455104,Excellent service and quick response.,Positive,0.6666666666666666,Service Quality,1,0,0,0.0
2025-01,1022,Branch 1022,South,8791,433,5695526,4283745,618953,423153,23,82764,66,4.5,195800,31.634065914536325,75.21245623319075,0.75076783073598,26911.0,382.2173913043478,51.64565781014383,The ATM was not working properly.,Neutral,0.0,ATM Issue,0,0,1,0.0
2025-01,1023,Branch 1023,East,9435,801,6886317,3814028,798730,650702,25,78182,74,4.3,148028,18.53292101210672,55.38560016914702,0.7843137254901961,31949.2,377.4,48.58804228105286,The loan process was very slow.,Negative,-0.39000000000000007,Loan Process,0,1,0,100.0
2025-01,1024,Branch 1024,West,8254,641,5950465,4150277,774840,533807,27,65715,114,4.2,241033,31.107454442207423,69.74710379777042,1.3811485340440999,28697.777777777777,305.7037037037037,48.435519784363066,The mobile banking service was convenient.,Neutral,0.0,Digital Banking,0,0,1,0.0
2025-01,1025,Branch 1025,Central,9029,429,6147008,3522524,797530,551906,25,82056,85,4.2,245624,30.798089100096547,57.3046919737212,0.9414110089710931,31901.2,361.16,51.93347781756875,The account service was not satisfactory.,Neutral,0.0,Account Service,0,0,1,0.0
2025-01,1026,Branch 1026,North,9837,841,5678117,3251902,771157,540175,29,82612,60,4.3,230982,29.952655555224162,57.270781845460384,0.609942055504727,26591.620689655174,339.2068965517241,48.6543681852667,The staff was very helpful and friendly.,Positive,0.2875,Staff Service,1,0,0,0.0
2025-01,1027,Branch 1027,South,9468,862,6399460,3385024,722159,509938,31,71069,63,4.5,212221,29.387018648247825,52.895463054695234,0.6653992395437262,23295.451612903227,305.4193548387097,46.241947459547795,The waiting time was too long.,Negative,-0.05,Waiting Time,0,1,0,100.0
2025-01,1028,Branch 1028,East,11024,978,5906003,3175030,765732,514351,31,90710,198,3.9,251381,32.82884873558895,53.75936991566039,1.7960812772133528,24701.032258064515,355.61290322580646,48.22470106826327,Excellent service and quick response.,Positive,0.6666666666666666,Service Quality,1,0,0,0.0
2025-01,1029,Branch 1029,West,11913,675,7954673,4145184,935896,588351,38,90039,123,4.2,347545,37.13500217972937,52.11004902401394,1.032485520020146,24628.842105263157,313.5,48.977117818374246,The ATM was not working properly.,Neutral,0.0,ATM Issue,0,0,1,0.0
2025-01,1030,Branch 1030,Central,9163,826,6248795,3510082,659013,430921,29,74917,65,4.4,228092,34.61115334598862,56.172141988975476,0.7093746589544909,22724.58620689655,315.9655172413793,47.91437092752807,The loan process was very slow.,Negative,-0.39000000000000007,Loan Process,0,1,0,100.0
2025-01,1031,Branch 1031,North,10647,727,7762721,4408157,810085,600169,32,83300,139,4.4,209916,25.912836307301085,56.786235135849914,1.305532074762844,25315.15625,332.71875,46.704513275198366,The mobile banking service was convenient.,Neutral,0.0,Digital Banking,0,0,1,0.0
2025-01,1032,Branch 1032,South,10845,875,7882999,5914318,876067,728937,32,96116,192,4.2,147130,16.794377598973593,75.02624318485897,1.7704011065006915,27377.09375,338.90625,44.09804315340766,The account service was not satisfactory.,Neutral,0.0,Account Service,0,0,1,0.0
2025-01,1033,Branch 1033,East,8395,783,5972052,3469955,814065,573445,23,70666,130,4.2,240620,29.557836290713883,58.10322817014989,1.5485407980941037,35394.13043478261,365.0,53.251025860925886,The staff was very helpful and friendly.,Positive,0.2875,Staff Service,1,0,0,0.0
2025-01,1034,Branch 1034,West,10254,606,6625281,4757188,816102,541533,27,95023,197,3.9,274569,33.64395627017211,71.80356576573884,1.9212014823483516,30226.0,379.77777777777777,51.97725791396127,The waiting time was too long.,Negative,-0.05,Waiting Time,0,1,0,100.0
2025-01,1035,Branch 1035,Central,8587,522,5155710,3945973,639241,426784,25,66430,154,4.2,212457,33.23582185748411,76.53597661621775,1.7934086409689065,25569.64,343.48,49.1987746044595,Excellent service and quick response.,Positive,0.6666666666666666,Service Quality,1,0,0,0.0
2025-01,1036,Branch 1036,North,8203,409,5030411,3383230,582447,479362,24,57509,61,4.5,103085,17.698606053426317,67.25553836455907,0.7436303791295867,24268.625,341.7916666666667,43.99837918154784,The ATM was not working properly.,Neutral,0.0,ATM Issue,0,0,1,0.0
2025-01,1037,Branch 1037,South,11259,756,6657994,4580895,878310,605238,33,76189,182,4.2,273072,31.090617208047274,68.80293073259003,1.616484590105693,26615.454545454544,341.1818181818182,48.839643979608624,The loan process was very slow.,Negative,-0.39000000000000007,Loan Process,0,1,0,100.0
2025-01,1038,Branch 1038,East,10104,654,7017268,5451713,874320,593941,28,88999,121,4.2,280379,32.0682358861744,77.68996424249437,1.1975455265241488,31225.714285714286,360.85714285714283,52.05621908898478,The mobile banking service was convenient.,Neutral,0.0,Digital Banking,0,0,1,0.0
2025-01,1039,Branch 1039,West,9438,694,6954471,4929232,684688,477784,26,77911,119,4.4,206904,30.218727361951718,70.87860456963585,1.2608603517694428,26334.153846153848,363.0,49.845450201478656,The account service was not satisfactory.,Neutral,0.0,Account Service,0,0,1,0.0
2025-01,1040,Branch 1040,Central,10199,535,6504734,4901401,860943,613984,29,74449,91,4.2,246959,28.6847096729981,75.35129030641376,0.8922443376801648,29687.689655172413,351.6896551724138,49.812801566446964,The staff was very helpful and friendly.,Positive,0.2875,Staff Service,1,0,0,0.0
2025-01,1041,Branch 1041,North,10232,643,6246048,3903663,810251,589429,29,94704,139,4.4,220822,27.253530078950845,62.498126815548005,1.3584831899921814,27939.689655172413,352.82758620689657,49.15311382657094,The waiting time was too long.,Negative,-0.05,Waiting Time,0,1,0,100.0
2025-01,1042,Branch 1042,South,9198,493,4866239,2740942,502188,316429,26,55437,93,4.3,185759,36.98993205731718,56.32567574260121,1.0110893672537506,19314.923076923078,353.7692307692308,48.33706344074807,Excellent service and quick response.,Positive,0.6666666666666666,Service Quality,1,0,0,0.0
2025-01,1043,Branch 1043,East,9587,506,5364279,4002738,779558,546597,28,80676,156,4.5,232961,29.88372898488631,74.61837835056677,1.6272035047460103,27841.35714285714,342.39285714285717,49.92673663473119,The ATM was not working properly.,Neutral,0.0,ATM Issue,0,0,1,0.0
2025-01,1044,Branch 1044,West,10342,594,6265753,3855527,834740,655551,32,101691,102,4.4,179189,21.46644464144524,61.533338451100775,0.9862695803519629,26085.625,323.1875,45.13502748448063,The loan process was very slow.,Negative,-0.39000000000000007,Loan Process,0,1,0,100.0
2025-01,1045,Branch 1045,Central,11211,578,6281845,4140603,708462,462333,31,100543,108,4.1,246129,34.74131287210888,65.91380398593088,0.9633395772009633,22853.612903225807,361.64516129032256,48.878100340381856,The mobile banking service was convenient.,Neutral,0.0,Digital Banking,0,0,1,0.0
2025-01,1046,Branch 1046,North,10190,563,5877160,3680830,697635,465273,31,76174,161,4.2,232362,33.30710185125459,62.629399233643454,1.579980372914622,22504.354838709678,328.7096774193548,47.24755802844322,The account service was not satisfactory.,Neutral,0.0,Account Service,0,0,1,0.0
2025-01,1047,Branch 1047,South,8834,762,6343354,4590231,848577,681954,23,87704,129,4.2,166623,19.635578150244466,72.36283833442056,1.460267149649083,36894.65217391304,384.0869565217391,51.2021565213616,The staff was very helpful and friendly.,Positive,0.2875,Staff Service,1,0,0,0.0
2025-01,1048,Branch 1048,East,10387,702,5641883,3800303,644920,468012,35,90791,119,4.6,176908,27.43099919369844,67.35877011274427,1.1456628477905073,18426.285714285714,296.77142857142854,43.28867444322082,The waiting time was too long.,Negative,-0.05,Waiting Time,0,1,0,100.0
2025-01,1049,Branch 1049,West,9537,580,5328453,3167227,665007,536996,26,63928,96,4.6,128011,19.24957180901855,59.43989747117973,1.0066058508965083,25577.19230769231,366.8076923076923,46.405306127103835,Excellent service and quick response.,Positive,0.6666666666666666,Service Quality,1,0,0,0.0
2025-01,1050,Branch 1050,Central,9810,871,5599497,3910619,608759,425357,27,67696,123,4.1,183402,30.127193191394298,69.83875515961523,1.2538226299694188,22546.62962962963,363.3333333333333,47.187211910919366,The ATM was not working properly.,Neutral,0.0,ATM Issue,0,0,1,0.0
2025-01,1051,Branch 1051,North,10158,924,7362135,4517619,876708,641602,34,92307,122,4.3,235106,26.816910533495758,61.362892693491766,1.2010238235873205,25785.529411764706,298.7647058823529,45.62948288830593,The loan process was very slow.,Negative,-0.39000000000000007,Loan Process,0,1,0,100.0
2025-01,1052,Branch 1052,South,9252,507,5397163,3251787,627153,441310,27,69408,163,4.2,185843,29.63280092736541,60.24993130650307,1.7617812364894077,23227.88888888889,342.6666666666667,46.8311873895944,The mobile banking service was convenient.,Neutral,0.0,Digital Banking,0,0,1,0.0
2025-01,1053,Branch 1053,East,9236,756,5987590,3239759,765979,477446,28,59698,120,4.2,288533,37.66852616063887,54.1078964992593,1.29926375054136,27356.39285714286,329.85714285714283,51.04604727144874,The account service was not satisfactory.,Neutral,0.0,Account Service,0,0,1,0.0
2025-01,1054,Branch 1054,West,10243,648,6146030,4061480,634699,483383,34,91347,185,4.0,151316,23.840592154706407,66.08298364960797,1.806111490774187,18667.617647058825,301.2647058823529,40.51585643703223,The staff was very helpful and friendly.,Positive,0.2875,Staff Service,1,0,0,0.0
2025-01,1055,Branch 1055,Central,9395,443,5226766,3385465,695221,471842,26,85264,148,4.0,223379,32.13064622616405,64.77169630322078,1.5753060138371473,26739.26923076923,361.34615384615387,49.43694731633499,The waiting time was too long.,Negative,-0.05,Waiting Time,0,1,0,100.0
2025-01,1056,Branch 1056,North,11351,892,6712355,5164711,950677,705218,32,69837,226,4.2,245459,25.819389761191236,76.94335296628381,1.9910140075764249,29708.65625,354.71875,48.93620409438883,Excellent service and quick response.,Positive,0.6666666666666666,Service Quality,1,0,0,0.0
2025-01,1057,Branch 1057,South,11319,567,7565691,4786036,1037601,681512,33,102586,73,4.1,356089,34.318490440930574,63.259733975389686,0.6449332979945225,31442.454545454544,343.0,51.95572064315965,The ATM was not working properly.,Neutral,0.0,ATM Issue,0,0,1,0.0
2025-01,1058,Branch 1058,East,8807,414,6104548,4128084,683307,555979,24,64166,168,4.0,127328,18.6340839476253,67.62309019439276,1.907573521062791,28471.125,366.9583333333333,45.72443119140906,The loan process was very slow.,Negative,-0.39000000000000007,Loan Process,0,1,0,100.0
2025-01,1059,Branch 1059,West,8949,730,5039149,3758383,585834,483889,29,82989,168,3.9,101945,17.401687167354574,74.5836846658037,1.8773047267851155,20201.172413793105,308.58620689655174,38.94828951764722,The mobile banking service was convenient.,Neutral,0.0,Digital Banking,0,0,1,0.0
2025-01,1060,Branch 1060,Central,9653,631,5768847,4184262,655302,442549,27,75576,189,4.3,212753,32.466404802671136,72.53203283082391,1.9579405366207396,24270.444444444445,357.51851851851853,49.1735191198026,The account service was not satisfactory.,Neutral,0.0,Account Service,0,0,1,0.0
2025-01,1061,Branch 1061,North,11240,994,8268907,5019658,1074437,854121,36,67577,114,4.3,220316,20.505250656855637,60.70521775126991,1.0142348754448398,29845.472222222223,312.22222222222223,45.8027115612977,The staff was very helpful and friendly.,Positive,0.2875,Staff Service,1,0,0,0.0
2025-01,1062,Branch 1062,South,9776,534,5199854,3969961,715115,573057,33,62653,169,4.2,142058,19.86505666920705,76.34754745037073,1.7287234042553192,21670.151515151516,296.24242424242425,40.90964139994833,The waiting time was too long.,Negative,-0.05,Waiting Time,0,1,0,100.0
2025-01,1063,Branch 1063,East,8903,533,6395391,3416523,756550,619538,25,83330,126,4.2,137012,18.110105082281407,53.42164380567193,1.4152532854094126,30262.0,356.12,46.54597773704897,Excellent service and quick response.,Positive,0.6666666666666666,Service Quality,1,0,0,0.0
2025-01,1064,Branch 1064,West,8693,732,5898878,4074549,695172,528749,26,53042,109,4.3,166423,23.939830718153203,69.07328817446302,1.2538824341424135,26737.384615384617,334.34615384615387,46.42964002395284,The ATM was not working properly.,Neutral,0.0,ATM Issue,0,0,1,0.0
2025-01,1065,Branch 1065,Central,9219,499,5954557,3483113,606945,438743,26,80971,173,4.2,168202,27.712889965318112,58.4949140632964,1.876559279748346,23344.03846153846,354.5769230769231,46.67116239877067,The loan process was very slow.,Negative,-0.39000000000000007,Loan Process,0,1,0,100.0
2025-01,1066,Branch 1066,North,9755,672,5215048,3926907,613165,410527,30,75133,141,4.2,202638,33.04787455252664,75.29953703206567,1.4454126089185033,20438.833333333332,325.1666666666667,46.07202062533531,The mobile banking service was convenient.,Neutral,0.0,Digital Banking,0,0,1,0.0
2025-01,1067,Branch 1067,South,9694,612,5867899,4227256,712707,559088,31,74466,145,4.1,153619,21.554299312340135,72.04036742963709,1.4957705797400456,22990.548387096773,312.7096774193548,42.44121947884841,The account service was not satisfactory.,Neutral,0.0,Account Service,0,0,1,0.0
2025-01,1068,Branch 1068,East,9631,834,5111676,2797498,535448,344966,29,58594,180,4.2,190482,35.57432281005812,54.72760793133211,1.8689648011629114,18463.724137931036,332.1034482758621,46.31651512393772,The staff was very helpful and friendly.,Positive,0.2875,Staff Service,1,0,0,0.0
2025-01,1069,Branch 1069,West,10806,792,6374587,4935912,792480,657151,31,87435,87,4.4,135329,17.076645467393497,77.43108690806166,0.8051082731815657,25563.870967741936,348.5806451612903,44.33681843685408,The waiting time was too long.,Negative,-0.05,Waiting Time,0,1,0,100.0
2025-01,1070,Branch 1070,Central,10590,847,6293046,4565003,739429,581869,33,75023,122,4.3,157560,21.308333863021332,72.54043590337652,1.1520302171860246,22406.939393939392,320.90909090909093,43.00289325503891,Excellent service and quick response.,Positive,0.6666666666666666,Service Quality,1,0,0,0.0
2025-01,1071,Branch 1071,North,8209,391,5012321,3414144,607364,455981,24,78652,159,4.2,151383,24.924592172074735,68.11503094075579,1.93689852600804,25306.833333333332,342.0416666666667,46.11379271792483,The ATM was not working properly.,Neutral,0.0,ATM Issue,0,0,1,0.0
2025-01,1072,Branch 1072,South,8077,549,4719997,2587732,590647,489335,27,78948,132,4.2,101312,17.152715581387866,54.8248653547873,1.634270149808097,21875.814814814814,299.14814814814815,40.16663926151664,The loan process was very slow.,Negative,-0.39000000000000007,Loan Process,0,1,0,100.0
2025-01,1073,Branch 1073,East,9065,454,5148025,3438618,695832,561273,27,61216,83,4.1,134559,19.337857413858515,66.79489707217816,0.9156094870380586,25771.555555555555,335.74074074074076,43.82918994842299,The mobile banking service was convenient.,Neutral,0.0,Digital Banking,0,0,1,0.0
2025-01,1074,Branch 1074,West,10683,842,7178312,4019140,983048,775523,29,70830,191,4.0,207525,21.110362871395903,55.99004334166584,1.7878872975755873,33898.206896551725,368.37931034482756,49.137681946024955,The account service was not satisfactory.,Neutral,0.0,Account Service,0,0,1,0.0
2025-01,1075,Branch 1075,Central,10966,539,6480228,4042590,892487,570103,32,68862,148,3.9,322384,36.1219827291602,62.3834531747957,1.3496261170891848,27890.21875,342.6875,50.343905644084096,The staff was very helpful and friendly.,Positive,0.2875,Staff Service,1,0,0,0.0
2025-01,1076,Branch 1076,North,9292,828,6733121,3998867,816876,584515,28,64909,183,4.2,232361,28.445076119264122,59.39098673557181,1.9694360740421868,29174.14285714286,331.85714285714283,48.72946879518858,The waiting time was too long.,Negative,-0.05,Waiting Time,0,1,0,100.0
2025-01,1077,Branch 1077,South,8937,689,6228862,3913685,625666,437185,24,87939,102,4.0,188481,30.124858950302556,62.831461027712606,1.141322591473649,26069.416666666668,372.375,48.85203439745631,Excellent service and quick response.,Positive,0.6666666666666666,Service Quality,1,0,0,0.0
2025-01,1078,Branch 1078,East,9901,680,5560749,3220667,606842,502503,30,62013,71,4.5,104339,17.193767076108774,57.91786322310178,0.7170992829007171,20228.066666666666,330.03333333333336,41.51370466361323,The ATM was not working properly.,Neutral,0.0,ATM Issue,0,0,1,0.0
2025-01,1079,Branch 1079,West,9431,790,6869068,4453672,772433,590126,31,84684,164,4.2,182307,23.60165865518433,64.83662703586572,1.7389460290531227,24917.1935483871,304.2258064516129,44.01573353464909,The loan process was very slow.,Negative,-0.39000000000000007,Loan Process,0,1,0,100.0
2025-01,1080,Branch 1080,Central,10092,922,5380504,3919753,681001,446593,34,66739,160,4.2,234408,34.421094829523014,72.85103774664977,1.5854141894569955,20029.441176470587,296.8235294117647,45.273300752005994,The mobile banking service was convenient.,Neutral,0.0,Digital Banking,0,0,1,0.0
2025-01,1081,Branch 1081,North,9577,852,6443965,4186325,787242,642448,28,92961,178,4.0,144794,18.392565437311525,64.96504869284672,1.8586196094810485,28115.785714285714,342.0357142857143,44.51708082799561,The account service was not satisfactory.,Neutral,0.0,Account Service,0,0,1,0.0
2025-01,1082,Branch 1082,South,8602,792,6304191,4048089,811692,662122,25,66425,157,4.4,149570,18.426940267983422,64.21266424193048,1.8251569402464543,32467.68,344.08,47.805995218665714,The staff was very helpful and friendly.,Positive,0.2875,Staff Service,1,0,0,0.0
2025-01,1083,Branch 1083,East,9646,851,6817093,5070161,730699,612603,29,61549,161,4.1,118096,16.16205852204533,74.3742384033781,1.6690856313497822,25196.51724137931,332.62068965517244,42.33349221894851,The waiting time was too long.,Negative,-0.05,Waiting Time,0,1,0,100.0
2025-01,1084,Branch 1084,West,10606,996,5686933,3916889,697104,481648,34,68277,203,4.1,215456,30.90729647226239,68.87524435403056,1.9140109372053553,20503.058823529413,311.94117647058823,44.543049289851325,Excellent service and quick response.,Positive,0.6666666666666666,Service Quality,1,0,0,0.0
2025-01,1085,Branch 1085,Central,11194,836,6569118,4641937,876477,709561,33,110166,137,4.4,166916,19.04396806761615,70.6630174705341,1.2238699303198142,26559.909090909092,339.2121212121212,45.12196840685278,The ATM was not working properly.,Neutral,0.0,ATM Issue,0,0,1,0.0
2025-01,1086,Branch 1086,North,9961,692,5767967,3105389,670691,487559,29,79307,92,4.3,183132,27.30497352730244,53.83853617747813,0.92360204798715,23127.275862068964,343.48275862068965,46.301675736969244,The loan process was very slow.,Negative,-0.39000000000000007,Loan Process,0,1,0,100.0
2025-01,1087,Branch 1087,South,9464,837,6769396,4103354,851807,681275,27,70537,183,4.2,170532,20.020028011040058,60.61624995789876,1.933643279797126,31548.40740740741,350.51851851851853,47.58941346060561,The mobile banking service was convenient.,Neutral,0.0,Digital Banking,0,0,1,0.0
2025-01,1088,Branch 1088,East,9204,603,6819763,3918646,895388,570461,25,82466,138,4.3,324927,36.28896076337856,57.46014927498214,1.4993481095176011,35815.52,368.16,56.22207819424827,The account service was not satisfactory.,Neutral,0.0,Account Service,0,0,1,0.0
2025-01,1089,Branch 1089,West,11556,799,8299583,5477894,1004316,814023,30,71561,147,4.0,190293,18.947522492920555,66.0020388976169,1.272066458982347,33477.2,385.2,48.8350771472188,The staff was very helpful and friendly.,Positive,0.2875,Staff Service,1,0,0,0.0
2025-01,1090,Branch 1090,Central,9489,566,5103051,3258586,514008,358287,27,77567,78,4.3,155721,30.295442872484475,63.8556424382198,0.8220044261776794,19037.333333333332,351.44444444444446,45.77701951991094,The waiting time was too long.,Negative,-0.05,Waiting Time,0,1,0,100.0
2025-01,1091,Branch 1091,North,9662,766,6551417,4948576,948129,627964,29,82785,60,4.1,320165,33.768084300764976,75.53443781704019,0.6209894431794659,32694.103448275862,333.17241379310343,51.95935233756662,Excellent service and quick response.,Positive,0.6666666666666666,Service Quality,1,0,0,0.0
2025-01,1092,Branch 1092,South,11346,743,7415549,4036336,886139,621726,33,93177,77,4.2,264413,29.838772472490206,54.43071038974997,0.6786532698748458,26852.696969696968,343.8181818181818,48.61194314448285,The ATM was not working properly.,Neutral,0.0,ATM Issue,0,0,1,0.0
2025-01,1093,Branch 1093,East,8736,707,4812068,3022230,521321,352200,29,73002,174,3.9,169121,32.44085697679549,62.805222203842504,1.9917582417582416,17976.58620689655,301.2413793103448,42.90776476983801,The loan process was very slow.,Negative,-0.39000000000000007,Loan Process,0,1,0,100.0
2025-01,1094,Branch 1094,West,9414,753,6396467,4584164,731765,457922,28,57460,66,4.2,273843,37.42225987851291,71.66712499259357,0.7010834926704907,26134.464285714286,336.2142857142857,50.643594088415284,The mobile banking service was convenient.,Neutral,0.0,Digital Banking,0,0,1,0.0
2025-01,1095,Branch 1095,Central,10825,877,7061944,4100653,816241,533360,35,103983,119,4.2,282881,34.65655364040767,58.06691471923312,1.0993071593533488,23321.17142857143,309.2857142857143,47.34697118107489,The account service was not satisfactory.,Neutral,0.0,Account Service,0,0,1,0.0
2025-01,1096,Branch 1096,North,11539,959,7644827,4008046,729978,518583,34,89601,218,4.1,211395,28.95909191783862,52.42821060568146,1.8892451685588008,21469.941176470587,339.38235294117646,45.36176481223064,The staff was very helpful and friendly.,Positive,0.2875,Staff Service,1,0,0,0.0
2025-01,1097,Branch 1097,South,8905,428,5196000,3531067,612719,382159,24,82953,83,4.3,230560,37.628994694142015,67.95740954580447,0.9320606400898372,25529.958333333332,371.0416666666667,52.079449283161544,The waiting time was too long.,Negative,-0.05,Waiting Time,0,1,0,100.0
2025-01,1098,Branch 1098,East,8143,451,5972912,3332969,815677,606381,25,74483,95,4.3,209296,25.659176365154345,55.80140809039209,1.1666461991894879,32627.08,325.72,49.40349969478458,Excellent service and quick response.,Positive,0.6666666666666666,Service Quality,1,0,0,0.0
2025-01,1099,Branch 1099,West,11967,698,7264401,4006670,1015487,770937,37,102240,220,4.3,244550,24.082041424459398,55.15485722773289,1.8383889028160776,27445.594594594593,323.43243243243245,46.38434586849493,The ATM was not working properly.,Neutral,0.0,ATM Issue,0,0,1,0.0
2025-01,1100,Branch 1100,Central,11876,932,8059174,6204962,975917,725719,39,93164,161,4.2,250198,25.637221198114187,76.99253050002395,1.3556753115527114,25023.51282051282,304.5128205128205,44.78804847944963,The loan process was very slow.,Negative,-0.39000000000000007,Loan Process,0,1,0,100.0
2025-02,1001,Branch 1001,North,10850,720,6259785,4196334,646836,492031,29,101883,199,4.0,154805,23.93265062550631,67.03639182495884,1.8341013824884793,22304.689655172413,374.13793103448273,45.02407525892306,The mobile banking service was convenient.,Neutral,0.0,Digital Banking,0,0,1,0.0
2025-02,1002,Branch 1002,South,10027,793,6860584,3758741,826543,535842,31,92614,159,4.2,290701,35.17070497239708,54.787478733588856,1.5857185598883015,26662.677419354837,323.4516129032258,49.606641312561045,The account service was not satisfactory.,Neutral,0.0,Account Service,0,0,1,0.0
2025-02,1003,Branch 1003,East,10603,555,6426430,4545372,750975,491429,28,103160,210,4.1,259546,34.56120376843437,70.72934739816662,1.9805715363576348,26820.535714285714,378.67857142857144,51.29235442186804,The staff was very helpful and friendly.,Positive,0.2875,Staff Service,1,0,0,0.0
2025-02,1004,Branch 1004,West,10285,514,5806571,3539495,595996,381647,32,90838,110,4.1,214349,35.96483869019255,60.9567161066316,1.06951871657754,18624.875,321.40625,45.81528372533303,The waiting time was too long.,Negative,-0.05,Waiting Time,0,1,0,100.0
2025-02,1005,Branch 1005,Central,10259,862,7039758,3671509,837176,677079,30,73866,173,4.0,160097,19.123457910881346,52.153909267903806,1.6863242031387073,27905.866666666665,341.96666666666664,44.67385041463424,Excellent service and quick response.,Positive,0.6666666666666666,Service Quality,1,0,0,0.0
2025-02,1006,Branch 1006,North,12107,915,6573900,3785740,724806,496472,37,109228,207,3.8,228334,31.502774535530886,57.58742907558679,1.7097546873709426,19589.35135135135,327.2162162162162,44.02011666272993,The ATM was not working properly.,Neutral,0.0,ATM Issue,0,0,1,0.0
2025-02,1007,Branch 1007,South,8952,414,5742484,3768014,726807,534555,24,81218,55,4.1,192252,26.451588936265058,65.61644751644063,0.6143878462913316,30283.625,373.0,49.82540404553644,The loan process was very slow.,Negative,-0.39000000000000007,Loan Process,0,1,0,100.0
2025-02,1008,Branch 1008,East,8828,826,6161309,3454567,853290,651204,29,63579,123,4.2,202086,23.68315578525472,56.06871851419884,1.393294064340734,29423.793103448275,304.41379310344826,46.120695167563284,The mobile banking service was convenient.,Neutral,0.0,Digital Banking,0,0,1,0.0
2025-02,1009,Branch 1009,West,9613,807,6612802,4348784,757531,471983,30,65886,67,4.3,285548,37.694562994781734,65.76310616891297,0.6969728492666181,25251.033333333333,320.43333333333334,50.0256158932646,The account service was not satisfactory.,Neutral,0.0,Account Service,0,0,1,0.0
2025-02,1010,Branch 1010,Central,8863,783,6563821,3855123,675303,505224,26,88399,132,4.2,170079,25.185583360358237,58.7329087737158,1.4893376960397158,25973.19230769231,340.88461538461536,46.46654426839369,The staff was very helpful and friendly.,Positive,0.2875,Staff Service,1,0,0,0.0
2025-02,1011,Branch 1011,North,11491,1010,6558891,4100244,835028,532287,37,100270,89,4.2,302741,36.25519144268216,62.51428785750518,0.7745191889304673,22568.324324324323,310.56756756756755,47.61018447059276,The waiting time was too long.,Negative,-0.05,Waiting Time,0,1,0,100.0
2025-02,1012,Branch 1012,South,8285,651,4699473,3026000,529934,373095,26,72603,84,4.0,156839,29.59594968430031,64.39019864567793,1.0138805069402534,20382.076923076922,318.65384615384613,43.98700594174397,Excellent service and quick response.,Positive,0.6666666666666666,Service Quality,1,0,0,0.0
2025-02,1013,Branch 1013,East,8462,553,4879558,3657194,699957,526641,28,56308,62,3.8,173316,24.76094960118979,74.94928843964965,0.73268730796502,24998.464285714286,302.2142857142857,43.18134550316656,The ATM was not working properly.,Neutral,0.0,ATM Issue,0,0,1,0.0
2025-02,1014,Branch 1014,West,9407,543,6853583,4368567,826520,553553,31,80837,108,4.2,272967,33.02606107535208,63.74135981135707,1.1480812161156586,26661.935483870966,303.4516129032258,48.08555932993677,The loan process was very slow.,Negative,-0.39000000000000007,Loan Process,0,1,0,100.0
2025-02,1015,Branch 1015,Central,10401,718,7375388,5492519,854719,563974,29,96095,126,4.2,290745,34.0164428309187,74.47091597079367,1.2114219786558986,29473.068965517243,358.6551724137931,51.84857817358666,The mobile banking service was convenient.,Neutral,0.0,Digital Banking,0,0,1,0.0
2025-02,1016,Branch 1016,North,9125,737,5330609,3664827,582263,407952,29,78515,159,4.3,174311,29.93681549402933,68.75062492859634,1.7424657534246575,20078.03448275862,314.6551724137931,44.71273617856299,The account service was not satisfactory.,Neutral,0.0,Account Service,0,0,1,0.0
2025-02,1017,Branch 1017,South,10460,782,6673808,3838895,695899,549321,35,86306,138,4.3,146578,21.063114043848316,57.521807639656394,1.3193116634799236,19882.82857142857,298.85714285714283,40.90899640719451,The staff was very helpful and friendly.,Positive,0.2875,Staff Service,1,0,0,0.0
2025-02,1018,Branch 1018,East,9407,858,5591572,3829102,592821,394919,26,84401,94,4.6,197902,33.38309540316554,68.4798836534699,0.9992558732858511,22800.80769230769,361.8076923076923,49.884737171943115,The waiting time was too long.,Negative,-0.05,Waiting Time,0,1,0,100.0
2025-02,1019,Branch 1019,West,9224,620,5991854,4060277,731005,467818,26,59886,61,4.3,263187,36.003447308841935,67.76328328427228,0.6613183000867303,28115.576923076922,354.7692307692308,52.071107830368675,Excellent service and quick response.,Positive,0.6666666666666666,Service Quality,1,0,0,0.0
2025-02,1020,Branch 1020,Central,9214,867,5680748,3749674,717154,598747,29,74128,169,4.1,118407,16.510679714538302,66.00669489299649,1.8341654004775343,24729.44827586207,317.7241379310345,41.66745194396084,The ATM was not working properly.,Neutral,0.0,ATM Issue,0,0,1,0.0
2025-02,1021,Branch 1021,North,11262,764,7716668,5927263,1024988,738769,32,69497,210,4.1,286219,27.9241317947137,76.8111703134047,1.8646776771443794,32030.875,351.9375,50.33201313865949,The loan process was very slow.,Negative,-0.39000000000000007,Loan Process,0,1,0,100.0
2025-02,1022,Branch 1022,South,9108,532,5055191,3011274,625930,448134,25,69188,63,4.3,177796,28.405093221286727,59.56795697729325,0.691699604743083,25037.2,364.32,48.36601130967233,The mobile banking service was convenient.,Neutral,0.0,Digital Banking,0,0,1,0.0
2025-02,1023,Branch 1023,East,9353,463,6624578,5154579,785936,548703,25,62912,105,4.2,237233,30.184773314875514,77.80992238298047,1.1226344488399442,31437.44,374.12,52.00491766105305,The account service was not satisfactory.,Neutral,0.0,Account Service,0,0,1,0.0
2025-02,1024,Branch 1024,West,9077,557,6237775,3785192,669046,485063,25,67142,99,4.3,183983,27.499304980524506,60.681765533383306,1.090668723146414,26761.84,363.08,48.79310434814249,The staff was very helpful and friendly.,Positive,0.2875,Staff Service,1,0,0,0.0
2025-02,1025,Branch 1025,Central,9059,647,5248288,3255104,609693,450305,31,82114,160,4.3,159388,26.142337209054396,62.02220609844582,1.766199359752732,19667.516129032258,292.2258064516129,42.33251919959687,The waiting time was too long.,Negative,-0.05,Waiting Time,0,1,0,100.0
2025-02,1026,Branch 1026,North,10973,672,8136781,5781212,915114,638102,29,100739,73,4.4,277012,30.270764079666577,71.05035762914106,0.6652692973662626,31555.655172413793,378.37931034482756,52.85330090824715,Excellent service and quick response.,Positive,0.6666666666666666,Service Quality,1,0,0,0.0
2025-02,1027,Branch 1027,South,9811,847,5222935,2834588,618956,512276,30,96718,94,4.2,106680,17.235473927064284,54.271937138792644,0.9581082458464988,20631.866666666665,327.03333333333336,40.6981888886949,The ATM was not working properly.,Neutral,0.0,ATM Issue,0,0,1,0.0
2025-02,1028,Branch 1028,East,11214,547,7465519,3885172,812675,650038,31,81150,216,4.1,162637,20.012551142830777,52.04155263686289,1.9261637239165328,26215.322580645163,361.741935483871,45.27028453258844,The loan process was very slow.,Negative,-0.39000000000000007,Loan Process,0,1,0,100.0
2025-02,1029,Branch 1029,West,11753,656,8573123,5839899,1119376,846012,31,70625,195,4.1,273364,24.421106044796385,68.11868907048225,1.6591508551008254,36108.903225806454,379.1290322580645,52.02540689255157,The mobile banking service was convenient.,Neutral,0.0,Digital Banking,0,0,1,0.0
2025-02,1030,Branch 1030,Central,9073,691,5476270,4150156,592866,422035,26,89965,83,4.0,170831,28.81443698913414,75.7843568706437,0.9148021602557038,22802.53846153846,348.96153846153845,45.99185000230226,The account service was not satisfactory.,Neutral,0.0,Account Service,0,0,1,0.0
2025-02,1031,Branch 1031,North,10944,969,7135896,5019524,734083,550676,31,71638,161,4.1,183407,24.98450447701418,70.34188839075009,1.4711257309941521,23680.09677419355,353.03225806451616,45.51104963648024,The staff was very helpful and friendly.,Positive,0.2875,Staff Service,1,0,0,0.0
2025-02,1032,Branch 1032,South,10775,997,7782407,4677525,1006764,721301,31,96421,105,4.2,285463,28.354510093726038,60.10383419936788,0.974477958236659,32476.25806451613,347.5806451612903,50.819378399789294,The waiting time was too long.,Negative,-0.05,Waiting Time,0,1,0,100.0
2025-02,1033,Branch 1033,East,8672,577,5650926,3657114,755086,544630,28,70660,109,4.2,210456,27.871792087258935,64.71707468829003,1.256918819188192,26967.35714285714,309.7142857142857,46.66294833796651,Excellent service and quick response.,Positive,0.6666666666666666,Service Quality,1,0,0,0.0
2025-02,1034,Branch 1034,West,11010,653,7915577,4290139,967780,792660,34,106811,178,4.0,175120,18.095021595817233,54.19868949540886,1.6167120799273387,28464.117647058825,323.8235294117647,43.871601905145496,The ATM was not working properly.,Neutral,0.0,ATM Issue,0,0,1,0.0
2025-02,1035,Branch 1035,Central,8823,468,5378609,2901612,738391,582401,29,66419,129,3.9,155990,21.125663774341778,53.94725662341323,1.4620877252635158,25461.758620689656,304.2413793103448,42.49977128460386,The loan process was very slow.,Negative,-0.39000000000000007,Loan Process,0,1,0,100.0
2025-02,1036,Branch 1036,North,8258,723,6105562,3205471,686092,486731,22,50703,91,4.3,199361,29.057473341767576,52.50083448501547,1.1019617340760475,31186.0,375.3636363636364,51.842801546769074,The mobile banking service was convenient.,Neutral,0.0,Digital Banking,0,0,1,0.0
2025-02,1037,Branch 1037,South,10757,833,7492570,5378023,808862,516999,30,65703,160,4.3,291863,36.083163753520374,71.77808148605885,1.4874035511759784,26962.066666666666,358.56666666666666,51.715599218950274,The account service was not satisfactory.,Neutral,0.0,Account Service,0,0,1,0.0
2025-02,1038,Branch 1038,East,10350,981,6922844,4396598,779120,532742,28,93863,113,4.2,246378,31.622599856248073,63.508552265514,1.0917874396135265,27825.714285714286,369.64285714285717,50.67744203859446,The staff was very helpful and friendly.,Positive,0.2875,Staff Service,1,0,0,0.0
2025-02,1039,Branch 1039,West,9249,444,6686639,3991569,849668,638377,25,66016,65,4.3,211291,24.86747765009392,59.69469863708808,0.7027786787760839,33986.72,369.96,51.454178506292315,The waiting time was too long.,Negative,-0.05,Waiting Time,0,1,0,100.0
2025-02,1040,Branch 1040,Central,9968,841,7141040,3942041,790640,512350,28,78847,195,4.4,278290,35.198067388444805,55.20261754590368,1.9562600321027288,28237.14285714286,356.0,52.19243344303487,Excellent service and quick response.,Positive,0.6666666666666666,Service Quality,1,0,0,0.0
2025-02,1041,Branch 1041,North,11275,968,7035791,5371333,906199,636433,34,104451,143,4.3,269766,29.76895803239686,76.34298687951362,1.2682926829268293,26652.91176470588,331.61764705882354,48.3259856581524,The ATM was not working properly.,Neutral,0.0,ATM Issue,0,0,1,0.0
2025-02,1042,Branch 1042,South,9432,571,5057892,2815831,546592,357517,28,64018,126,4.1,189075,34.591614952286164,55.672027002553634,1.3358778625954197,19521.14285714286,336.85714285714283,46.341124544935354,The loan process was very slow.,Negative,-0.39000000000000007,Loan Process,0,1,0,100.0
2025-02,1043,Branch 1043,East,9367,561,6897658,4280227,888974,634475,26,88403,100,4.4,254499,28.628396331051302,62.05333752412775,1.0675776662752217,34191.307692307695,360.2692307692308,52.79128540306131,The mobile banking service was convenient.,Neutral,0.0,Digital Banking,0,0,1,0.0
2025-02,1044,Branch 1044,West,10722,620,6455381,3885338,683344,543851,32,92608,182,4.4,139493,20.41329110960219,60.187586139377366,1.697444506621899,21354.5,335.0625,43.051390485312815,The account service was not satisfactory.,Neutral,0.0,Account Service,0,0,1,0.0
2025-02,1045,Branch 1045,Central,11279,916,7430153,4544315,851514,529294,34,85290,81,4.4,322220,37.84083409080767,61.1604498588387,0.7181487720542602,25044.529411764706,331.7352941176471,50.71718580087794,The staff was very helpful and friendly.,Positive,0.2875,Staff Service,1,0,0,0.0
2025-02,1046,Branch 1046,North,10935,606,5942886,4322036,801027,505958,33,69014,176,4.1,295069,36.83633635320657,72.72621416597929,1.6095107453132145,24273.545454545456,331.3636363636364,49.09730437810787,The waiting time was too long.,Negative,-0.05,Waiting Time,0,1,0,100.0
2025-02,1047,Branch 1047,South,8362,526,5662993,4005056,636579,431242,25,59991,58,4.3,205337,32.25632639468157,70.72330832829918,0.6936139679502512,25463.16,334.48,48.76050886318712,Excellent service and quick response.,Positive,0.6666666666666666,Service Quality,1,0,0,0.0
2025-02,1048,Branch 1048,East,10578,554,5914229,4364273,779529,611942,30,76616,199,4.3,167587,21.498494603792803,73.79276318181118,1.8812629986764984,25984.3,352.6,45.93227351890987,The ATM was not working properly.,Neutral,0.0,ATM Issue,0,0,1,0.0
2025-02,1049,Branch 1049,West,9639,897,6345182,4723005,744820,497378,29,91268,67,4.3,247442,33.22171799897962,74.43450794634417,0.6950928519555971,25683.44827586207,332.37931034482756,49.11865225566546,The loan process was very slow.,Negative,-0.39000000000000007,Loan Process,0,1,0,100.0
2025-02,1050,Branch 1050,Central,9918,771,5665563,3563335,659438,497444,27,89923,150,4.2,161994,24.565463318765374,62.894632007445686,1.5124016938898972,24423.62962962963,367.3333333333333,46.55645164669988,The mobile banking service was convenient.,Neutral,0.0,Digital Banking,0,0,1,0.0
2025-02,1051,Branch 1051,North,10925,573,6940884,3990152,826381,655288,31,75900,153,4.5,171093,20.703888400144727,57.487662954747556,1.40045766590389,26657.451612903227,352.4193548387097,46.556282109810695,The account service was not satisfactory.,Neutral,0.0,Account Service,0,0,1,0.0
2025-02,1052,Branch 1052,South,9729,864,6731819,4436498,819716,687706,32,78446,65,4.2,132010,16.10435809475477,65.90340589965356,0.6681056634803166,25616.125,304.03125,41.7051002132507,The staff was very helpful and friendly.,Positive,0.2875,Staff Service,1,0,0,0.0
2025-02,1053,Branch 1053,East,9864,570,6232059,4478053,743068,507635,31,60880,105,4.2,235433,31.68391049002245,71.85511241148392,1.0644768856447688,23969.935483870966,318.19354838709677,46.947428473296924,The waiting time was too long.,Negative,-0.05,Waiting Time,0,1,0,100.0
2025-02,1054,Branch 1054,West,10778,691,6404753,3937644,666417,498249,28,106690,132,4.4,168168,25.234650376566027,61.48002897223359,1.224717016143997,23800.60714285714,384.92857142857144,47.78212587264869,Excellent service and quick response.,Positive,0.6666666666666666,Service Quality,1,0,0,0.0
2025-02,1055,Branch 1055,Central,9877,684,5610816,3508749,636849,501861,30,95522,141,4.2,134988,21.19623333003585,62.53544938917975,1.4275589753973879,21228.3,329.23333333333335,42.44301898979542,The ATM was not working properly.,Neutral,0.0,ATM Issue,0,0,1,0.0
2025-02,1056,Branch 1056,North,11290,632,6085515,3739731,820237,517545,32,95839,159,4.2,302692,36.90299267163027,61.45299124231885,1.408325952170062,25632.40625,352.8125,50.8704587876304,The loan process was very slow.,Negative,-0.39000000000000007,Loan Process,0,1,0,100.0
2025-02,1057,Branch 1057,South,11373,875,7115980,4565744,798026,586578,37,72108,105,4.2,211448,26.49637981719894,64.161844187308,0.9232392508572936,21568.27027027027,307.3783783783784,43.61262466710279,The mobile banking service was convenient.,Neutral,0.0,Digital Banking,0,0,1,0.0
2025-02,1058,Branch 1058,East,9484,755,6694778,3696010,933682,661728,28,68537,75,4.1,271954,29.12704753866948,55.20735713715974,0.7908055672711936,33345.78571428572,338.7142857142857,50.84760269838728,The account service was not satisfactory.,Neutral,0.0,Account Service,0,0,1,0.0
2025-02,1059,Branch 1059,West,9341,737,5874769,3400033,702097,499457,30,84282,60,4.2,202640,28.862108796932617,57.875177730392465,0.6423295150412162,23403.233333333334,311.3666666666667,45.43672282993739,The staff was very helpful and friendly.,Positive,0.2875,Staff Service,1,0,0,0.0
2025-02,1060,Branch 1060,Central,9998,482,7125181,4939698,725757,470351,30,63046,164,4.3,255406,35.19166883681453,69.3273335793154,1.6403280656131225,24191.9,333.26666666666665,49.15746104830565,The waiting time was too long.,Negative,-0.05,Waiting Time,0,1,0,100.0
2025-02,1061,Branch 1061,North,12567,1041,8673055,6668888,1127309,836410,40,78286,157,4.2,290899,25.80472612211914,76.89202939448671,1.2493037319964988,28182.725,314.175,46.6692731133385,Excellent service and quick response.,Positive,0.6666666666666666,Service Quality,1,0,0,0.0
2025-02,1062,Branch 1062,South,10068,583,6088537,4158575,852383,622030,31,76449,85,4.3,230353,27.024588711881865,68.30171188907943,0.8442590385379419,27496.225806451614,324.7741935483871,47.48915025370485,The ATM was not working properly.,Neutral,0.0,ATM Issue,0,0,1,0.0
2025-02,1063,Branch 1063,East,10234,599,7034520,4400488,859797,577598,28,75423,181,4.2,282199,32.821584629860304,62.55562568590322,1.7686144225131915,30707.035714285714,365.5,52.26051750735821,The loan process was very slow.,Negative,-0.39000000000000007,Loan Process,0,1,0,100.0
2025-02,1064,Branch 1064,West,8794,807,6513761,3479527,841799,702180,29,82725,142,4.4,139619,16.585788293880128,53.41809440045466,1.6147373209006142,29027.55172413793,303.2413793103448,44.00953812606518,The mobile banking service was convenient.,Neutral,0.0,Digital Banking,0,0,1,0.0
2025-02,1065,Branch 1065,Central,8876,766,5724494,3360251,751007,497070,29,64152,72,4.2,253937,33.8128672568964,58.69952872690581,0.811176205497972,25896.793103448275,306.0689655172414,48.110410660364714,The account service was not satisfactory.,Neutral,0.0,Account Service,0,0,1,0.0
2025-02,1066,Branch 1066,North,10539,687,6269490,3865681,642267,489054,31,98167,196,4.2,153213,23.855032252941534,61.65861976013998,1.859758990416548,20718.290322580644,339.96774193548384,43.55276533179419,The staff was very helpful and friendly.,Positive,0.2875,Staff Service,1,0,0,0.0
2025-02,1067,Branch 1067,South,10172,721,6023288,3240947,667745,437171,29,86125,129,4.2,230574,34.53024732495189,53.80694066098117,1.2681871804954776,23025.689655172413,350.7586206896552,48.764041272402764,The waiting time was too long.,Negative,-0.05,Waiting Time,0,1,0,100.0
2025-02,1068,Branch 1068,East,8961,590,5044001,3680353,661914,426663,24,81862,59,4.4,235251,35.54102194544911,72.96495381345088,0.6584086597477959,27579.75,373.375,52.679664741250875,Excellent service and quick response.,Positive,0.6666666666666666,Service Quality,1,0,0,0.0
2025-02,1069,Branch 1069,West,10878,606,5815258,4013647,804244,603010,32,89973,121,4.4,201234,25.021510884756363,69.01924213852593,1.1123368266225409,25132.625,339.9375,46.5867041312344,The ATM was not working properly.,Neutral,0.0,ATM Issue,0,0,1,0.0
2025-02,1070,Branch 1070,Central,12172,890,8829463,6573127,1255576,946306,40,104832,113,4.2,309270,24.631722810885204,74.44537680264361,0.9283601708839961,31389.4,304.3,47.35081766761871,The loan process was very slow.,Negative,-0.39000000000000007,Loan Process,0,1,0,100.0
2025-02,1071,Branch 1071,North,9136,528,5862517,3562246,836565,586496,26,70689,77,4.3,250069,29.892357437855992,60.76308179575428,0.8428196147110333,32175.576923076922,351.38461538461536,51.66604254177666,The mobile banking service was convenient.,Neutral,0.0,Digital Banking,0,0,1,0.0
2025-02,1072,Branch 1072,South,8678,477,5896236,4022391,669662,522900,23,63863,135,4.0,146762,21.915832166077813,68.21964046215247,1.5556579857109933,29115.739130434784,377.30434782608694,47.56739831399922,The account service was not satisfactory.,Neutral,0.0,Account Service,0,0,1,0.0
2025-02,1073,Branch 1073,East,10317,782,6831190,5068492,920269,573223,34,74979,120,4.4,347046,37.71136482919668,74.1963259695602,1.1631288165164293,27066.735294117647,303.44117647058823,50.510877063377094,The staff was very helpful and friendly.,Positive,0.2875,Staff Service,1,0,0,0.0
2025-02,1074,Branch 1074,West,10374,619,6209303,3505078,734349,613536,34,96837,162,4.2,120813,16.451714375589805,56.448815591701674,1.5615962984384038,21598.5,305.11764705882354,40.02382043834169,The waiting time was too long.,Negative,-0.05,Waiting Time,0,1,0,100.0
2025-02,1075,Branch 1075,Central,10812,834,5792215,4488892,699423,496404,36,78617,132,4.1,203019,29.02664053083756,77.49871163276916,1.2208657047724751,19428.416666666668,300.3333333333333,42.94442996138894,Excellent service and quick response.,Positive,0.6666666666666666,Service Quality,1,0,0,0.0
2025-02,1076,Branch 1076,North,9071,777,5664954,3143570,597757,416531,28,80789,60,4.1,181226,30.31767089302175,55.4915362066488,0.661448572373498,21348.464285714286,323.9642857142857,45.18780652205723,The ATM was not working properly.,Neutral,0.0,ATM Issue,0,0,1,0.0
2025-02,1077,Branch 1077,South,9151,487,6191912,3823687,858858,711158,25,65115,135,4.5,147700,17.19725495949272,61.75292865919283,1.4752486067096493,34354.32,366.04,49.38744087686454,The loan process was very slow.,Negative,-0.39000000000000007,Loan Process,0,1,0,100.0
2025-02,1078,Branch 1078,East,10060,479,7406822,5384910,987422,774191,29,84141,96,4.3,213231,21.594718367628023,72.7020306414816,0.9542743538767396,34049.03448275862,346.8965517241379,49.44924788702246,The mobile banking service was convenient.,Neutral,0.0,Digital Banking,0,0,1,0.0
2025-02,1079,Branch 1079,West,10194,728,6086964,4723485,855730,552079,27,91562,75,4.1,303651,35.48444018557255,77.60001537712397,0.7357268981753973,31693.703703703704,377.55555555555554,53.809753005334606,The account service was not satisfactory.,Neutral,0.0,Account Service,0,0,1,0.0
2025-02,1080,Branch 1080,Central,10906,823,7974672,5630436,874892,688964,29,67321,208,4.1,185928,21.25153733260791,70.60398220766947,1.9072070419952318,30168.689655172413,376.0689655172414,48.07078654314741,The staff was very helpful and friendly.,Positive,0.2875,Staff Service,1,0,0,0.0
2025-02,1081,Branch 1081,North,9070,826,6729182,4152266,793961,580262,28,61086,170,4.4,213699,26.91555378664695,61.70536032462787,1.8743109151047408,28355.75,323.92857142857144,48.113076040738434,The waiting time was too long.,Negative,-0.05,Waiting Time,0,1,0,100.0
2025-02,1082,Branch 1082,South,9019,529,6305824,3437776,618533,393391,28,77278,65,4.3,225142,36.39935136847994,54.517474639317555,0.7207007428761504,22090.464285714286,322.10714285714283,48.18557221239438,Excellent service and quick response.,Positive,0.6666666666666666,Service Quality,1,0,0,0.0
2025-02,1083,Branch 1083,East,10019,722,6087459,4220448,826914,612651,26,91122,197,4.2,214263,25.91115883876679,69.33020821988288,1.9662640982133945,31804.384615384617,385.34615384615387,51.10990672821101,The ATM was not working properly.,Neutral,0.0,ATM Issue,0,0,1,0.0
2025-02,1084,Branch 1084,West,10776,909,7168887,4463751,811758,597396,33,70871,158,4.2,214362,26.407131189344607,62.26560692057219,1.4662212323682258,24598.727272727272,326.54545454545456,45.71086142484458,The loan process was very slow.,Negative,-0.39000000000000007,Loan Process,0,1,0,100.0
2025-02,1085,Branch 1085,Central,10631,515,7504230,5475385,939691,626713,35,74522,114,4.1,312978,33.3064805345587,72.96398164768404,1.0723356222368545,26848.314285714285,303.74285714285713,47.980496306100946,The mobile banking service was convenient.,Neutral,0.0,Digital Banking,0,0,1,0.0
2025-02,1086,Branch 1086,North,10750,531,6046758,4470186,633825,418969,32,79034,143,4.1,214856,33.89831578116988,73.92698699038394,1.330232558139535,19807.03125,335.9375,46.19432352002085,The account service was not satisfactory.,Neutral,0.0,Account Service,0,0,1,0.0
2025-02,1087,Branch 1087,South,10171,650,7293486,3944981,1016368,773793,28,97148,146,4.0,242575,23.86684744108433,54.08910087713886,1.435453741028414,36298.857142857145,363.25,51.00719865556735,The staff was very helpful and friendly.,Positive,0.2875,Staff Service,1,0,0,0.0
2025-02,1088,Branch 1088,East,10231,926,5542156,3031185,624909,514715,29,61767,106,4.4,110194,17.633607453245194,54.69324573324894,1.0360668556348354,21548.58620689655,352.7931034482759,42.85034665851399,The waiting time was too long.,Negative,-0.05,Waiting Time,0,1,0,100.0
2025-02,1089,Branch 1089,West,12105,1141,8530452,5309730,982651,801950,36,111215,74,4.3,180701,18.389133069624922,62.244415653473,0.6113176373399422,27295.86111111111,336.25,44.816628686446876,Excellent service and quick response.,Positive,0.6666666666666666,Service Quality,1,0,0,0.0
2025-02,1090,Branch 1090,Central,10024,638,7259076,5626814,931504,671687,27,98434,104,4.2,259817,27.892204434978275,77.51419051129923,1.0375099760574622,34500.148148148146,371.25925925925924,52.4986017320737,The ATM was not working properly.,Neutral,0.0,ATM Issue,0,0,1,0.0
2025-02,1091,Branch 1091,North,9725,901,7117231,4345587,868215,608916,27,68041,73,4.4,259299,29.86575905737634,61.05727072789966,0.750642673521851,32156.11111111111,360.18518518518516,52.28666837051921,The loan process was very slow.,Negative,-0.39000000000000007,Loan Process,0,1,0,100.0
2025-02,1092,Branch 1092,South,11644,638,8585381,6593745,921463,578513,30,96804,95,4.2,342950,37.217989219317545,76.80200797145753,0.8158708347646857,30715.433333333334,388.1333333333333,54.674629430429775,The mobile banking service was convenient.,Neutral,0.0,Digital Banking,0,0,1,0.0
2025-02,1093,Branch 1093,East,8612,803,5631721,3679687,764724,628891,24,70087,53,4.4,135833,17.762356091871055,65.33858832850562,0.6154203437064562,31863.5,358.8333333333333,47.86407120424444,The account service was not satisfactory.,Neutral,0.0,Account Service,0,0,1,0.0
2025-02,1094,Branch 1094,West,10084,602,6648054,4181119,852553,649888,31,97770,145,4.1,202665,23.771542648961415,62.89237421958366,1.437921459738199,27501.709677419356,325.2903225806452,45.772976003842885,The staff was very helpful and friendly.,Positive,0.2875,Staff Service,1,0,0,0.0
2025-02,1095,Branch 1095,Central,10754,803,6320093,4292560,875042,611404,33,87470,186,4.2,263638,30.128610969530605,67.91925371984242,1.7295889901432024,26516.424242424244,325.8787878787879,47.86821677344296,The waiting time was too long.,Negative,-0.05,Waiting Time,0,1,0,100.0
2025-02,1096,Branch 1096,North,10749,611,7352311,5696952,896694,699464,30,82816,131,4.1,197230,21.9952402937903,77.48518799055154,1.2187180202809562,29889.8,358.3,47.51882257652665,Excellent service and quick response.,Positive,0.6666666666666666,Service Quality,1,0,0,0.0
2025-02,1097,Branch 1097,South,9265,839,6326299,3542290,772044,578657,31,79008,87,4.4,193387,25.04870188745719,55.993085372664176,0.9390178089584457,24904.645161290322,298.8709677419355,44.91024475338749,The ATM was not working properly.,Neutral,0.0,ATM Issue,0,0,1,0.0
2025-02,1098,Branch 1098,East,8708,748,6081614,3877687,821854,652621,30,69493,135,4.2,169233,20.591613595602137,63.760820729497134,1.5502985760220487,27395.133333333335,290.26666666666665,43.562452631788126,The loan process was very slow.,Negative,-0.39000000000000007,Loan Process,0,1,0,100.0
2025-02,1099,Branch 1099,West,12337,1022,8093084,5010122,1084787,739981,40,78031,228,4.5,344806,31.785594775748606,61.90621523266038,1.8480992137472643,27119.675,308.425,48.953070840770906,The mobile banking service was convenient.,Neutral,0.0,Digital Banking,0,0,1,0.0
2025-02,1100,Branch 1100,Central,11738,572,7855539,4279642,834985,672420,35,104215,142,4.4,162565,19.469212021772847,54.47929161830907,1.209746123700801,23856.714285714286,335.37142857142857,43.88174663457773,The account service was not satisfactory.,Neutral,0.0,Account Service,0,0,1,0.0
2025-03,1001,Branch 1001,North,11914,1116,7020503,4264056,832213,551884,35,105227,223,4.2,280329,33.684765799140365,60.73718649504174,1.8717475239214372,23777.514285714286,340.4,48.4144550399417,The staff was very helpful and friendly.,Positive,0.2875,Staff Service,1,0,0,0.0
2025-03,1002,Branch 1002,South,9947,633,5753284,3728140,786362,549846,27,64999,172,4.1,236516,30.07724177923145,64.80020802032371,1.7291645722328342,29124.51851851852,368.4074074074074,50.38533893213568,The waiting time was too long.,Negative,-0.05,Waiting Time,0,1,0,100.0
2025-03,1003,Branch 1003,East,10511,640,6916386,3885495,818307,673190,29,97806,107,4.3,145117,17.733808949452957,56.17811093828482,1.0179811625915707,28217.48275862069,362.44827586206895,46.019212089658545,Excellent service and quick response.,Positive,0.6666666666666666,Service Quality,1,0,0,0.0
2025-03,1004,Branch 1004,West,9679,439,6717096,4430799,783313,602736,27,67956,88,4.1,180577,23.05298137526123,65.96301437406879,0.9091848331439198,29011.59259259259,358.48148148148147,47.492792306659396,The ATM was not working properly.,Neutral,0.0,ATM Issue,0,0,1,0.0
2025-03,1005,Branch 1005,Central,11060,1017,5918514,3675668,826678,573198,30,77616,199,4.2,253480,30.66248285305766,62.104575574206635,1.7992766726943943,27555.933333333334,368.6666666666667,50.179942536532636,The loan process was very slow.,Negative,-0.39000000000000007,Loan Process,0,1,0,100.0
2025-03,1006,Branch 1006,North,12212,705,7819387,6011446,984148,748730,37,86301,231,4.0,235418,23.92099562260961,76.87873742532503,1.8915820504421879,26598.594594594593,330.05405405405406,45.294051763490934,The mobile banking service was convenient.,Neutral,0.0,Digital Banking,0,0,1,0.0
2025-03,1007,Branch 1007,South,9146,490,4957354,3709541,726985,514667,27,83921,148,4.4,212318,29.205279338638352,74.82905194989101,1.6181937458998468,26925.37037037037,338.74074074074076,48.82807752031036,The account service was not satisfactory.,Neutral,0.0,Account Service,0,0,1,0.0
2025-03,1008,Branch 1008,East,9137,533,5574230,4082015,575501,413761,26,77754,124,4.4,161740,28.10420833326093,73.23011429381278,1.3571194046185837,22134.653846153848,351.4230769230769,46.73139516199962,The staff was very helpful and friendly.,Positive,0.2875,Staff Service,1,0,0,0.0
2025-03,1009,Branch 1009,West,9331,736,5695816,4366669,797353,567800,30,74193,58,4.5,229553,28.789381867253272,76.66450250499665,0.6215839674204265,26578.433333333334,311.03333333333336,47.75632190353039,The waiting time was too long.,Negative,-0.05,Waiting Time,0,1,0,100.0
2025-03,1010,Branch 1010,Central,9288,832,6298239,4326113,691865,450216,27,60156,88,4.2,241649,34.9271895528752,68.68766015389382,0.9474590869939706,25624.62962962963,344.0,49.83602472652098,Excellent service and quick response.,Positive,0.6666666666666666,Service Quality,1,0,0,0.0
2025-03,1011,Branch 1011,North,11841,588,7668403,4537786,797139,547936,38,83863,124,4.6,249203,31.262176358201017,59.17511116721435,1.047208850603834,20977.342105263157,311.60526315789474,46.37208916403456,The ATM was not working properly.,Neutral,0.0,ATM Issue,0,0,1,0.0
2025-03,1012,Branch 1012,South,9045,531,5365416,2997040,656567,420041,30,56255,135,4.3,236526,36.024655518781785,55.85848329374647,1.4925373134328357,21885.566666666666,301.5,47.16685572146184,The loan process was very slow.,Negative,-0.39000000000000007,Loan Process,0,1,0,100.0
2025-03,1013,Branch 1013,East,8619,795,6450100,4267047,700608,535995,23,82060,144,3.8,164613,23.495735132913126,66.15474178694905,1.6707274625826662,30461.217391304348,374.7391304347826,48.03936312470339,The mobile banking service was convenient.,Neutral,0.0,Digital Banking,0,0,1,0.0
2025-03,1014,Branch 1014,West,10108,903,6284023,4673406,807260,637290,29,65397,103,4.2,169970,21.05517429328841,74.36965141597986,1.0189948555599526,27836.55172413793,348.55172413793105,46.17168817961536,The account service was not satisfactory.,Neutral,0.0,Account Service,0,0,1,0.0
2025-03,1015,Branch 1015,Central,10948,1024,5991844,4235573,798780,524540,31,86061,218,4.2,274240,34.33235684418739,70.68897321091804,1.9912312751187433,25767.09677419355,353.16129032258067,50.046009668873175,The staff was very helpful and friendly.,Positive,0.2875,Staff Service,1,0,0,0.0
2025-03,1016,Branch 1016,North,8543,789,4581014,3041218,479476,310988,27,72292,129,4.1,168488,35.140027863751264,66.38744173233262,1.5100081938429124,17758.37037037037,316.4074074074074,44.936261089841295,The waiting time was too long.,Negative,-0.05,Waiting Time,0,1,0,100.0
2025-03,1017,Branch 1017,South,10884,503,7961368,5353591,1152982,929214,31,107954,137,4.3,223768,19.40776178639389,67.24461173004438,1.258728408673282,37192.967741935485,351.0967741935484,50.28907868497286,Excellent service and quick response.,Positive,0.6666666666666666,Service Quality,1,0,0,0.0
2025-03,1018,Branch 1018,East,9548,741,6098509,4342456,651782,485086,31,83553,74,4.5,166696,25.575422457201945,71.20520769912777,0.7750314201927105,21025.225806451614,308.0,43.964887500119964,The ATM was not working properly.,Neutral,0.0,ATM Issue,0,0,1,0.0
2025-03,1019,Branch 1019,West,9480,729,6227403,3252851,734114,461525,30,82491,120,4.2,272589,37.13169889145283,52.23447077377199,1.2658227848101267,24470.466666666667,316.0,48.999508295072914,The loan process was very slow.,Negative,-0.39000000000000007,Loan Process,0,1,0,100.0
2025-03,1020,Branch 1020,Central,8873,531,6184427,3695784,629877,401913,26,64908,129,4.1,227964,36.19182792830981,59.75952177946316,1.453848754648935,24226.03846153846,341.2692307692308,49.23133647536218,The mobile banking service was convenient.,Neutral,0.0,Digital Banking,0,0,1,0.0
2025-03,1021,Branch 1021,North,10670,855,6952650,4073561,667692,509641,33,102313,115,4.2,158051,23.671243627301212,58.590048398811966,1.0777881911902532,20233.090909090908,323.3333333333333,42.62513948401541,The account service was not satisfactory.,Neutral,0.0,Account Service,0,0,1,0.0
2025-03,1022,Branch 1022,South,8610,729,5217951,4014520,620956,440476,27,54839,161,4.3,180480,29.06486127841586,76.93671328074947,1.8699186991869918,22998.37037037037,318.8888888888889,45.91144308860699,The staff was very helpful and friendly.,Positive,0.2875,Staff Service,1,0,0,0.0
2025-03,1023,Branch 1023,East,9371,552,5411771,3481050,752486,488165,31,80188,183,4.2,264321,35.12636779953382,64.32367518876907,1.9528332088357698,24273.74193548387,302.2903225806452,47.67941445057524,The waiting time was too long.,Negative,-0.05,Waiting Time,0,1,0,100.0
2025-03,1024,Branch 1024,West,9268,500,5689510,4105560,691146,465053,27,64852,96,4.2,226093,32.71276980551143,72.16016845035864,1.0358221838584376,25598.0,343.25925925925924,49.020228043355296,Excellent service and quick response.,Positive,0.6666666666666666,Service Quality,1,0,0,0.0
2025-03,1025,Branch 1025,Central,9241,549,5767224,3819810,829870,582237,25,58176,124,4.0,247633,29.839974935833325,66.23307851403032,1.341846120549724,33194.8,369.64,51.918621709141256,The ATM was not working properly.,Neutral,0.0,ATM Issue,0,0,1,0.0
2025-03,1026,Branch 1026,North,10733,589,7182102,5539700,1064084,734052,29,71087,155,4.3,330032,31.015596513057243,77.1320151120104,1.4441442280816175,36692.55172413793,370.1034482758621,54.85392265764176,The loan process was very slow.,Negative,-0.39000000000000007,Loan Process,0,1,0,100.0
2025-03,1027,Branch 1027,South,9899,887,6261805,3744687,741787,585226,31,59610,169,3.9,156561,21.105923937734147,59.80203791079409,1.7072431558743308,23928.612903225807,319.3225806451613,42.36963426131309,The mobile banking service was convenient.,Neutral,0.0,Digital Banking,0,0,1,0.0
2025-03,1028,Branch 1028,East,12356,716,7540060,5400015,791982,569635,39,89523,233,4.3,222347,28.074754224212167,71.61766617241773,1.8857235351246358,20307.23076923077,316.8205128205128,44.24962805788974,The account service was not satisfactory.,Neutral,0.0,Account Service,0,0,1,0.0
2025-03,1029,Branch 1029,West,11378,722,7259057,3912209,731185,457141,36,100512,176,4.1,274044,37.479434069353175,53.89417661274736,1.5468447881877307,20310.694444444445,316.05555555555554,46.91340105553373,The staff was very helpful and friendly.,Positive,0.2875,Staff Service,1,0,0,0.0
2025-03,1030,Branch 1030,Central,9380,730,6957434,4192684,923249,597104,27,78796,85,3.9,326145,35.325789684039734,60.26192990116759,0.906183368869936,34194.40740740741,347.4074074074074,53.14154153430764,The waiting time was too long.,Negative,-0.05,Waiting Time,0,1,0,100.0
2025-03,1031,Branch 1031,North,11451,653,6741796,5048341,790963,652284,32,78866,107,4.3,138679,17.53293137605678,74.88124826084919,0.9344162081914245,24717.59375,357.84375,44.16463471419739,Excellent service and quick response.,Positive,0.6666666666666666,Service Quality,1,0,0,0.0
2025-03,1032,Branch 1032,South,12375,641,6632769,3692565,839836,629724,36,120558,244,4.1,210112,25.01821784253116,55.67154532292622,1.9717171717171715,23328.777777777777,343.75,45.004120920629624,The ATM was not working properly.,Neutral,0.0,ATM Issue,0,0,1,0.0
2025-03,1033,Branch 1033,East,9090,682,5161179,3766447,605867,411073,28,74231,166,4.2,194794,32.15128072662812,72.97648463655301,1.8261826182618264,21638.10714285714,324.64285714285717,46.2886880224158,The loan process was very slow.,Negative,-0.39000000000000007,Loan Process,0,1,0,100.0
2025-03,1034,Branch 1034,West,11203,602,7773379,5132906,866475,637948,31,72951,199,4.1,228527,26.374332785135174,66.0318504989915,1.7763099169865213,27950.8064516129,361.38709677419354,48.2800898205923,The mobile banking service was convenient.,Neutral,0.0,Digital Banking,0,0,1,0.0
2025-03,1035,Branch 1035,Central,9741,764,5328254,2897766,594198,436898,31,83448,187,4.4,157300,26.472657262394016,54.38490732611471,1.9197207678883073,19167.677419354837,314.2258064516129,43.365758509974285,The account service was not satisfactory.,Neutral,0.0,Account Service,0,0,1,0.0
2025-03,1036,Branch 1036,North,8533,403,5999576,3419913,739105,551031,27,80784,83,4.5,188074,25.446181530364427,57.00257818219154,0.9726942458689793,27374.25925925926,316.037037037037,47.144275782064156,The staff was very helpful and friendly.,Positive,0.2875,Staff Service,1,0,0,0.0
2025-03,1037,Branch 1037,South,11517,984,7920808,4997852,800156,531074,31,110127,136,4.5,269082,33.62869240498103,63.09775467351311,1.1808630719805506,25811.483870967742,371.51612903225805,51.42687510198151,The waiting time was too long.,Negative,-0.05,Waiting Time,0,1,0,100.0
2025-03,1038,Branch 1038,East,9911,596,7388660,5604262,883020,689696,31,88175,141,3.8,193324,21.893501845937806,75.84950451096681,1.4226616890323884,28484.516129032258,319.7096774193548,44.452028774145305,Excellent service and quick response.,Positive,0.6666666666666666,Service Quality,1,0,0,0.0
2025-03,1039,Branch 1039,West,9530,820,5932697,4260927,646725,413073,25,81975,101,4.3,233652,36.12849356372492,71.82107901347398,1.0598111227701994,25869.0,381.2,52.10109913936081,The ATM was not working properly.,Neutral,0.0,ATM Issue,0,0,1,0.0
2025-03,1040,Branch 1040,Central,10353,928,7502520,5830517,935979,655971,29,88037,73,4.6,280008,29.91605580894443,77.71411472411937,0.7051096300589201,32275.137931034482,357.0,52.83627513884967,The loan process was very slow.,Negative,-0.39000000000000007,Loan Process,0,1,0,100.0
2025-03,1041,Branch 1041,North,11351,942,7647381,4643670,1067078,733605,32,89148,203,4.2,333473,31.251042566710215,60.722357105001045,1.788388688221302,33346.1875,354.71875,52.50745010644166,The mobile banking service was convenient.,Neutral,0.0,Digital Banking,0,0,1,0.0
2025-03,1042,Branch 1042,South,9344,535,6145846,3839621,720165,584781,28,87998,185,4.0,135384,18.799025223386305,62.47506039038401,1.9798801369863013,25720.178571428572,333.7142857142857,43.238978741412204,The account service was not satisfactory.,Neutral,0.0,Account Service,0,0,1,0.0
2025-03,1043,Branch 1043,East,10128,838,6169923,3612640,776449,513647,33,66307,186,4.3,262802,33.846653160735606,58.55243250199395,1.8364928909952605,23528.757575757576,306.90909090909093,47.3673051309046,The staff was very helpful and friendly.,Positive,0.2875,Staff Service,1,0,0,0.0
2025-03,1044,Branch 1044,West,11784,979,7588627,5382957,950826,790128,32,101210,143,4.0,160698,16.900884073426685,70.9345313717488,1.213509843856076,29713.3125,368.25,45.73789659371132,The waiting time was too long.,Negative,-0.05,Waiting Time,0,1,0,100.0
2025-03,1045,Branch 1045,Central,11523,916,8390575,5912906,939559,640415,36,73919,96,4.3,299144,31.838766910859245,70.47080801971259,0.8331163759437648,26098.86111111111,320.0833333333333,48.3518892065813,Excellent service and quick response.,Positive,0.6666666666666666,Service Quality,1,0,0,0.0
2025-03,1046,Branch 1046,North,10971,924,5985848,3693919,720921,536158,29,97776,101,4.0,184763,25.628744342306575,61.71087204352666,0.9206088779509616,24859.344827586207,378.3103448275862,46.95133663319028,The ATM was not working properly.,Neutral,0.0,ATM Issue,0,0,1,0.0
2025-03,1047,Branch 1047,South,8829,440,6131229,3517278,843156,674016,23,61917,166,4.2,169140,20.06034470489447,57.36660627094503,1.8801676294031036,36658.95652173913,383.8695652173913,51.23423465144603,The loan process was very slow.,Negative,-0.39000000000000007,Loan Process,0,1,0,100.0
2025-03,1048,Branch 1048,East,11938,1095,7317310,4121420,882471,557325,38,105148,122,4.2,325146,36.84495014567051,56.32425030509845,1.0219467247445133,23222.92105263158,314.1578947368421,48.255405627592054,The mobile banking service was convenient.,Neutral,0.0,Digital Banking,0,0,1,0.0
2025-03,1049,Branch 1049,West,9098,760,4932763,3819924,637183,466223,28,71345,69,4.4,170960,26.83059654761662,77.43984456581433,0.7584084414156957,22756.535714285714,324.92857142857144,45.550975174987315,The account service was not satisfactory.,Neutral,0.0,Account Service,0,0,1,0.0
2025-03,1050,Branch 1050,Central,9682,784,5342885,3289166,582129,417982,27,74727,81,4.5,164147,28.197701883946685,61.56160950497718,0.8366040074364801,21560.333333333332,358.5925925925926,47.07648734389008,The staff was very helpful and friendly.,Positive,0.2875,Staff Service,1,0,0,0.0
2025-03,1051,Branch 1051,North,10699,802,7407006,4992226,975685,761612,29,105438,172,3.9,214073,21.94079031654684,67.39870333573377,1.6076268810169176,33644.31034482759,368.9310344827586,49.032999873349475,The waiting time was too long.,Negative,-0.05,Waiting Time,0,1,0,100.0
2025-03,1052,Branch 1052,South,10343,783,7452226,4173391,898011,674441,35,77226,137,4.3,223570,24.896131561862827,56.00193821282393,1.3245673402301075,25657.457142857143,295.51428571428573,44.773246017607605,Excellent service and quick response.,Positive,0.6666666666666666,Service Quality,1,0,0,0.0
2025-03,1053,Branch 1053,East,9258,561,6386686,4029199,654602,480383,24,70487,170,3.9,174219,26.61449247023382,63.08747603999946,1.8362497299632752,27275.083333333332,385.75,48.39200138920352,The ATM was not working properly.,Neutral,0.0,ATM Issue,0,0,1,0.0
2025-03,1054,Branch 1054,West,10459,833,7758327,5114471,1069922,850888,28,102442,101,4.4,219034,20.471959638179232,65.92234382489937,0.9656754947891768,38211.5,373.5357142857143,52.29323492973866,The loan process was very slow.,Negative,-0.39000000000000007,Loan Process,0,1,0,100.0
2025-03,1055,Branch 1055,Central,9267,594,6791397,5170375,881034,682813,30,64746,69,4.2,198221,22.498677690077795,76.13124368962674,0.7445775331822596,29367.8,308.9,45.853163653438784,The mobile banking service was convenient.,Neutral,0.0,Digital Banking,0,0,1,0.0
2025-03,1056,Branch 1056,North,12424,1137,8724951,6410702,956166,742409,38,111463,109,3.8,213757,22.35563699190308,73.47550719769085,0.8773341918866708,25162.263157894737,326.94736842105266,43.36706120609012,The account service was not satisfactory.,Neutral,0.0,Account Service,0,0,1,0.0
2025-03,1057,Branch 1057,South,11472,1020,8056062,5340466,992113,804521,31,69240,199,4.3,187592,18.908329998699745,66.2912723362854,1.7346582984658299,32003.645161290322,370.06451612903226,48.461975188013376,The staff was very helpful and friendly.,Positive,0.2875,Staff Service,1,0,0,0.0
2025-03,1058,Branch 1058,East,9556,867,6809513,4528864,744364,564771,27,75150,63,4.1,179593,24.12703999656082,66.50789858246839,0.6592716617831729,27569.037037037036,353.9259259259259,47.030950099181176,The waiting time was too long.,Negative,-0.05,Waiting Time,0,1,0,100.0
2025-03,1059,Branch 1059,West,9528,446,6243442,4561296,771179,635271,32,79068,87,4.3,135908,17.62340520164579,73.05739366202168,0.9130982367758186,24099.34375,297.75,41.59847410730964,Excellent service and quick response.,Positive,0.6666666666666666,Service Quality,1,0,0,0.0
2025-03,1060,Branch 1060,Central,10378,523,6163864,3774505,766327,600345,27,97878,102,4.6,165982,21.65942215268417,61.23602013282577,0.982848333012141,28382.48148148148,384.3703703703704,49.213063393023674,The ATM was not working properly.,Neutral,0.0,ATM Issue,0,0,1,0.0
2025-03,1061,Branch 1061,North,12776,906,7668975,4793155,803648,603065,37,126039,81,4.2,200583,24.959061678744924,62.50059492957012,0.6340012523481529,21720.216216216217,345.2972972972973,44.60442732548426,The loan process was very slow.,Negative,-0.39000000000000007,Loan Process,0,1,0,100.0
2025-03,1062,Branch 1062,South,11320,889,6896016,4531747,734487,542027,34,88806,111,4.3,192460,26.203322863440743,65.71543627508984,0.980565371024735,21602.558823529413,332.94117647058823,44.8101142155589,The mobile banking service was convenient.,Neutral,0.0,Digital Banking,0,0,1,0.0
2025-03,1063,Branch 1063,East,9677,831,6661190,5147273,897602,626201,30,80402,98,4.3,271401,30.23622942016618,77.27257441988593,1.0127105507905343,29920.066666666666,322.56666666666666,49.64112515444553,The account service was not satisfactory.,Neutral,0.0,Account Service,0,0,1,0.0
2025-03,1064,Branch 1064,West,9099,534,5796687,4332019,756229,569872,24,56223,167,4.2,186357,24.642932233490118,74.73267057545111,1.8353665237938233,31509.541666666668,379.125,50.29110018382109,The staff was very helpful and friendly.,Positive,0.2875,Staff Service,1,0,0,0.0
2025-03,1065,Branch 1065,Central,9439,482,5970019,3814683,612343,452273,31,84044,129,4.2,160070,26.140578074706493,63.89733433009175,1.366670198114207,19753.0,304.48387096774195,42.54315986188196,The waiting time was too long.,Negative,-0.05,Waiting Time,0,1,0,100.0
2025-03,1066,Branch 1066,North,10286,683,6429536,4584817,801209,519232,32,80107,110,3.9,281977,35.19393816095426,71.30867608486832,1.0694147384794868,25037.78125,321.4375,47.89114903599133,Excellent service and quick response.,Positive,0.6666666666666666,Service Quality,1,0,0,0.0
2025-03,1067,Branch 1067,South,9892,683,6550235,4731507,788223,591607,33,66320,191,4.3,196616,24.944209950737292,72.234156484462,1.930853214718965,23885.545454545456,299.75757575757575,44.139893879270225,The ATM was not working properly.,Neutral,0.0,ATM Issue,0,0,1,0.0
2025-03,1068,Branch 1068,East,9932,903,5712105,3032427,646423,507043,32,60423,70,4.1,139380,21.561732797255047,53.087732105764864,0.7047925896093435,20200.71875,310.375,41.07297609490252,The loan process was very slow.,Negative,-0.39000000000000007,Loan Process,0,1,0,100.0
2025-03,1069,Branch 1069,West,11283,533,7502016,4995036,1035009,713782,37,103140,76,4.4,321227,31.036155241162156,66.58258260179663,0.6735797217052203,27973.216216216217,304.94594594594594,48.648705540514975,The mobile banking service was convenient.,Neutral,0.0,Digital Banking,0,0,1,0.0
2025-03,1070,Branch 1070,Central,11671,849,8163203,4278427,987002,697541,34,74868,167,4.1,289461,29.32729619595502,52.41113077795566,1.4308970953645788,29029.470588235294,343.2647058823529,49.111077063882526,The account service was not satisfactory.,Neutral,0.0,Account Service,0,0,1,0.0
2025-03,1071,Branch 1071,North,8582,771,5825842,3961013,724159,468445,27,63353,103,4.1,255714,35.31185830736068,67.99039520810898,1.2001864367280355,26820.703703703704,317.85185185185185,49.21297926561372,The staff was very helpful and friendly.,Positive,0.2875,Staff Service,1,0,0,0.0
2025-03,1072,Branch 1072,South,9023,758,5376184,3220022,592336,450152,24,73193,160,4.1,142184,24.003943707625403,59.894192609479134,1.7732461487310207,24680.666666666668,375.9583333333333,46.51005049679479,The waiting time was too long.,Negative,-0.05,Waiting Time,0,1,0,100.0
2025-03,1073,Branch 1073,East,9670,854,6245452,4763707,791122,541436,26,75191,150,4.1,249686,31.560998177272282,76.27481565785791,1.5511892450879008,30427.76923076923,371.9230769230769,51.638413125097195,Excellent service and quick response.,Positive,0.6666666666666666,Service Quality,1,0,0,0.0
2025-03,1074,Branch 1074,West,11112,778,8366532,5200142,861292,612009,31,70551,199,4.0,249283,28.942913669231807,62.154092041959565,1.7908567314614832,27783.612903225807,358.4516129032258,48.68929329052997,The ATM was not working properly.,Neutral,0.0,ATM Issue,0,0,1,0.0
2025-03,1075,Branch 1075,Central,11595,796,8501095,5430052,1211916,1016015,39,72487,148,4.1,195901,16.164569161559054,63.87473613693295,1.2764122466580423,31074.76923076923,297.3076923076923,43.673607212687656,The loan process was very slow.,Negative,-0.39000000000000007,Loan Process,0,1,0,100.0
2025-03,1076,Branch 1076,North,9229,780,5521452,3675718,724779,553652,25,62270,132,4.2,171127,23.610921398108943,66.5715829821576,1.430274135876043,28991.16,369.16,48.38987459454227,The mobile banking service was convenient.,Neutral,0.0,Digital Banking,0,0,1,0.0
2025-03,1077,Branch 1077,South,9333,523,5870658,4379594,823477,601121,31,84729,140,4.3,222356,27.00208991872268,74.6014160593242,1.500053573341905,26563.774193548386,301.06451612903226,46.140181735871394,The account service was not satisfactory.,Neutral,0.0,Account Service,0,0,1,0.0
2025-03,1078,Branch 1078,East,10365,738,6669304,5067148,939018,740756,31,90022,64,4.6,198262,21.11375926766047,75.97716343414545,0.6174626145682586,30290.90322580645,334.35483870967744,47.97244267471088,The staff was very helpful and friendly.,Positive,0.2875,Staff Service,1,0,0,0.0
2025-03,1079,Branch 1079,West,11131,805,7788256,4216011,1076242,880945,30,91499,138,4.5,195297,18.146197602397972,54.13292783390787,1.2397807923816369,35874.73333333333,371.03333333333336,50.609938802354066,The waiting time was too long.,Negative,-0.05,Waiting Time,0,1,0,100.0
2025-03,1080,Branch 1080,Central,10790,610,6494748,4217935,807671,520606,32,89797,90,4.2,287065,35.54231859259525,64.94378226838055,0.8341056533827619,25239.71875,337.1875,49.612267834254176,Excellent service and quick response.,Positive,0.6666666666666666,Service Quality,1,0,0,0.0
2025-03,1081,Branch 1081,North,10298,961,7385348,3936379,1030169,800949,34,91368,116,3.9,229220,22.250718086061607,53.29984450292661,1.1264323169547485,30299.08823529412,302.88235294117646,45.06226321759125,The ATM was not working properly.,Neutral,0.0,ATM Issue,0,0,1,0.0
2025-03,1082,Branch 1082,South,8509,451,5323849,3954632,721319,467396,24,68154,78,4.2,253923,35.2025941365748,74.28144562326993,0.916676460218592,30054.958333333332,354.5416666666667,52.372511021657076,The loan process was very slow.,Negative,-0.39000000000000007,Loan Process,0,1,0,100.0
2025-03,1083,Branch 1083,East,11103,895,6288605,4437018,878315,703706,30,75812,135,4.0,174609,19.879997495203884,70.55647476666128,1.215887597946501,29277.166666666668,370.1,46.65156625096891,The mobile banking service was convenient.,Neutral,0.0,Digital Banking,0,0,1,0.0
2025-03,1084,Branch 1084,West,10685,492,6254818,3846248,816840,640666,29,88738,174,3.9,176174,21.56774888595074,61.49256461179207,1.628451099672438,28166.896551724138,368.44827586206895,46.36889926727845,The account service was not satisfactory.,Neutral,0.0,Account Service,0,0,1,0.0
2025-03,1085,Branch 1085,Central,11609,1079,7632155,4278785,945234,739290,36,87595,129,4.3,205944,21.78762084309282,56.06260617086524,1.1112068222930487,26256.5,322.47222222222223,44.99835383746771,The staff was very helpful and friendly.,Positive,0.2875,Staff Service,1,0,0,0.0
2025-03,1086,Branch 1086,North,10570,983,5848348,3904327,779079,616151,34,73314,197,4.0,162928,20.91289843520362,66.75948490069332,1.8637653736991486,22914.08823529412,310.88235294117646,41.8112600098217,The waiting time was too long.,Negative,-0.05,Waiting Time,0,1,0,100.0
2025-03,1087,Branch 1087,South,9397,871,6688578,4111228,888804,574484,27,87536,80,4.2,314320,35.36437729803196,61.466398388416785,0.8513355326167926,32918.666666666664,348.037037037037,53.49353696312738,Excellent service and quick response.,Positive,0.6666666666666666,Service Quality,1,0,0,0.0
2025-03,1088,Branch 1088,East,9656,607,6430089,4201184,776297,562610,29,60833,70,4.2,213687,27.526449284230132,65.33632738209377,0.7249378624689312,26768.862068965518,332.9655172413793,47.34624683790022,The ATM was not working properly.,Neutral,0.0,ATM Issue,0,0,1,0.0
2025-03,1089,Branch 1089,West,12638,775,6907509,5091568,812894,599327,37,86100,123,4.3,213567,26.27242912360037,73.71062419173106,0.9732552619085298,21970.108108108107,341.56756756756755,45.33522723418326,The loan process was very slow.,Negative,-0.39000000000000007,Loan Process,0,1,0,100.0
2025-03,1090,Branch 1090,Central,10279,682,6949162,4535863,802358,586114,27,65992,109,4.7,216244,26.951061745505122,65.27208604433167,1.0604144372020623,29716.962962962964,380.7037037037037,51.83667468320738,The mobile banking service was convenient.,Neutral,0.0,Digital Banking,0,0,1,0.0
2025-03,1091,Branch 1091,North,10424,789,5949201,4135870,786916,618998,30,87214,130,3.9,167918,21.338745177375984,69.51975567811543,1.24712202609363,26230.533333333333,347.46666666666664,44.591755823641606,The account service was not satisfactory.,Neutral,0.0,Account Service,0,0,1,0.0
2025-03,1092,Branch 1092,South,10692,1007,8075893,6294762,1078738,745597,32,89686,95,4.3,333141,30.882475633564404,77.94508916846719,0.8885147774036662,33710.5625,334.125,52.052775188362325,The staff was very helpful and friendly.,Positive,0.2875,Staff Service,1,0,0,0.0
2025-03,1093,Branch 1093,East,9267,574,5224337,3653091,706811,551973,25,67082,114,4.3,154838,21.90656342360263,69.92448994006321,1.2301715765619943,28272.44,370.68,47.82187880514721,The waiting time was too long.,Negative,-0.05,Waiting Time,0,1,0,100.0
2025-03,1094,Branch 1094,West,10710,681,6811999,5109201,742407,487850,33,91852,126,4.3,254557,34.28806571058732,75.00296168569608,1.1764705882352942,22497.18181818182,324.54545454545456,47.7272551717751,Excellent service and quick response.,Positive,0.6666666666666666,Service Quality,1,0,0,0.0
2025-03,1095,Branch 1095,Central,10326,979,5843909,3870228,680063,558635,28,91943,92,4.0,121428,17.855404572811636,66.22669860191183,0.8909548711989154,24287.964285714286,368.7857142857143,43.60156561489389,The ATM was not working properly.,Neutral,0.0,ATM Issue,0,0,1,0.0
2025-03,1096,Branch 1096,North,11692,731,8305248,5149519,1132799,751336,31,97396,219,4.2,381463,33.67437647808658,62.003193643344545,1.8730756072528225,36541.903225806454,377.16129032258067,55.68709343228387,The loan process was very slow.,Negative,-0.39000000000000007,Loan Process,0,1,0,100.0
2025-03,1097,Branch 1097,South,9366,445,5247632,2787139,567153,357298,28,59124,160,4.1,209855,37.00147931863183,53.11231808937822,1.708306641042067,20255.464285714286,334.5,47.43097609244695,The mobile banking service was convenient.,Neutral,0.0,Digital Banking,0,0,1,0.0
2025-03,1098,Branch 1098,East,8570,707,6202748,3859756,813802,515534,26,53438,61,4.5,298268,36.65117559308038,62.22654862006324,0.7117852975495916,31300.076923076922,329.61538461538464,53.391402658284534,The account service was not satisfactory.,Neutral,0.0,Account Service,0,0,1,0.0
2025-03,1099,Branch 1099,West,12677,901,7184854,4243584,916986,713913,36,103543,188,4.1,203073,22.14570342404355,59.06291206474064,1.4830007099471485,25471.833333333332,352.1388888888889,45.30574278112758,The staff was very helpful and friendly.,Positive,0.2875,Staff Service,1,0,0,0.0
2025-03,1100,Branch 1100,Central,12071,970,7615489,4093221,911169,581026,33,78873,208,4.1,330143,36.23290520199875,53.74862993039579,1.7231380995774999,27611.18181818182,365.7878787878788,51.74410760085494,The waiting time was too long.,Negative,-0.05,Waiting Time,0,1,0,100.0
2025-04,1001,Branch 1001,North,11845,900,7104466,4484186,920905,754092,38,102179,132,4.5,166813,18.11402913438411,63.11784728085122,1.1143942591810891,24234.342105263157,311.7105263157895,42.969738001409716,Excellent service and quick response.,Positive,0.6666666666666666,Service Quality,1,0,0,0.0
2025-04,1002,Branch 1002,South,9729,736,5382133,3770710,564742,428295,31,70907,95,4.2,136447,24.16094428960481,70.05976998338764,0.976462123548155,18217.483870967742,313.83870967741933,41.50547342285266,The ATM was not working properly.,Neutral,0.0,ATM Issue,0,0,1,0.0
2025-04,1003,Branch 1003,East,10528,667,7006250,5334354,828395,594877,29,101977,147,4.2,233518,28.189209254039437,76.13707760927743,1.3962765957446808,28565.344827586207,363.0344827586207,49.56089495683778,The loan process was very slow.,Negative,-0.39000000000000007,Loan Process,0,1,0,100.0
2025-04,1004,Branch 1004,West,10170,824,5704857,3044316,732236,556243,28,86638,142,4.3,175993,24.035010570362562,53.363581243140715,1.3962635201573255,26151.285714285714,363.2142857142857,47.30543691261699,The mobile banking service was convenient.,Neutral,0.0,Digital Banking,0,0,1,0.0
2025-04,1005,Branch 1005,Central,10723,989,7163502,4500778,904551,589780,28,91514,83,4.1,314771,34.798590682006875,62.82929773733573,0.7740371164785974,32305.39285714286,382.9642857142857,54.05882939354326,The account service was not satisfactory.,Neutral,0.0,Account Service,0,0,1,0.0
2025-04,1006,Branch 1006,North,11785,918,8040382,6207382,1045465,762103,38,105417,118,4.4,283362,27.103920265145177,77.2025756985178,1.0012728044123886,27512.236842105263,310.13157894736844,47.26044218259788,The staff was very helpful and friendly.,Positive,0.2875,Staff Service,1,0,0,0.0
2025-04,1007,Branch 1007,South,8495,538,6201655,4257647,854764,617237,26,77441,102,4.0,237527,27.78860597779036,68.6533997779625,1.2007062978222485,32875.53846153846,326.7307692307692,49.40179989999765,The waiting time was too long.,Negative,-0.05,Waiting Time,0,1,0,100.0
2025-04,1008,Branch 1008,East,9123,531,6780288,4698905,884117,631227,27,79704,76,4.3,252890,28.603680282134604,69.30243966038022,0.8330593006686396,32745.074074074073,337.8888888888889,50.95682566192124,Excellent service and quick response.,Positive,0.6666666666666666,Service Quality,1,0,0,0.0
2025-04,1009,Branch 1009,West,9663,738,6222191,4832920,778024,520826,30,93391,163,4.0,257198,33.05784911519439,77.67231832002585,1.6868467349684364,25934.133333333335,322.1,47.880586802091905,The ATM was not working properly.,Neutral,0.0,ATM Issue,0,0,1,0.0
2025-04,1010,Branch 1010,Central,9540,432,6421773,4896720,756297,622899,25,74677,95,4.2,133398,17.638308759653945,76.25183886132382,0.9958071278825996,30251.88,381.6,47.35733017290867,The loan process was very slow.,Negative,-0.39000000000000007,Loan Process,0,1,0,100.0
2025-04,1011,Branch 1011,North,12150,822,6662952,4955738,920866,598698,36,75632,189,4.2,322168,34.98532902724175,74.37751315032737,1.5555555555555556,25579.61111111111,337.5,49.58541566395402,The mobile banking service was convenient.,Neutral,0.0,Digital Banking,0,0,1,0.0
2025-04,1012,Branch 1012,South,8986,832,5209155,3944198,755998,521567,27,75970,73,4.5,234431,31.0094735700359,75.71665654026421,0.8123748052526152,27999.925925925927,332.81481481481484,50.02474371767451,The account service was not satisfactory.,Neutral,0.0,Account Service,0,0,1,0.0
2025-04,1013,Branch 1013,East,9688,593,6268652,4297380,789461,574460,26,74734,67,4.3,215001,27.233897557954094,68.55349443548629,0.6915772089182494,30363.884615384617,372.61538461538464,50.7212532341531,The staff was very helpful and friendly.,Positive,0.2875,Staff Service,1,0,0,0.0
2025-04,1014,Branch 1014,West,10223,796,6244533,4673553,670270,496440,34,84138,141,4.2,173830,25.934324973518137,74.8423140689624,1.379242883693632,19713.823529411766,300.6764705882353,42.306376463318934,The waiting time was too long.,Negative,-0.05,Waiting Time,0,1,0,100.0
2025-04,1015,Branch 1015,Central,10463,704,7237717,5382754,849106,705600,31,92120,128,4.3,143506,16.900834524782535,74.37088242052016,1.223358501385836,27390.516129032258,337.51612903225805,44.38793822735406,Excellent service and quick response.,Positive,0.6666666666666666,Service Quality,1,0,0,0.0
2025-04,1016,Branch 1016,North,8884,703,4880059,3024933,506020,416866,24,59007,121,4.2,89154,17.618671198766847,61.9855825513585,1.3619990995047275,21084.166666666668,370.1666666666667,42.70086428450322,The ATM was not working properly.,Neutral,0.0,ATM Issue,0,0,1,0.0
2025-04,1017,Branch 1017,South,10720,865,6452636,4949783,808743,510267,33,88679,148,4.0,298476,36.90616178439875,76.7094719119442,1.3805970149253732,24507.363636363636,324.8484848484849,48.67822947127539,The loan process was very slow.,Negative,-0.39000000000000007,Loan Process,0,1,0,100.0
2025-04,1018,Branch 1018,East,10497,493,7293594,5118663,1020198,641230,35,92213,140,4.4,378968,37.14651469616682,70.1802568116624,1.3337143945889303,29148.514285714286,299.9142857142857,51.13321976869295,The mobile banking service was convenient.,Neutral,0.0,Digital Banking,0,0,1,0.0
2025-04,1019,Branch 1019,West,10220,704,6917652,3813737,938643,723618,34,88335,64,4.4,215025,22.90807048047021,55.130512491810805,0.6262230919765166,27607.147058823528,300.5882352941176,45.46799859203557,The account service was not satisfactory.,Neutral,0.0,Account Service,0,0,1,0.0
2025-04,1020,Branch 1020,Central,8892,493,6687892,4908031,954699,701049,26,83728,100,4.3,253650,26.56858339644223,73.38681605504395,1.1246063877642825,36719.192307692305,342.0,52.22755435216273,The staff was very helpful and friendly.,Positive,0.2875,Staff Service,1,0,0,0.0
2025-04,1021,Branch 1021,North,11094,624,7972553,5429309,1049144,837838,32,105776,69,4.4,211306,20.14080050021732,68.10000510501467,0.6219578150351541,32785.75,346.6875,48.652291576481815,The waiting time was too long.,Negative,-0.05,Waiting Time,0,1,0,100.0
2025-04,1022,Branch 1022,South,8812,755,4970999,3076650,566553,447344,26,63778,87,4.6,119209,21.04110295065069,61.89198589659745,0.9872900590104403,21790.5,338.9230769230769,44.21996803232783,Excellent service and quick response.,Positive,0.6666666666666666,Service Quality,1,0,0,0.0
2025-04,1023,Branch 1023,East,9447,771,6192329,3225144,695933,463966,25,56864,128,4.2,231967,33.331800618737724,52.08289159054695,1.3549274902085318,27837.32,377.88,51.598168812358146,The ATM was not working properly.,Neutral,0.0,ATM Issue,0,0,1,0.0
2025-04,1024,Branch 1024,West,8622,713,5998414,3479264,763665,561150,23,80164,161,4.1,202515,26.518826972559957,58.00306547697441,1.8673161679424728,33202.82608695652,374.8695652173913,51.26127367080032,The loan process was very slow.,Negative,-0.39000000000000007,Loan Process,0,1,0,100.0
2025-04,1025,Branch 1025,Central,8969,823,6652488,3826659,776674,619036,26,80687,77,4.4,157638,20.296546556212775,57.52222326443881,0.8585126546995206,29872.076923076922,344.96153846153845,47.30253413606683,The mobile banking service was convenient.,Neutral,0.0,Digital Banking,0,0,1,0.0
2025-04,1026,Branch 1026,North,11793,960,8565398,5121814,898636,700512,36,107080,155,4.2,198124,22.04719152137239,59.79656753836774,1.3143390146697194,24962.11111111111,327.5833333333333,44.39169408757245,The account service was not satisfactory.,Neutral,0.0,Account Service,0,0,1,0.0
2025-04,1027,Branch 1027,South,10147,847,6472785,4471594,795632,652082,33,86014,193,4.2,143550,18.042260743660385,69.08299904909556,1.9020400118261556,24110.060606060608,307.4848484848485,41.82484228622405,The staff was very helpful and friendly.,Positive,0.2875,Staff Service,1,0,0,0.0
2025-04,1028,Branch 1028,East,12801,630,7569251,4486602,786500,521956,38,96871,205,4.5,264544,33.635600762873494,59.274054989060346,1.6014373877040855,20697.36842105263,336.86842105263156,47.7470162237655,The waiting time was too long.,Negative,-0.05,Waiting Time,0,1,0,100.0
2025-04,1029,Branch 1029,West,12669,1104,7242090,4845643,914422,758891,38,120472,237,4.2,155531,17.008667770460466,66.90945569580052,1.8707080274686243,24063.736842105263,333.39473684210526,42.43949617961016,Excellent service and quick response.,Positive,0.6666666666666666,Service Quality,1,0,0,0.0
2025-04,1030,Branch 1030,Central,10084,539,6131550,3472700,613394,474704,33,68538,62,4.3,138690,22.610263550018423,56.636576395854235,0.6148353827846093,18587.696969696968,305.57575757575756,41.11454644066249,The ATM was not working properly.,Neutral,0.0,ATM Issue,0,0,1,0.0
2025-04,1031,Branch 1031,North,12448,1041,9162456,5269259,1025431,743234,35,118818,244,4.2,282197,27.519842875824896,57.50924206348167,1.9601542416452442,29298.02857142857,355.65714285714284,49.37895710972883,The loan process was very slow.,Negative,-0.39000000000000007,Loan Process,0,1,0,100.0
2025-04,1032,Branch 1032,South,11630,758,8615981,5091248,1089037,858232,35,99468,211,4.1,230805,21.193494803206868,59.090752405326796,1.8142734307824593,31115.342857142856,332.2857142857143,46.79921716138197,The mobile banking service was convenient.,Neutral,0.0,Digital Banking,0,0,1,0.0
2025-04,1033,Branch 1033,East,9094,722,5559582,3765519,734028,555314,25,76770,135,4.1,178714,24.34702763382323,67.73025382124051,1.4844952716076534,29361.12,363.76,48.30944709907851,The account service was not satisfactory.,Neutral,0.0,Account Service,0,0,1,0.0
2025-04,1034,Branch 1034,West,11107,688,6898481,5204933,942007,784752,29,104808,156,4.2,157255,16.693612680160548,75.45042162180341,1.4045196722787432,32483.0,383.0,48.105010378247535,The staff was very helpful and friendly.,Positive,0.2875,Staff Service,1,0,0,0.0
2025-04,1035,Branch 1035,Central,9380,765,6307640,4230860,834149,667538,28,57714,117,4.3,166611,19.97376967424285,67.07516598918137,1.2473347547974414,29791.035714285714,335.0,46.468775278729964,The waiting time was too long.,Negative,-0.05,Waiting Time,0,1,0,100.0
2025-04,1036,Branch 1036,North,9495,565,6788991,4882150,848246,648357,25,57265,75,4.2,199889,23.564979970433107,71.9127481535916,0.7898894154818324,33929.84,379.8,51.051084996024336,Excellent service and quick response.,Positive,0.6666666666666666,Service Quality,1,0,0,0.0
2025-04,1037,Branch 1037,South,11582,1058,6706683,4663339,950311,637274,35,105052,134,4.3,313037,32.94047948513697,69.53271833483109,1.1569677085132102,27151.742857142857,330.9142857142857,49.63797229495117,The ATM was not working properly.,Neutral,0.0,ATM Issue,0,0,1,0.0
2025-04,1038,Branch 1038,East,10717,804,6564611,4341110,906396,727369,36,70214,98,4.2,179027,19.751521410068005,66.128975502128,0.9144350097975179,25177.666666666668,297.69444444444446,42.53628607103039,The loan process was very slow.,Negative,-0.39000000000000007,Loan Process,0,1,0,100.0
2025-04,1039,Branch 1039,West,9836,864,5732449,4373510,756835,498824,31,74020,68,4.4,258011,34.09078597052198,76.29391905623582,0.6913379422529483,24414.032258064515,317.2903225806452,48.5589618913749,The mobile banking service was convenient.,Neutral,0.0,Digital Banking,0,0,1,0.0
2025-04,1040,Branch 1040,Central,10679,794,6714037,3755457,860372,648667,30,67783,203,4.1,211705,24.606216845736494,55.934410251239306,1.9009270530948592,28679.066666666666,355.96666666666664,47.786910943066154,The account service was not satisfactory.,Neutral,0.0,Account Service,0,0,1,0.0
2025-04,1041,Branch 1041,North,11366,871,7712440,5049461,818862,647195,32,94543,154,4.2,171667,20.96409407201702,65.47164062216368,1.35491817701918,25589.4375,355.1875,45.36356650484548,The staff was very helpful and friendly.,Positive,0.2875,Staff Service,1,0,0,0.0
2025-04,1042,Branch 1042,South,9540,518,6252337,3468516,815031,659291,28,79545,87,4.3,155740,19.108475628534375,55.47551259632998,0.9119496855345912,29108.25,340.7142857142857,46.0724553613324,The waiting time was too long.,Negative,-0.05,Waiting Time,0,1,0,100.0
2025-04,1043,Branch 1043,East,10384,809,7676934,5610463,825758,646458,32,87905,67,4.3,179300,21.713383339913147,73.0820793822117,0.6452234206471494,25804.9375,324.5,44.84311760464117,Excellent service and quick response.,Positive,0.6666666666666666,Service Quality,1,0,0,0.0
2025-04,1044,Branch 1044,West,12279,931,8673488,6635539,959606,658501,37,84105,88,4.2,301105,31.37798221353347,76.50369724383086,0.7166707386594999,25935.297297297297,331.86486486486484,48.269171732961425,The ATM was not working properly.,Neutral,0.0,ATM Issue,0,0,1,0.0
2025-04,1045,Branch 1045,Central,12190,711,6887820,3817380,903044,647672,36,79323,197,4.1,255372,28.27902073431638,55.422180022126014,1.616078753076292,25084.555555555555,338.6111111111111,46.75368789586465,The loan process was very slow.,Negative,-0.39000000000000007,Loan Process,0,1,0,100.0
2025-04,1046,Branch 1046,North,11130,996,7688287,5610666,788333,546008,34,93005,88,4.6,242325,30.738913631675953,72.97680224476531,0.7906558849955077,23186.264705882353,327.3529411764706,47.809547928697086,The mobile banking service was convenient.,Neutral,0.0,Digital Banking,0,0,1,0.0
2025-04,1047,Branch 1047,South,9088,532,5804373,3028474,771654,575881,26,61731,75,4.2,195773,25.370567637827317,52.17573026406125,0.8252640845070423,29679.0,349.53846153846155,48.5660285832471,The account service was not satisfactory.,Neutral,0.0,Account Service,0,0,1,0.0
2025-04,1048,Branch 1048,East,11201,664,6531891,4798429,871625,663589,35,90219,77,4.2,208036,23.86760361393948,73.46155960042812,0.6874386215516471,24903.571428571428,320.0285714285714,44.711057768448,The staff was very helpful and friendly.,Positive,0.2875,Staff Service,1,0,0,0.0
2025-04,1049,Branch 1049,West,9891,830,7186534,5578927,1060239,669534,31,87269,107,4.3,390705,36.85065348473316,77.63028742367322,1.0817915276514,34201.25806451613,319.06451612903226,53.78702368816592,The waiting time was too long.,Negative,-0.05,Waiting Time,0,1,0,100.0
2025-04,1050,Branch 1050,Central,9848,525,6604321,3548092,698728,500148,26,83478,172,4.1,198580,28.4202150192922,53.72379688994523,1.7465475223395612,26874.153846153848,378.7692307692308,49.17111796230799,Excellent service and quick response.,Positive,0.6666666666666666,Service Quality,1,0,0,0.0
2025-04,1051,Branch 1051,North,11098,896,7248333,4102800,890219,679888,37,109000,99,4.3,210331,23.62688282321541,56.60335969663646,0.892052622094071,24059.972972972973,299.94594594594594,43.76617088710333,The ATM was not working properly.,Neutral,0.0,ATM Issue,0,0,1,0.0
2025-04,1052,Branch 1052,South,9717,683,6354651,3352655,878263,694316,30,85503,191,4.2,183947,20.944409590293567,52.759073629692644,1.9656272512092208,29275.433333333334,323.9,45.8443467590304,The loan process was very slow.,Negative,-0.39000000000000007,Loan Process,0,1,0,100.0
2025-04,1053,Branch 1053,East,9879,806,6701135,5049062,733458,560956,31,76309,103,4.2,172502,23.519001769699152,75.34637042829311,1.0426156493572223,23659.935483870966,318.6774193548387,43.96600618020789,The mobile banking service was convenient.,Neutral,0.0,Digital Banking,0,0,1,0.0
2025-04,1054,Branch 1054,West,11349,729,6829695,4830017,934664,782394,37,88927,83,4.2,152270,16.291415952684602,70.72083013955968,0.7313419684553705,25261.18918918919,306.72972972972974,41.711509283720105,The account service was not satisfactory.,Neutral,0.0,Account Service,0,0,1,0.0
2025-04,1055,Branch 1055,Central,10254,952,6633482,4991406,842414,593896,31,83772,132,4.4,248518,29.500696807033123,75.24564022333972,1.2873025160912814,27174.645161290322,330.7741935483871,48.73916955879906,The staff was very helpful and friendly.,Positive,0.2875,Staff Service,1,0,0,0.0
2025-04,1056,Branch 1056,North,12412,650,9009579,4927206,1141523,756265,36,86391,170,4.2,385258,33.74947329138353,54.68852651161613,1.3696422816629068,31708.972222222223,344.77777777777777,52.24739062191409,The waiting time was too long.,Negative,-0.05,Waiting Time,0,1,0,100.0
2025-04,1057,Branch 1057,South,12715,695,7390129,5454512,1018113,785336,35,101540,109,4.2,232777,22.863572118222635,73.80807561004687,0.8572552103814391,29088.942857142858,363.2857142857143,47.94700515344923,Excellent service and quick response.,Positive,0.6666666666666666,Service Quality,1,0,0,0.0
2025-04,1058,Branch 1058,East,9658,883,6248904,4756592,894943,669416,32,94183,147,4.2,225527,25.200152411941318,76.11882019630963,1.5220542555394492,27966.96875,301.8125,45.88258019802781,The ATM was not working properly.,Neutral,0.0,ATM Issue,0,0,1,0.0
2025-04,1059,Branch 1059,West,9602,833,6763847,3809802,753271,602664,31,68845,184,4.3,150607,19.993733994803993,56.32596361212783,1.916267444282441,24299.064516129034,309.741935483871,42.981549748632105,The loan process was very slow.,Negative,-0.39000000000000007,Loan Process,0,1,0,100.0
2025-04,1060,Branch 1060,Central,10966,883,7677915,4999821,928762,682105,34,106723,182,4.3,246657,26.557611099506655,65.11951486829433,1.6596753602042678,27316.529411764706,322.52941176470586,47.15676362004075,The mobile banking service was convenient.,Neutral,0.0,Digital Banking,0,0,1,0.0
2025-04,1061,Branch 1061,North,12036,886,6900760,5100956,899037,726562,40,116288,134,4.1,172475,19.184416214238123,73.91875677461613,1.113326686606846,22475.925,300.9,40.920730712539296,The account service was not satisfactory.,Neutral,0.0,Account Service,0,0,1,0.0
2025-04,1062,Branch 1062,South,11274,682,7171696,4798721,979741,798830,31,87376,70,4.1,180911,18.465186207375215,66.91194105271612,0.6208976405889658,31604.548387096773,363.6774193548387,47.277689861351455,The staff was very helpful and friendly.,Positive,0.2875,Staff Service,1,0,0,0.0
2025-04,1063,Branch 1063,East,10505,652,6106777,3211132,821970,533001,32,83879,191,3.9,288969,35.15566261542392,52.58308924658621,1.8181818181818181,25686.5625,328.28125,48.439163679374175,The waiting time was too long.,Negative,-0.05,Waiting Time,0,1,0,100.0
2025-04,1064,Branch 1064,West,9247,620,5715876,3433587,779679,584785,25,83726,176,4.3,194894,24.996697358784832,60.0710547254699,1.9033199956742728,31187.16,369.88,50.210910771027976,Excellent service and quick response.,Positive,0.6666666666666666,Service Quality,1,0,0,0.0
2025-04,1065,Branch 1065,Central,9570,882,5616617,3111103,683083,454750,25,58057,70,4.4,228333,33.42683100003953,55.39104767157882,0.7314524555903866,27323.32,382.8,52.184875570484635,The ATM was not working properly.,Neutral,0.0,ATM Issue,0,0,1,0.0
2025-04,1066,Branch 1066,North,10866,523,6752286,4574571,748856,623439,30,68231,186,4.1,125417,16.74781266358285,67.74847807098219,1.7117614577581448,24961.866666666665,362.2,43.56974162509326,The loan process was very slow.,Negative,-0.39000000000000007,Loan Process,0,1,0,100.0
2025-04,1067,Branch 1067,South,9640,501,6953615,3970437,863028,700901,28,64145,177,4.1,162127,18.78583313635247,57.098890289439375,1.8360995850622408,30822.428571428572,344.2857142857143,46.284113957754215,The mobile banking service was convenient.,Neutral,0.0,Digital Banking,0,0,1,0.0
2025-04,1068,Branch 1068,East,10000,577,5969152,3111289,600008,398910,31,72641,71,4.4,201098,33.51588645484727,52.12279734206802,0.7100000000000001,19355.09677419355,322.5806451612903,46.23865180108176,The account service was not satisfactory.,Neutral,0.0,Account Service,0,0,1,0.0
2025-04,1069,Branch 1069,West,10810,578,7608067,4591920,920796,647492,31,81006,212,3.9,273304,29.681275765750502,60.35593535125282,1.9611470860314524,29703.09677419355,348.7096774193548,49.15392743526876,The staff was very helpful and friendly.,Positive,0.2875,Staff Service,1,0,0,0.0
2025-04,1070,Branch 1070,Central,12347,808,7736934,4237653,866490,582851,35,121039,238,3.9,283639,32.734249673972,54.771735160206866,1.9275937474690208,24756.85714285714,352.77142857142854,48.10781006762313,The waiting time was too long.,Negative,-0.05,Waiting Time,0,1,0,100.0
2025-04,1071,Branch 1071,North,9218,590,6622073,3915441,802899,652044,26,60267,127,4.2,150855,18.788789125406808,59.12711925706648,1.377739205901497,30880.73076923077,354.53846153846155,47.006708143466746,Excellent service and quick response.,Positive,0.6666666666666666,Service Quality,1,0,0,0.0
2025-04,1072,Branch 1072,South,8947,697,6460651,4448562,683641,531889,27,86661,57,4.3,151752,22.19761541510822,68.85624993518455,0.6370850564435007,25320.037037037036,331.3703703703704,45.05450653602093,The ATM was not working properly.,Neutral,0.0,ATM Issue,0,0,1,0.0
2025-04,1073,Branch 1073,East,9662,628,7327237,5109262,1000867,780579,28,67593,129,4.1,220288,22.009717574862595,69.72972213127541,1.3351273028358517,35745.25,345.07142857142856,49.70303483573802,The loan process was very slow.,Negative,-0.39000000000000007,Loan Process,0,1,0,100.0
2025-04,1074,Branch 1074,West,11357,732,6723391,3594923,727618,483462,34,112299,148,4.3,244156,33.55551951710925,53.468896870641615,1.3031610460508938,21400.529411764706,334.02941176470586,47.33252488289534,The mobile banking service was convenient.,Neutral,0.0,Digital Banking,0,0,1,0.0
2025-04,1075,Branch 1075,Central,11767,962,8019630,6180522,1141708,907347,32,105737,202,4.2,234361,20.52722762737933,77.06742081617232,1.716665250276196,35678.375,367.71875,50.32551097290798,The account service was not satisfactory.,Neutral,0.0,Account Service,0,0,1,0.0
2025-04,1076,Branch 1076,North,9511,814,6894566,4445015,942134,646961,25,94378,182,4.1,295173,31.33025663016089,64.47128071585652,1.9135737567027653,37685.36,380.44,55.217917441988575,The staff was very helpful and friendly.,Positive,0.2875,Staff Service,1,0,0,0.0
2025-04,1077,Branch 1077,South,9965,650,6017342,3662480,628440,509459,28,95954,104,4.3,118981,18.932754121316275,60.865412004170615,1.043652784746613,22444.285714285714,355.89285714285717,43.53566569353446,The waiting time was too long.,Negative,-0.05,Waiting Time,0,1,0,100.0
2025-04,1078,Branch 1078,East,10913,549,5895547,4580401,651349,524582,35,79534,116,4.3,126767,19.462223784791256,77.69255337969487,1.0629524420416017,18609.97142857143,311.8,40.26262923184235,Excellent service and quick response.,Positive,0.6666666666666666,Service Quality,1,0,0,0.0
2025-04,1079,Branch 1079,West,10963,966,7901715,5464000,1067877,726155,29,66772,108,4.1,341722,32.000127355491315,69.14954538350219,0.9851318069871386,36823.34482758621,378.0344827586207,54.96395273991725,The ATM was not working properly.,Neutral,0.0,ATM Issue,0,0,1,0.0
2025-04,1080,Branch 1080,Central,10199,925,6215778,3668697,674216,559992,29,99852,73,4.2,114224,16.94175160482694,59.0223299480773,0.7157564467104618,23248.827586206895,351.6896551724138,42.74637147387815,The loan process was very slow.,Negative,-0.39000000000000007,Loan Process,0,1,0,100.0
2025-04,1081,Branch 1081,North,10290,970,5872140,3740432,718801,569355,32,66338,179,4.0,149446,20.791011698648166,63.6979363571032,1.73955296404276,22462.53125,321.5625,41.97251546113611,The mobile banking service was convenient.,Neutral,0.0,Digital Banking,0,0,1,0.0
2025-04,1082,Branch 1082,South,8905,767,6645050,3831671,700810,464414,26,65357,100,4.3,236396,33.731824602959435,57.66203414571749,1.1229646266142617,26954.23076923077,342.5,50.270372853403586,The account service was not satisfactory.,Neutral,0.0,Account Service,0,0,1,0.0
2025-04,1083,Branch 1083,East,10481,870,7443055,4485708,976725,774028,35,98046,94,4.4,202697,20.7527195474673,60.26702745042191,0.8968609865470852,27906.428571428572,299.45714285714286,44.807486848384,The staff was very helpful and friendly.,Positive,0.2875,Staff Service,1,0,0,0.0
2025-04,1084,Branch 1084,West,10470,629,7866181,5042004,946221,768230,33,103379,177,4.3,177991,18.81072180811882,64.09722837549758,1.69054441260745,28673.363636363636,317.27272727272725,44.865928127179885,The waiting time was too long.,Negative,-0.05,Waiting Time,0,1,0,100.0
2025-04,1085,Branch 1085,Central,11442,574,6200741,3371019,665491,417685,36,70666,103,4.2,247806,37.236566685349615,54.36477672587841,0.9001922740779584,18485.86111111111,317.8333333333333,46.358982478035564,Excellent service and quick response.,Positive,0.6666666666666666,Service Quality,1,0,0,0.0
2025-04,1086,Branch 1086,North,11542,939,8232193,5081383,990954,765006,33,105953,127,4.2,225948,22.80105837405167,61.725751570693255,1.1003292323687404,30028.909090909092,349.75757575757575,47.835797792358626,The ATM was not working properly.,Neutral,0.0,ATM Issue,0,0,1,0.0
2025-04,1087,Branch 1087,South,10588,752,6313479,3467285,831530,627402,35,88603,148,4.4,204128,24.54848291703246,54.91876982563814,1.3978088401964488,23758.0,302.51428571428573,44.34897641208636,The loan process was very slow.,Negative,-0.39000000000000007,Loan Process,0,1,0,100.0
2025-04,1088,Branch 1088,East,9842,688,6390237,4976079,843156,678998,28,97403,109,4.3,164158,19.46946946946947,77.87002266113134,1.1074984759195285,30112.714285714286,351.5,47.075314152968616,The mobile banking service was convenient.,Neutral,0.0,Digital Banking,0,0,1,0.0
2025-04,1089,Branch 1089,West,12905,888,8740077,6003149,1059169,792670,40,86953,237,4.0,266499,25.161140478998156,68.6853102095096,1.8364974815962802,26479.225,322.625,45.38723242135665,The account service was not satisfactory.,Neutral,0.0,Account Service,0,0,1,0.0
2025-04,1090,Branch 1090,Central,10599,563,5976412,3486336,740873,550209,35,71157,182,4.2,190664,25.735045007713875,58.334934070810384,1.717143126710067,21167.8,302.8285714285714,42.98708815607192,The staff was very helpful and friendly.,Positive,0.2875,Staff Service,1,0,0,0.0
2025-04,1091,Branch 1091,North,10514,637,7648516,5324424,964673,717641,28,97172,77,4.2,247032,25.60784846263967,69.61381789617751,0.7323568575233023,34452.607142857145,375.5,51.84054186011397,The waiting time was too long.,Negative,-0.05,Waiting Time,0,1,0,100.0
2025-04,1092,Branch 1092,South,10926,1032,7608687,4615297,922191,692491,31,89468,159,4.1,229700,24.908072188950012,60.65825811996209,1.455244371224602,29748.09677419355,352.4516129032258,48.24805408410367,Excellent service and quick response.,Positive,0.6666666666666666,Service Quality,1,0,0,0.0
2025-04,1093,Branch 1093,East,9854,593,7286113,3821659,928010,771646,30,76677,145,4.4,156364,16.849387398842687,52.45127271564412,1.4714836614572762,30933.666666666668,328.46666666666664,45.948307717721484,The ATM was not working properly.,Neutral,0.0,ATM Issue,0,0,1,0.0
2025-04,1094,Branch 1094,West,10757,1009,7988278,5562110,923025,590690,34,95718,145,4.1,332335,36.0049836136616,69.62839801018443,1.3479594682532303,27147.79411764706,316.38235294117646,49.54917201365833,The loan process was very slow.,Negative,-0.39000000000000007,Loan Process,0,1,0,100.0
2025-04,1095,Branch 1095,Central,10792,751,8008277,5098089,834919,628786,29,64839,197,4.0,206133,24.688981805420646,63.66024801589655,1.8254262416604894,28790.310344827587,372.13793103448273,48.18964350174888,The mobile banking service was convenient.,Neutral,0.0,Digital Banking,0,0,1,0.0
2025-04,1096,Branch 1096,North,11618,877,7824137,4486062,979295,762068,35,108836,76,4.4,217227,22.181977851413517,57.3361892819617,0.6541573420554312,27979.85714285714,331.9428571428571,46.59233023570314,The account service was not satisfactory.,Neutral,0.0,Account Service,0,0,1,0.0
2025-04,1097,Branch 1097,South,9630,829,6337776,3773553,625255,498337,32,88881,113,4.2,126918,20.298598171945848,59.540649590645046,1.173416407061267,19539.21875,300.9375,40.26375368138669,The staff was very helpful and friendly.,Positive,0.2875,Staff Service,1,0,0,0.0
2025-04,1098,Branch 1098,East,8925,613,5458079,3112629,580500,400915,28,80246,77,4.3,179585,30.93626184323859,57.02792136207629,0.8627450980392156,20732.14285714286,318.75,45.52054997584455,The waiting time was too long.,Negative,-0.05,Waiting Time,0,1,0,100.0
2025-04,1099,Branch 1099,West,11596,936,7280772,5623957,992257,690181,34,73654,198,4.1,302076,30.443322647257716,77.24396533774166,1.707485339772335,29184.029411764706,341.05882352941177,49.487712535327375,Excellent service and quick response.,Positive,0.6666666666666666,Service Quality,1,0,0,0.0
2025-04,1100,Branch 1100,Central,11743,765,8757421,5180179,1055913,878169,31,85926,147,4.1,177744,16.833205008367166,59.1518781613902,1.2518095886911351,34061.709677419356,378.80645161290323,48.41725416898442,The ATM was not working properly.,Neutral,0.0,ATM Issue,0,0,1,0.0
2025-05,1001,Branch 1001,North,11328,767,8163366,5119651,1016755,755260,33,94129,96,4.4,261495,25.718585106539926,62.71495116107742,0.847457627118644,30810.757575757576,343.27272727272725,49.56621255221993,The loan process was very slow.,Negative,-0.39000000000000007,Loan Process,0,1,0,100.0
2025-05,1002,Branch 1002,South,9797,638,7424132,5124305,808907,507742,31,80368,168,4.1,301165,37.23110320469473,69.02227762114144,1.7148106563233643,26093.774193548386,316.03225806451616,49.48088137215607,The mobile banking service was convenient.,Neutral,0.0,Digital Banking,0,0,1,0.0
2025-05,1003,Branch 1003,East,11044,580,6734944,5207397,810744,643777,37,78564,187,4.3,166967,20.59429363646231,77.31908387063055,1.693227091633466,21912.0,298.4864864864865,41.66232814910775,The account service was not satisfactory.,Neutral,0.0,Account Service,0,0,1,0.0
2025-05,1004,Branch 1004,West,10265,471,6385096,4258690,844353,639953,28,79691,142,4.0,204400,24.207884616978916,66.69735271012371,1.38334145153434,30155.464285714286,366.60714285714283,48.43510065020698,The staff was very helpful and friendly.,Positive,0.2875,Staff Service,1,0,0,0.0
2025-05,1005,Branch 1005,Central,10618,562,7595089,5293731,1096756,829973,29,85886,191,3.9,266783,24.324735857383047,69.69939391098643,1.7988321717837634,37819.1724137931,366.13793103448273,51.67671238090095,The waiting time was too long.,Negative,-0.05,Waiting Time,0,1,0,100.0
2025-05,1006,Branch 1006,North,12679,803,8224061,6406630,1165385,769246,42,89841,216,3.8,396139,33.99211419402172,77.90105156078,1.7036043852038805,27747.261904761905,301.8809523809524,47.66152453589467,Excellent service and quick response.,Positive,0.6666666666666666,Service Quality,1,0,0,0.0
2025-05,1007,Branch 1007,South,9429,772,6199279,4707656,815117,588757,29,61205,93,4.2,226360,27.770246479953187,75.9387664275152,0.9863188036907413,28107.48275862069,325.13793103448273,47.74479427359938,The ATM was not working properly.,Neutral,0.0,ATM Issue,0,0,1,0.0
2025-05,1008,Branch 1008,East,8859,807,5194890,3053672,621670,515560,24,73929,125,4.2,106110,17.06854118744672,58.78222638015435,1.4109944689016818,25902.916666666668,369.125,44.68073108822793,The loan process was very slow.,Negative,-0.39000000000000007,Loan Process,0,1,0,100.0
2025-05,1009,Branch 1009,West,10189,544,5956907,4043302,634110,515323,34,74513,175,3.7,118787,18.73286969137847,67.87586242323407,1.7175385219354207,18650.29411764706,299.6764705882353,37.75904323246937,The mobile banking service was convenient.,Neutral,0.0,Digital Banking,0,0,1,0.0
2025-05,1010,Branch 1010,Central,9234,712,6969690,4392962,861942,556387,29,89597,129,4.4,305555,35.44960101723782,63.029517812126514,1.3970110461338532,29722.137931034482,318.41379310344826,51.51501679289279,The account service was not satisfactory.,Neutral,0.0,Account Service,0,0,1,0.0
2025-05,1011,Branch 1011,North,12257,734,7502787,4662133,972994,620661,35,95182,124,4.2,352333,36.211220213074284,62.13868259887959,1.0116668026433875,27799.82857142857,350.2,51.52291104327201,The staff was very helpful and friendly.,Positive,0.2875,Staff Service,1,0,0,0.0
2025-05,1012,Branch 1012,South,9531,830,7046595,5174063,1006315,624171,27,60886,104,4.3,382144,37.974590461237284,73.42642794143839,1.0911761619976919,37270.92592592593,353.0,56.89654834385458,The waiting time was too long.,Negative,-0.05,Waiting Time,0,1,0,100.0
2025-05,1013,Branch 1013,East,9147,677,6512680,3993351,752201,618099,27,67598,161,3.9,134102,17.82794758315929,61.31655478236302,1.7601399365912322,27859.296296296296,338.77777777777777,43.776248366265655,Excellent service and quick response.,Positive,0.6666666666666666,Service Quality,1,0,0,0.0
2025-05,1014,Branch 1014,West,10154,611,6200982,3313362,612521,419309,30,67605,190,3.8,193212,31.54373482705083,53.4328595051558,1.8711837699428797,20417.366666666665,338.46666666666664,44.84784244398439,The ATM was not working properly.,Neutral,0.0,ATM Issue,0,0,1,0.0
2025-05,1015,Branch 1015,Central,11780,739,7122974,4533220,751383,587229,39,104911,234,4.2,164154,21.84691429004915,63.642237076816514,1.9864176570458403,19266.23076923077,302.05128205128204,40.72320932901877,The loan process was very slow.,Negative,-0.39000000000000007,Loan Process,0,1,0,100.0
2025-05,1016,Branch 1016,North,8939,780,5527262,3274845,570440,383097,26,63008,132,4.4,187343,32.84184138559708,59.248955450275375,1.476675243315807,21940.0,343.8076923076923,48.0069552196973,The mobile banking service was convenient.,Neutral,0.0,Digital Banking,0,0,1,0.0
2025-05,1017,Branch 1017,South,11215,657,6295478,4553520,791615,497988,37,80139,79,4.6,293627,37.09214706644012,72.33001211345668,0.7044137316094516,21395.0,303.1081081081081,48.27715623078252,The account service was not satisfactory.,Neutral,0.0,Account Service,0,0,1,0.0
2025-05,1018,Branch 1018,East,9558,602,5367319,3882686,781585,522991,26,62547,181,4.2,258594,33.085844789754155,72.3393932799597,1.8937016112157354,30060.96153846154,367.61538461538464,52.13781905618163,The staff was very helpful and friendly.,Positive,0.2875,Staff Service,1,0,0,0.0
2025-05,1019,Branch 1019,West,10193,756,5776885,4228989,714234,487604,30,64716,106,4.2,226630,31.73049728800365,73.20535201929759,1.0399293632885314,23807.8,339.76666666666665,47.71997970020092,The waiting time was too long.,Negative,-0.05,Waiting Time,0,1,0,100.0
2025-05,1020,Branch 1020,Central,9677,512,6937240,5012535,764752,581620,28,77885,168,4.1,183132,23.946586605853923,72.25546470930803,1.7360752299266302,27312.571428571428,345.60714285714283,46.529714196389335,Excellent service and quick response.,Positive,0.6666666666666666,Service Quality,1,0,0,0.0
2025-05,1021,Branch 1021,North,10854,577,7172858,4224220,720946,496136,36,82181,138,4.2,224810,31.182640586118794,58.89172767675033,1.271420674405749,20026.277777777777,301.5,44.31846052842475,The ATM was not working properly.,Neutral,0.0,ATM Issue,0,0,1,0.0
2025-05,1022,Branch 1022,South,9216,674,6647507,4702527,710317,453150,25,65484,114,4.3,257167,36.2045396632771,70.74121170538068,1.2369791666666665,28412.68,368.64,52.81200966653162,The loan process was very slow.,Negative,-0.39000000000000007,Loan Process,0,1,0,100.0
2025-05,1023,Branch 1023,East,9812,483,6174593,3957336,624559,480438,27,96077,135,4.0,144121,23.07564217311735,64.09063722904489,1.3758662861801876,23131.814814814814,363.4074074074074,44.69070831838111,The mobile banking service was convenient.,Neutral,0.0,Digital Banking,0,0,1,0.0
2025-05,1024,Branch 1024,West,9295,805,5194789,3674231,581901,451638,29,90673,111,4.3,130263,22.38576665102827,70.7291672481789,1.1941904249596558,20065.55172413793,320.51724137931035,42.28986128530085,The account service was not satisfactory.,Neutral,0.0,Account Service,0,0,1,0.0
2025-05,1025,Branch 1025,Central,9245,679,6952621,5043081,854188,629115,26,81202,173,4.4,225073,26.349351664973053,72.53496199490812,1.871281773931855,32853.38461538462,355.5769230769231,51.1986331552182,The staff was very helpful and friendly.,Positive,0.2875,Staff Service,1,0,0,0.0
2025-05,1026,Branch 1026,North,11522,658,8766282,5555823,1058505,749774,38,84181,204,4.1,308731,29.166702093991052,63.37718772907374,1.770525950355841,27855.394736842107,303.2105263157895,46.97347564914387,The waiting time was too long.,Negative,-0.05,Waiting Time,0,1,0,100.0
2025-05,1027,Branch 1027,South,9986,943,6747020,3741793,796563,651842,30,99607,92,4.3,144721,18.16818004351194,55.45845425091373,0.9212898057280192,26552.1,332.8666666666667,44.267520273995686,Excellent service and quick response.,Positive,0.6666666666666666,Service Quality,1,0,0,0.0
2025-05,1028,Branch 1028,East,12852,858,7742889,4473041,784568,498119,34,107085,137,4.3,286449,36.5104108248106,57.76966452702602,1.0659819483348896,23075.529411764706,378.0,50.828933402812694,The ATM was not working properly.,Neutral,0.0,ATM Issue,0,0,1,0.0
2025-05,1029,Branch 1029,West,12742,937,9163423,6814090,1295531,987145,38,94955,215,4.0,308386,23.803830244123837,74.36184054801356,1.6873332286925131,34092.92105263158,335.3157894736842,48.896661010816544,The loan process was very slow.,Negative,-0.39000000000000007,Loan Process,0,1,0,100.0
2025-05,1030,Branch 1030,Central,9951,531,6685236,4836695,952861,627756,28,83431,108,4.2,325105,34.11882740504649,72.34890436179067,1.0853180584865842,34030.75,355.39285714285717,53.85144777490346,The mobile banking service was convenient.,Neutral,0.0,Digital Banking,0,0,1,0.0
2025-05,1031,Branch 1031,North,12362,1084,9248165,6001377,1180396,935427,33,102810,109,4.1,244969,20.753120139343068,64.89262464499714,0.8817343471930108,35769.57575757576,374.6060606060606,50.41164944695316,The account service was not satisfactory.,Neutral,0.0,Account Service,0,0,1,0.0
2025-05,1032,Branch 1032,South,12564,579,8471016,5883929,934377,695803,37,96287,152,4.4,238574,25.532948692016177,69.45954298752358,1.209805794333015,25253.432432432433,339.56756756756755,46.80693138868563,The staff was very helpful and friendly.,Positive,0.2875,Staff Service,1,0,0,0.0
2025-05,1033,Branch 1033,East,8640,482,6306055,3670025,648536,470325,28,72383,70,4.3,178211,27.478968014111782,58.198429921718095,0.8101851851851851,23162.0,308.57142857142856,45.03422872532466,The waiting time was too long.,Negative,-0.05,Waiting Time,0,1,0,100.0
2025-05,1034,Branch 1034,West,11209,917,6351200,4914112,684667,544472,33,87679,81,4.3,140195,20.476377567489013,77.37296888776925,0.7226335980016059,20747.484848484848,339.6666666666667,42.672047675296376,Excellent service and quick response.,Positive,0.6666666666666666,Service Quality,1,0,0,0.0
2025-05,1035,Branch 1035,Central,9453,572,5966403,4031169,686393,569673,28,81939,188,4.1,116720,17.004835422272663,67.56447729058866,1.9887866285835185,24514.035714285714,337.60714285714283,42.507111028067676,The ATM was not working properly.,Neutral,0.0,ATM Issue,0,0,1,0.0
2025-05,1036,Branch 1036,North,9303,514,7119047,4847752,796828,616588,28,66806,159,4.3,180240,22.619687059189687,68.09551896482773,1.7091260883585941,28458.14285714286,332.25,46.67695947497458,The loan process was very slow.,Negative,-0.39000000000000007,Loan Process,0,1,0,100.0
2025-05,1037,Branch 1037,South,11391,597,8703222,4729170,922553,767527,33,101057,157,4.3,155026,16.804021015594767,54.33815200853201,1.378281099113335,27956.151515151516,345.1818181818182,44.908937695909984,The mobile banking service was convenient.,Neutral,0.0,Digital Banking,0,0,1,0.0
2025-05,1038,Branch 1038,East,10818,954,6190911,4708841,649154,472886,31,68903,87,4.2,176268,27.15349516447561,76.06055070085807,0.8042151968940654,20940.451612903227,348.96774193548384,45.15578458736618,The account service was not satisfactory.,Neutral,0.0,Account Service,0,0,1,0.0
2025-05,1039,Branch 1039,West,9604,480,5655733,4110435,702387,541337,27,75187,95,4.1,161050,22.928955120183034,72.6773169808405,0.9891711786755519,26014.333333333332,355.7037037037037,45.96623505169689,The staff was very helpful and friendly.,Positive,0.2875,Staff Service,1,0,0,0.0
2025-05,1040,Branch 1040,Central,10914,989,5946603,3522297,807333,574726,31,100634,161,4.4,232607,28.811779030462027,59.23208594890226,1.4751695070551585,26043.0,352.06451612903226,48.79825585970477,The waiting time was too long.,Negative,-0.05,Waiting Time,0,1,0,100.0
2025-05,1041,Branch 1041,North,11876,728,8511269,4804492,999904,689530,31,75693,219,3.9,310374,31.040379876468137,56.448597735543316,1.844055237453688,32254.967741935485,383.0967741935484,52.12540456310347,Excellent service and quick response.,Positive,0.6666666666666666,Service Quality,1,0,0,0.0
2025-05,1042,Branch 1042,South,9288,772,5084525,3452805,573457,355692,25,85043,62,4.3,217765,37.97407652186651,67.90811334392102,0.6675279931093885,22938.28,371.52,51.028680944852546,The ATM was not working properly.,Neutral,0.0,ATM Issue,0,0,1,0.0
2025-05,1043,Branch 1043,East,9741,884,6432567,4591519,757731,489261,28,91252,71,4.3,268470,35.430779524659805,71.37926429681961,0.728877938609999,27061.821428571428,347.89285714285717,51.122063448804745,The loan process was very slow.,Negative,-0.39000000000000007,Loan Process,0,1,0,100.0
2025-05,1044,Branch 1044,West,12313,789,9277292,5144883,1058893,778620,35,97407,78,4.2,280273,26.468491150663947,55.45673241717518,0.6334768131243401,30254.085714285713,351.8,49.30143398009477,The mobile banking service was convenient.,Neutral,0.0,Digital Banking,0,0,1,0.0
2025-05,1045,Branch 1045,Central,11572,1051,8270999,5386009,909323,588952,30,109002,111,4.5,320371,35.23181531754943,65.11920748630244,0.9592118907708261,30310.766666666666,385.73333333333335,54.601252499544344,The account service was not satisfactory.,Neutral,0.0,Account Service,0,0,1,0.0
2025-05,1046,Branch 1046,North,11429,650,6828141,4424161,889130,585123,30,90197,193,4.2,304007,34.19151305208462,64.79305275037525,1.6886866742497157,29637.666666666668,380.96666666666664,52.844549452560685,The staff was very helpful and friendly.,Positive,0.2875,Staff Service,1,0,0,0.0
2025-05,1047,Branch 1047,South,9399,878,7189207,4008335,786106,636565,26,87601,121,4.3,149541,19.023007075381692,55.75489758467103,1.2873709969145652,30234.846153846152,361.5,47.3601869763111,The waiting time was too long.,Negative,-0.05,Waiting Time,0,1,0,100.0
2025-05,1048,Branch 1048,East,11716,590,8221665,5642766,1104496,916209,36,104570,110,4.0,188287,17.047322941866696,68.63288640439619,0.9388869921474906,30680.444444444445,325.44444444444446,44.58494544017098,Excellent service and quick response.,Positive,0.6666666666666666,Service Quality,1,0,0,0.0
2025-05,1049,Branch 1049,West,10091,608,5867565,4453771,820071,659059,30,75035,62,4.6,161012,19.63390974683899,75.90492819423389,0.6144088791992866,27335.7,336.3666666666667,46.17508483826499,The ATM was not working properly.,Neutral,0.0,ATM Issue,0,0,1,0.0
2025-05,1050,Branch 1050,Central,10875,793,6240757,3431664,751141,595062,36,80237,135,4.1,156079,20.778921667170344,54.98794457146785,1.2413793103448276,20865.027777777777,302.0833333333333,40.784731544951676,The loan process was very slow.,Negative,-0.39000000000000007,Loan Process,0,1,0,100.0
2025-05,1051,Branch 1051,North,10362,979,7845216,5212996,1076380,847574,29,99595,78,4.3,228806,21.256991025474274,66.4480875988628,0.7527504342790967,37116.55172413793,357.3103448275862,51.14048110361644,The mobile banking service was convenient.,Neutral,0.0,Digital Banking,0,0,1,0.0
2025-05,1052,Branch 1052,South,9540,602,5818938,3959366,788482,522614,25,80772,66,4.5,265868,33.71896885407657,68.0427596925762,0.6918238993710693,31539.28,381.6,54.47666916641136,The account service was not satisfactory.,Neutral,0.0,Account Service,0,0,1,0.0
2025-05,1053,Branch 1053,East,9829,504,7486275,4711542,953213,757004,32,92858,169,4.1,196209,20.583961821754425,62.935732390274204,1.719401770271645,29787.90625,307.15625,45.008759828037384,The staff was very helpful and friendly.,Positive,0.2875,Staff Service,1,0,0,0.0
2025-05,1054,Branch 1054,West,10731,949,6739514,4094106,890960,581502,29,102956,87,4.4,309458,34.73309688425967,60.747792793367594,0.8107352530053118,30722.758620689656,370.0344827586207,53.711369824641835,The waiting time was too long.,Negative,-0.05,Waiting Time,0,1,0,100.0
2025-05,1055,Branch 1055,Central,9460,721,6289663,3718361,833190,547579,27,71026,115,4.2,285611,34.27921602515633,59.11860460568397,1.215644820295983,30858.88888888889,350.3703703703704,52.2578332121408,Excellent service and quick response.,Positive,0.6666666666666666,Service Quality,1,0,0,0.0
2025-05,1056,Branch 1056,North,13018,920,9582756,7191921,1043775,649895,36,95366,192,4.5,393880,37.736102129290316,75.05065348632482,1.4748809340912583,28993.75,361.6111111111111,53.94420105476001,The ATM was not working properly.,Neutral,0.0,ATM Issue,0,0,1,0.0
2025-05,1057,Branch 1057,South,12917,1171,8198659,4608564,886968,556577,40,102203,157,4.3,330391,37.24948363413336,56.21119258649494,1.2154525044514979,22174.2,322.925,48.553057886727856,The loan process was very slow.,Negative,-0.39000000000000007,Loan Process,0,1,0,100.0
2025-05,1058,Branch 1058,East,9109,532,6001912,4062963,730354,489476,29,63017,118,4.2,240878,32.98099277884423,67.6944780263356,1.2954221100010979,25184.620689655174,314.1034482758621,47.80163576721197,The mobile banking service was convenient.,Neutral,0.0,Digital Banking,0,0,1,0.0
2025-05,1059,Branch 1059,West,9440,601,5822140,3328905,789072,617923,28,74040,94,4.3,171149,21.68990915911349,57.17665669324338,0.9957627118644067,28181.14285714286,337.14285714285717,46.41275640516728,The account service was not satisfactory.,Neutral,0.0,Account Service,0,0,1,0.0
2025-05,1060,Branch 1060,Central,11125,673,7300942,4698624,872742,719489,34,100200,72,4.2,153253,17.559943259290833,64.356407707389,0.647191011235955,25668.882352941175,327.20588235294116,43.13113619983961,The staff was very helpful and friendly.,Positive,0.2875,Staff Service,1,0,0,0.0
2025-05,1061,Branch 1061,North,12200,756,9112077,6128995,1105413,822478,41,94267,219,4.1,282935,25.59541094595414,67.26232669017173,1.7950819672131149,26961.29268292683,297.5609756097561,45.095457546064374,The waiting time was too long.,Negative,-0.05,Waiting Time,0,1,0,100.0
2025-05,1062,Branch 1062,South,11361,758,6347815,4699669,722118,485814,35,90535,180,4.4,236304,32.72373767168247,74.03601081632026,1.5843675732770002,20631.942857142858,324.6,46.62541874026616,Excellent service and quick response.,Positive,0.6666666666666666,Service Quality,1,0,0,0.0
2025-05,1063,Branch 1063,East,9662,599,6990573,4320951,777855,527646,29,87510,109,4.4,250209,32.16653489403552,61.81111333791951,1.1281308217760297,26822.58620689655,333.17241379310343,49.60291088308082,The ATM was not working properly.,Neutral,0.0,ATM Issue,0,0,1,0.0
2025-05,1064,Branch 1064,West,9296,600,6984162,4634120,866497,622059,31,62824,177,4.4,244438,28.20990724722648,66.3518400632746,1.9040447504302924,27951.516129032258,299.8709677419355,47.454139091521526,The loan process was very slow.,Negative,-0.39000000000000007,Loan Process,0,1,0,100.0
2025-05,1065,Branch 1065,Central,9326,577,5473732,4057825,630656,404022,26,86258,167,4.0,226634,35.93623147960219,74.13269411070911,1.7906926871113018,24256.0,358.6923076923077,49.52652399851134,The mobile banking service was convenient.,Neutral,0.0,Digital Banking,0,0,1,0.0
2025-05,1066,Branch 1066,North,10031,518,6262560,4281528,822190,685134,31,91733,190,4.4,137056,16.66962624210949,68.36705756112516,1.8941282025720267,26522.25806451613,323.5806451612903,43.67175889107712,The account service was not satisfactory.,Neutral,0.0,Account Service,0,0,1,0.0
2025-05,1067,Branch 1067,South,9656,904,5906264,3244534,758385,547126,32,83259,156,4.1,211259,27.8564317595944,54.93377878130744,1.6155758077879039,23699.53125,301.75,44.550483228549965,The staff was very helpful and friendly.,Positive,0.2875,Staff Service,1,0,0,0.0
2025-05,1068,Branch 1068,East,10266,639,6131850,3199454,659994,468281,34,87702,118,4.3,191713,29.047688312317995,52.17762991593076,1.1494252873563218,19411.58823529412,301.94117647058823,43.60598121656979,The waiting time was too long.,Negative,-0.05,Waiting Time,0,1,0,100.0
2025-05,1069,Branch 1069,West,10827,665,6504969,4461055,694893,558575,28,80175,106,4.4,136318,19.61712090926229,68.57918923210856,0.9790338967396324,24817.60714285714,386.67857142857144,46.350329873513246,Excellent service and quick response.,Positive,0.6666666666666666,Service Quality,1,0,0,0.0
2025-05,1070,Branch 1070,Central,11804,834,8131954,5978012,1163407,805074,33,90187,74,4.4,358333,30.8003132179882,73.51261455733763,0.626906133514063,35254.757575757576,357.6969696969697,53.940690917022394,The ATM was not working properly.,Neutral,0.0,ATM Issue,0,0,1,0.0
2025-05,1071,Branch 1071,North,9002,447,6824231,4302894,921368,620412,28,80937,78,4.3,300956,32.6640386902953,63.05317038652414,0.8664741168629194,32906.0,321.5,51.82077277998067,The loan process was very slow.,Negative,-0.39000000000000007,Loan Process,0,1,0,100.0
2025-05,1072,Branch 1072,South,9200,514,5770569,3654359,762027,493431,25,65760,80,4.3,268596,35.24756996799326,63.32753321206279,0.8695652173913043,30481.08,368.0,53.402129611557434,The mobile banking service was convenient.,Neutral,0.0,Digital Banking,0,0,1,0.0
2025-05,1073,Branch 1073,East,10206,875,7798650,5886834,832630,553969,27,81152,104,4.2,278661,33.46756662623254,75.48529553191898,1.019008426415834,30838.14814814815,378.0,53.028133776911176,The account service was not satisfactory.,Neutral,0.0,Account Service,0,0,1,0.0
2025-05,1074,Branch 1074,West,10955,782,8266498,5693961,1184147,773884,33,81443,120,4.1,410263,34.64628969207371,68.87996585736789,1.0953902327704246,35883.242424242424,331.969696969697,53.68470148032493,The staff was very helpful and friendly.,Positive,0.2875,Staff Service,1,0,0,0.0
2025-05,1075,Branch 1075,Central,11811,889,6988779,4138701,786940,633650,36,116791,129,4.3,153290,19.479248735608813,59.21922842316233,1.0922021844043688,21859.444444444445,328.0833333333333,42.38758182800331,The waiting time was too long.,Negative,-0.05,Waiting Time,0,1,0,100.0
2025-05,1076,Branch 1076,North,9471,461,6630092,3597104,685897,493961,29,92411,108,4.1,191936,27.983210307086924,54.254209443850854,1.1403230915426037,23651.620689655174,326.58620689655174,45.52919561733094,Excellent service and quick response.,Positive,0.6666666666666666,Service Quality,1,0,0,0.0
2025-05,1077,Branch 1077,South,9352,833,5582149,3671033,773605,638859,29,85538,171,4.2,134746,17.417932924425255,65.763794552958,1.8284858853721129,26676.03448275862,322.48275862068965,43.36199746598657,The ATM was not working properly.,Neutral,0.0,ATM Issue,0,0,1,0.0
2025-05,1078,Branch 1078,East,10721,879,7641354,4135092,902448,735203,33,88566,99,4.3,167245,18.53236973210645,54.11465036170291,0.9234213226378136,27346.909090909092,324.8787878787879,44.45234253191819,The loan process was very slow.,Negative,-0.39000000000000007,Loan Process,0,1,0,100.0
2025-05,1079,Branch 1079,West,10317,555,6507857,3805652,764182,534500,30,72502,149,4.2,229682,30.0559290849562,58.47780613495349,1.4442182805078996,25472.733333333334,343.9,48.057490004928304,The mobile banking service was convenient.,Neutral,0.0,Digital Banking,0,0,1,0.0
2025-05,1080,Branch 1080,Central,11188,808,6461875,5022271,864506,656039,33,105895,165,4.3,208467,24.114002678986612,77.72157462036947,1.4747944225956382,26197.151515151516,339.030303030303,46.42291981872034,The account service was not satisfactory.,Neutral,0.0,Account Service,0,0,1,0.0
2025-05,1081,Branch 1081,North,9692,879,6640191,3464580,674548,478862,29,71599,65,4.2,195686,29.00994443686735,52.17590879539459,0.6706562113082956,23260.275862068964,334.2068965517241,46.30230785347469,The staff was very helpful and friendly.,Positive,0.2875,Staff Service,1,0,0,0.0
2025-05,1082,Branch 1082,South,8772,550,4779080,3089756,504968,395180,27,61631,158,4.2,109788,21.741575703806973,64.65169028348552,1.8011855905152758,18702.51851851852,324.8888888888889,41.30689338567086,The waiting time was too long.,Negative,-0.05,Waiting Time,0,1,0,100.0
2025-05,1083,Branch 1083,East,10857,710,7412998,5050129,864026,628267,29,65206,70,4.2,235759,27.286100186799935,68.12532527325652,0.6447453255963894,29794.0,374.37931034482756,50.2457837753786,Excellent service and quick response.,Positive,0.6666666666666666,Service Quality,1,0,0,0.0
2025-05,1084,Branch 1084,West,10516,730,6126360,3449691,700697,531091,34,95891,69,4.3,169606,24.205326981562646,56.30898282177345,0.6561430201597566,20608.735294117647,309.29411764705884,42.74395406361372,The ATM was not working properly.,Neutral,0.0,ATM Issue,0,0,1,0.0
2025-05,1085,Branch 1085,Central,12070,552,8282251,5187830,956419,750344,37,113268,153,4.2,206075,21.54651883745513,62.637922951139736,1.267605633802817,25849.162162162163,326.2162162162162,44.57110499725742,The loan process was very slow.,Negative,-0.39000000000000007,Loan Process,0,1,0,100.0
2025-05,1086,Branch 1086,North,10478,486,7844804,4199694,1070121,670229,35,75352,65,4.4,399892,37.36885828798799,53.53472183626258,0.620347394540943,30574.885714285716,299.37142857142857,51.845053381369496,The mobile banking service was convenient.,Neutral,0.0,Digital Banking,0,0,1,0.0
2025-05,1087,Branch 1087,South,10170,965,5974644,4152994,597150,467875,28,87646,122,4.2,129275,21.648664489659215,69.51031726743886,1.19960668633235,21326.785714285714,363.2142857142857,43.95505316574872,The account service was not satisfactory.,Neutral,0.0,Account Service,0,0,1,0.0
2025-05,1088,Branch 1088,East,10500,892,8030730,4449401,934058,637552,29,99393,114,4.3,296506,31.74385316543512,55.404689237466584,1.0857142857142856,32208.896551724138,362.0689655172414,52.740774136604664,The staff was very helpful and friendly.,Positive,0.2875,Staff Service,1,0,0,0.0
2025-05,1089,Branch 1089,West,12456,999,8872543,5215034,874584,602335,39,124017,103,4.3,272249,31.128971030798642,58.77721866211299,0.8269107257546563,22425.23076923077,319.38461538461536,46.38981357726788,The waiting time was too long.,Negative,-0.05,Waiting Time,0,1,0,100.0
2025-05,1090,Branch 1090,Central,10752,953,7568617,5356317,1027486,700242,34,79407,169,4.2,327244,31.84899842917568,70.77008917216976,1.5718005952380951,30220.176470588234,316.2352941176471,49.799594763795604,Excellent service and quick response.,Positive,0.6666666666666666,Service Quality,1,0,0,0.0
2025-05,1091,Branch 1091,North,10881,650,5900195,4445370,704497,476354,29,105932,201,4.3,228143,32.38381426748446,75.34276409508499,1.8472566859663635,24293.0,375.2068965517241,49.836073896653,The ATM was not working properly.,Neutral,0.0,ATM Issue,0,0,1,0.0
2025-05,1092,Branch 1092,South,11050,1047,6451899,3464160,859549,714666,37,109691,210,4.4,144883,16.855699907742316,53.69209902386879,1.9004524886877827,23231.054054054053,298.64864864864865,41.26570640387174,The loan process was very slow.,Negative,-0.39000000000000007,Loan Process,0,1,0,100.0
2025-05,1093,Branch 1093,East,9782,598,6675086,4126755,802215,653168,32,61690,193,3.9,149047,18.57943319434316,61.823248419570916,1.9730116540584746,25069.21875,305.6875,41.48404046458802,The mobile banking service was convenient.,Neutral,0.0,Digital Banking,0,0,1,0.0
2025-05,1094,Branch 1094,West,10731,536,7107413,4457817,971125,729901,34,77061,113,4.4,241224,24.839644741923028,62.72066925054165,1.0530239493057496,28562.5,315.61764705882354,47.16141808164648,The account service was not satisfactory.,Neutral,0.0,Account Service,0,0,1,0.0
2025-05,1095,Branch 1095,Central,10469,493,7080851,3799287,911358,756296,33,94682,115,4.1,155062,17.01438951542643,53.65579645723374,1.098481230298978,27616.909090909092,317.24242424242425,43.150975313524455,The staff was very helpful and friendly.,Positive,0.2875,Staff Service,1,0,0,0.0
2025-05,1096,Branch 1096,North,12194,958,9037777,6584069,1193745,842026,33,94159,133,4.5,351719,29.46349513505816,72.85053614400975,1.0907003444316876,36174.09090909091,369.5151515151515,54.64998376045719,The waiting time was too long.,Negative,-0.05,Waiting Time,0,1,0,100.0
2025-05,1097,Branch 1097,South,10362,497,7644788,4645176,941563,745098,29,101864,99,4.1,196465,20.865836911603367,60.76265293426057,0.9554140127388535,32467.689655172413,357.3103448275862,48.26905846248634,Excellent service and quick response.,Positive,0.6666666666666666,Service Quality,1,0,0,0.0
2025-05,1098,Branch 1098,East,8689,649,6272054,3612709,712129,464439,27,80330,109,4.3,247690,34.781619622287536,57.60009400429269,1.2544596616411556,26375.14814814815,321.81481481481484,49.57541654933516,The ATM was not working properly.,Neutral,0.0,ATM Issue,0,0,1,0.0
2025-05,1099,Branch 1099,West,12570,711,9029349,6899143,1045344,843595,37,119335,204,4.3,201749,19.299771175804327,76.40797802809483,1.6229116945107398,28252.54054054054,339.72972972972974,45.70859985359388,The loan process was very slow.,Negative,-0.39000000000000007,Loan Process,0,1,0,100.0
2025-05,1100,Branch 1100,Central,12977,971,9581439,5194430,984362,691510,34,93136,217,4.0,292852,29.750437339108988,54.213464177979944,1.6721892579178548,28951.823529411766,381.6764705882353,50.40260057501588,The mobile banking service was convenient.,Neutral,0.0,Digital Banking,0,0,1,0.0
2025-06,1001,Branch 1001,North,11316,637,6660231,4456039,796452,540810,31,96889,121,4.4,255642,32.09760286872279,66.9051719077011,1.0692824319547543,25692.0,365.03225806451616,50.28646628157346,The account service was not satisfactory.,Neutral,0.0,Account Service,0,0,1,0.0
2025-06,1002,Branch 1002,South,9706,618,6191699,4267779,726773,578901,32,90640,158,4.0,147872,20.346380506705668,68.92743009632736,1.6278590562538637,22711.65625,303.3125,41.22854913566113,The staff was very helpful and friendly.,Positive,0.2875,Staff Service,1,0,0,0.0
2025-06,1003,Branch 1003,East,11016,561,8244830,6132175,992774,621580,30,66572,139,4.2,371194,37.38957708400905,74.37600290121203,1.2618010167029774,33092.46666666667,367.2,55.02004210295256,The waiting time was too long.,Negative,-0.05,Waiting Time,0,1,0,100.0
2025-06,1004,Branch 1004,West,10548,626,6182579,3892107,702852,572001,35,102787,185,4.0,130851,18.617148418159157,62.95280658767158,1.7538869927948424,20081.485714285714,301.37142857142857,39.340936173203175,Excellent service and quick response.,Positive,0.6666666666666666,Service Quality,1,0,0,0.0
2025-06,1005,Branch 1005,Central,10360,766,6768703,4340046,826490,623920,30,94997,118,4.3,202570,24.509673438275115,64.1193150297775,1.138996138996139,27549.666666666668,345.3333333333333,47.42511328988739,The ATM was not working properly.,Neutral,0.0,ATM Issue,0,0,1,0.0
2025-06,1006,Branch 1006,North,12649,1082,8728960,4753779,1204441,759022,34,88733,139,4.2,445419,36.98138804640493,54.45985546960921,1.098901098901099,35424.73529411765,372.02941176470586,56.13399426445704,The loan process was very slow.,Negative,-0.39000000000000007,Loan Process,0,1,0,100.0
2025-06,1007,Branch 1007,South,8748,497,6208478,3638951,816429,670756,24,84317,77,4.3,145673,17.84270279473169,58.61261004710011,0.8802011888431641,34017.875,364.5,48.79957042574955,The mobile banking service was convenient.,Neutral,0.0,Digital Banking,0,0,1,0.0
2025-06,1008,Branch 1008,East,8514,808,5478972,2994624,581773,478752,23,80799,88,4.3,103021,17.708109520379942,54.656676471425655,1.03359173126615,25294.478260869564,370.17391304347825,44.96560557135696,The account service was not satisfactory.,Neutral,0.0,Account Service,0,0,1,0.0
2025-06,1009,Branch 1009,West,9594,747,6177664,4458178,628099,447897,27,58651,127,4.4,180202,28.690063190675357,72.16608090048278,1.323744006670836,23262.925925925927,355.3333333333333,47.60505649768723,The staff was very helpful and friendly.,Positive,0.2875,Staff Service,1,0,0,0.0
2025-06,1010,Branch 1010,Central,9340,851,5903115,3454903,630618,433995,26,62592,58,4.5,196623,31.179414479129996,58.526777811375865,0.6209850107066381,24254.53846153846,359.2307692307692,49.38170087617813,The waiting time was too long.,Negative,-0.05,Waiting Time,0,1,0,100.0
2025-06,1011,Branch 1011,North,13097,999,8424882,5231376,978651,615255,43,99899,177,4.1,363396,37.132338290156554,62.09435336898487,1.3514545315721156,22759.325581395347,304.5813953488372,47.474381496582446,Excellent service and quick response.,Positive,0.6666666666666666,Service Quality,1,0,0,0.0
2025-06,1012,Branch 1012,South,9581,555,7209277,4896258,850519,660300,27,88682,128,4.3,190219,22.365050045913144,67.91607535679375,1.3359774553804404,31500.703703703704,354.85185185185185,48.85512654008151,The ATM was not working properly.,Neutral,0.0,ATM Issue,0,0,1,0.0
2025-06,1013,Branch 1013,East,8690,434,5267281,3598638,749039,606756,24,73446,128,4.0,142283,18.995406113700355,68.32060032491147,1.4729574223245108,31209.958333333332,362.0833333333333,46.920709787280174,The loan process was very slow.,Negative,-0.39000000000000007,Loan Process,0,1,0,100.0
2025-06,1014,Branch 1014,West,9361,713,5325020,3381196,741070,593049,30,79416,97,4.5,148021,19.973956576301834,63.49640001352107,1.0362140796923407,24702.333333333332,312.03333333333336,43.84802008427103,The mobile banking service was convenient.,Neutral,0.0,Digital Banking,0,0,1,0.0
2025-06,1015,Branch 1015,Central,10527,659,7696416,4952215,1037131,843186,31,93377,92,4.1,193945,18.70014491901216,64.34442992686465,0.87394319369241,33455.83870967742,339.5806451612903,47.28207732664327,The account service was not satisfactory.,Neutral,0.0,Account Service,0,0,1,0.0
2025-06,1016,Branch 1016,North,8747,787,5948448,3578893,594075,395375,24,62115,145,4.1,198700,33.446955350755374,60.16515568430623,1.657711215273808,24753.125,364.4583333333333,49.405557040177285,The staff was very helpful and friendly.,Positive,0.2875,Staff Service,1,0,0,0.0
2025-06,1017,Branch 1017,South,10712,768,6322396,3806473,845775,638175,29,69996,119,4.4,207600,24.5455351600603,60.206178164101075,1.1109036594473487,29164.655172413793,369.37931034482756,49.40509420370045,The waiting time was too long.,Negative,-0.05,Waiting Time,0,1,0,100.0
2025-06,1018,Branch 1018,East,9682,540,6273878,3783235,702040,578423,32,63723,191,4.1,123617,17.60825593983249,60.30137978456068,1.9727329064242924,21938.75,302.5625,40.186447334429175,Excellent service and quick response.,Positive,0.6666666666666666,Service Quality,1,0,0,0.0
2025-06,1019,Branch 1019,West,9721,496,6120936,4332280,735630,499576,31,65012,158,4.0,236054,32.088685888286236,70.77806400851112,1.6253471865034463,23730.0,313.5806451612903,46.201310291532366,The ATM was not working properly.,Neutral,0.0,ATM Issue,0,0,1,0.0
2025-06,1020,Branch 1020,Central,9636,560,5900456,4312819,690511,469044,27,95698,105,4.1,221467,32.072914117226226,73.09297789865732,1.0896637608966375,25574.48148148148,356.8888888888889,49.010299821964885,The loan process was very slow.,Negative,-0.39000000000000007,Loan Process,0,1,0,100.0
2025-06,1021,Branch 1021,North,11845,704,7848626,5075497,822560,666157,33,114062,175,4.3,156403,19.014175257731956,64.6673315813494,1.47741663149008,24926.060606060608,358.93939393939394,44.8209759906522,The mobile banking service was convenient.,Neutral,0.0,Digital Banking,0,0,1,0.0
2025-06,1022,Branch 1022,South,8960,789,6364112,3742013,886151,654215,29,65799,167,4.1,231936,26.17341739726074,58.79866664822995,1.8638392857142856,30556.931034482757,308.9655172413793,47.387833243097525,The account service was not satisfactory.,Neutral,0.0,Account Service,0,0,1,0.0
2025-06,1023,Branch 1023,East,9776,590,7059580,4142982,745717,619013,32,81418,108,4.3,126704,16.990896010148624,58.68595582173444,1.104746317512275,23303.65625,305.5,41.310176990476435,The staff was very helpful and friendly.,Positive,0.2875,Staff Service,1,0,0,0.0
2025-06,1024,Branch 1024,West,9349,645,5140459,3838338,558066,449585,26,91318,182,4.0,108481,19.438740220690743,74.66916864816936,1.946732270831105,21464.076923076922,359.5769230769231,42.50455719258573,The waiting time was too long.,Negative,-0.05,Waiting Time,0,1,0,100.0
2025-06,1025,Branch 1025,Central,8968,586,5224568,3387153,707152,464193,24,86166,102,4.1,242959,34.357394167024914,64.83125494777751,1.1373773416592328,29464.666666666668,373.6666666666667,52.24208280249645,Excellent service and quick response.,Positive,0.6666666666666666,Service Quality,1,0,0,0.0
2025-06,1026,Branch 1026,North,11334,1007,7027444,4712398,870386,650674,37,80487,116,4.4,219712,25.243053082195715,67.05706939820509,1.0234692076936651,23523.945945945947,306.3243243243243,44.631318946136645,The ATM was not working properly.,Neutral,0.0,ATM Issue,0,0,1,0.0
2025-06,1027,Branch 1027,South,10065,911,6995257,4060625,864745,698152,30,68430,80,4.3,166593,19.26498563160238,58.04826041416348,0.7948335817188277,28824.833333333332,335.5,45.79632325263673,The loan process was very slow.,Negative,-0.39000000000000007,Loan Process,0,1,0,100.0
2025-06,1028,Branch 1028,East,11749,639,8839947,6267760,1048427,687523,33,77349,114,4.3,360904,34.42337902400453,70.90268753873751,0.9702953442846199,31770.515151515152,356.030303030303,53.244802445038616,The mobile banking service was convenient.,Neutral,0.0,Digital Banking,0,0,1,0.0
2025-06,1029,Branch 1029,West,12864,738,9520722,6174067,1091911,750054,43,77964,97,4.4,341857,31.308137751153716,64.84872680874413,0.754042288557214,25393.279069767443,299.16279069767444,47.33663977650225,The account service was not satisfactory.,Neutral,0.0,Account Service,0,0,1,0.0
2025-06,1030,Branch 1030,Central,9897,777,7570326,5110805,948147,755874,30,84929,142,4.2,192273,20.278817525130595,67.5110292476176,1.4347782156208952,31604.9,329.9,46.91199577853175,The staff was very helpful and friendly.,Positive,0.2875,Staff Service,1,0,0,0.0
2025-06,1031,Branch 1031,North,11768,988,7290400,4649000,796780,520702,36,83911,187,4.3,276078,34.649213082657695,63.76879183583891,1.5890550645819173,22132.777777777777,326.8888888888889,47.776576941517725,The waiting time was too long.,Negative,-0.05,Waiting Time,0,1,0,100.0
2025-06,1032,Branch 1032,South,11314,1003,8538677,6081862,1039388,761305,33,91965,223,4.0,278083,26.754493990694524,71.22721705013552,1.9710093689234578,31496.60606060606,342.8484848484849,49.02735126835016,Excellent service and quick response.,Positive,0.6666666666666666,Service Quality,1,0,0,0.0
2025-06,1033,Branch 1033,East,9185,822,6611419,4713163,912105,579239,24,57773,80,4.4,332866,36.49426327012789,71.28822118216982,0.8709853021230267,38004.375,382.7083333333333,58.15913905482222,The ATM was not working properly.,Neutral,0.0,ATM Issue,0,0,1,0.0
2025-06,1034,Branch 1034,West,10449,530,7812793,4413098,989770,736714,35,71257,138,4.3,253056,25.567151964597834,56.48553596645911,1.320700545506747,28279.14285714286,298.54285714285714,46.32846415112769,The loan process was very slow.,Negative,-0.39000000000000007,Loan Process,0,1,0,100.0
2025-06,1035,Branch 1035,Central,9310,517,6320735,3767413,704647,590213,30,79401,90,4.4,114434,16.239904519567954,59.60403339168625,0.966702470461869,23488.233333333334,310.3333333333333,41.618189642747375,The mobile banking service was convenient.,Neutral,0.0,Digital Banking,0,0,1,0.0
2025-06,1036,Branch 1036,North,9399,765,5451434,3980303,774341,499788,27,72216,157,4.2,274553,35.456342877362815,73.01387121260204,1.670390467070965,28679.296296296296,348.1111111111111,51.582076052871926,The account service was not satisfactory.,Neutral,0.0,Account Service,0,0,1,0.0
2025-06,1037,Branch 1037,South,11751,779,7667606,4787015,999739,814419,32,73155,76,4.0,185320,18.53683811474795,62.431676849332106,0.6467534677899753,31241.84375,367.21875,46.9725944501876,The staff was very helpful and friendly.,Positive,0.2875,Staff Service,1,0,0,0.0
2025-06,1038,Branch 1038,East,10908,836,7588165,3951072,952435,736560,30,105856,147,4.2,215875,22.665588727839694,52.06887304111073,1.3476347634763475,31747.833333333332,363.6,49.110638737819116,The waiting time was too long.,Negative,-0.05,Waiting Time,0,1,0,100.0
2025-06,1039,Branch 1039,West,9215,794,7077877,5009133,819378,577506,28,86560,172,4.0,241872,29.518976589559397,70.77168761197743,1.8665219750406945,29263.5,329.10714285714283,48.44047122600206,Excellent service and quick response.,Positive,0.6666666666666666,Service Quality,1,0,0,0.0
2025-06,1040,Branch 1040,Central,10814,953,8221772,6230367,953807,692074,30,106103,186,4.0,261733,27.440876403716896,75.7788831896579,1.7199926021823562,31793.566666666666,360.46666666666664,50.08233632182732,The ATM was not working properly.,Neutral,0.0,ATM Issue,0,0,1,0.0
2025-06,1041,Branch 1041,North,12036,767,8266456,5721153,1188797,916577,37,91719,83,4.6,272220,22.898779186017464,69.20925968758559,0.6895978730475241,32129.64864864865,325.2972972972973,49.09268924822668,The loan process was very slow.,Negative,-0.39000000000000007,Loan Process,0,1,0,100.0
2025-06,1042,Branch 1042,South,9976,855,6118737,4150748,827945,530143,26,80252,153,4.3,297802,35.96881435361045,67.83667936700009,1.533680834001604,31844.03846153846,383.6923076923077,54.88461050205702,The mobile banking service was convenient.,Neutral,0.0,Digital Banking,0,0,1,0.0
2025-06,1043,Branch 1043,East,10340,536,7634993,4614971,981919,709663,30,64549,203,4.0,272256,27.726930632771136,60.44499320431596,1.9632495164410058,32730.633333333335,344.6666666666667,50.00431658015394,The account service was not satisfactory.,Neutral,0.0,Account Service,0,0,1,0.0
2025-06,1044,Branch 1044,West,11630,968,8482171,5827924,942516,765682,35,99932,143,4.1,176834,18.761909612144514,68.70792866590405,1.2295786758383491,26929.02857142857,332.2857142857143,44.026021829323504,The staff was very helpful and friendly.,Positive,0.2875,Staff Service,1,0,0,0.0
2025-06,1045,Branch 1045,Central,11275,732,6515433,3615223,739873,476743,36,74041,95,3.9,263130,35.56421169579104,55.48707200273566,0.8425720620842573,20552.027777777777,313.19444444444446,45.64371173032238,The waiting time was too long.,Negative,-0.05,Waiting Time,0,1,0,100.0
2025-06,1046,Branch 1046,North,11182,787,8103076,5006453,839189,608972,34,95067,101,4.2,230217,27.433271885117655,61.78459883629377,0.9032373457342157,24682.029411764706,328.88235294117646,46.19824286986956,Excellent service and quick response.,Positive,0.6666666666666666,Service Quality,1,0,0,0.0
2025-06,1047,Branch 1047,South,8872,750,5477961,3714130,627152,401619,29,74105,71,4.5,225533,35.96145750950328,67.80132242635534,0.8002705139765554,21625.931034482757,305.9310344827586,47.79614558925741,The ATM was not working properly.,Neutral,0.0,ATM Issue,0,0,1,0.0
2025-06,1048,Branch 1048,East,11789,1008,7847521,4620765,1054998,655521,32,99955,168,4.3,399477,37.86519026576354,58.88184306865825,1.4250572567647808,32968.6875,368.40625,55.47612129924136,The loan process was very slow.,Negative,-0.39000000000000007,Loan Process,0,1,0,100.0
2025-06,1049,Branch 1049,West,9681,585,5451716,3863847,655051,536941,28,95442,132,4.3,118110,18.03065715493908,70.87395968535411,1.363495506662535,23394.678571428572,345.75,43.265744535818534,The mobile banking service was convenient.,Neutral,0.0,Digital Banking,0,0,1,0.0
2025-06,1050,Branch 1050,Central,10700,562,7691814,5954505,905147,614446,34,64322,175,4.1,290701,32.1164407549271,77.41353340057366,1.6355140186915886,26621.970588235294,314.70588235294116,47.882197016330565,The account service was not satisfactory.,Neutral,0.0,Account Service,0,0,1,0.0
2025-06,1051,Branch 1051,North,11022,768,6921866,4372205,867919,664146,32,104354,136,4.2,203773,23.478343025097963,63.16512050363298,1.2338958446742878,27122.46875,344.4375,46.53350552501492,The staff was very helpful and friendly.,Positive,0.2875,Staff Service,1,0,0,0.0
2025-06,1052,Branch 1052,South,9574,891,6472110,3747622,775885,515982,25,84179,111,4.0,259903,33.49761884815404,57.9041765359365,1.1593900146229372,31035.4,382.96,52.720208732378396,The waiting time was too long.,Negative,-0.05,Waiting Time,0,1,0,100.0
2025-06,1053,Branch 1053,East,9490,579,6876640,4684253,761013,596033,29,84233,83,4.3,164980,21.678998913290577,68.11833977058564,0.8746048472075869,26241.827586206895,327.2413793103448,45.137239542646256,Excellent service and quick response.,Positive,0.6666666666666666,Service Quality,1,0,0,0.0
2025-06,1054,Branch 1054,West,10633,966,7305572,4295792,892504,664025,29,95610,185,4.3,228479,25.599773222304883,58.8015832298963,1.73986645349384,30776.0,366.6551724137931,50.10902920839881,The ATM was not working properly.,Neutral,0.0,ATM Issue,0,0,1,0.0
2025-06,1055,Branch 1055,Central,9397,811,6194247,4184994,767206,479700,30,76123,120,4.3,287506,37.47442016876823,67.56259477544245,1.277003298925189,25573.533333333333,313.23333333333335,49.819399595294065,The loan process was very slow.,Negative,-0.39000000000000007,Loan Process,0,1,0,100.0
2025-06,1056,Branch 1056,North,12909,1137,9228319,5449145,1217632,862708,43,108255,154,4.3,354924,29.148708312527923,59.04807798690097,1.192966147648927,28317.023255813954,300.2093023255814,47.663569408057676,The mobile banking service was convenient.,Neutral,0.0,Digital Banking,0,0,1,0.0
2025-06,1057,Branch 1057,South,11621,1018,7446958,5461782,789864,614048,36,97052,109,4.2,175816,22.259021806285638,73.34245741684055,0.9379571465450478,21940.666666666668,322.80555555555554,42.894570430697314,The account service was not satisfactory.,Neutral,0.0,Account Service,0,0,1,0.0
2025-06,1058,Branch 1058,East,9700,693,7020047,4513458,814679,595258,31,82394,119,4.4,219421,26.93343022221022,64.29384304691978,1.2268041237113403,26279.967741935485,312.9032258064516,46.74170045893308,The staff was very helpful and friendly.,Positive,0.2875,Staff Service,1,0,0,0.0
2025-06,1059,Branch 1059,West,8944,830,4929899,2910660,582109,423017,25,58289,73,4.7,159092,27.330276632039702,59.040966153667654,0.8161896243291592,23284.36,357.76,48.13241336462619,The waiting time was too long.,Negative,-0.05,Waiting Time,0,1,0,100.0
2025-06,1060,Branch 1060,Central,10913,642,7358527,4714834,824619,662323,36,92174,83,4.2,162296,19.68133162102741,64.07306788437414,0.7605607990470081,22906.083333333332,303.1388888888889,41.67836792238967,Excellent service and quick response.,Positive,0.6666666666666666,Service Quality,1,0,0,0.0
2025-06,1061,Branch 1061,North,12815,1060,7835509,5378956,870472,703902,34,102299,207,4.2,166570,19.135595401115715,68.64845666056921,1.6152945766679674,25602.117647058825,376.9117647058824,45.56592419077177,The ATM was not working properly.,Neutral,0.0,ATM Issue,0,0,1,0.0
2025-06,1062,Branch 1062,South,11688,777,6975290,4996873,978339,614980,35,89498,86,4.1,363359,37.14039816464436,71.6367778257248,0.7357973990417522,27952.542857142857,333.9428571428571,50.99224762416661,The loan process was very slow.,Negative,-0.39000000000000007,Loan Process,0,1,0,100.0
2025-06,1063,Branch 1063,East,9674,669,6063497,3421477,821052,666471,26,88805,70,4.3,154581,18.827187559375044,56.427454322151064,0.723589001447178,31578.923076923078,372.0769230769231,48.31605410182768,The mobile banking service was convenient.,Neutral,0.0,Digital Banking,0,0,1,0.0
2025-06,1064,Branch 1064,West,9951,631,6950790,4167378,819596,613382,29,98448,163,4.2,206214,25.16044490212251,59.9554583004234,1.6380263290121595,28261.931034482757,343.13793103448273,47.595382801319715,The account service was not satisfactory.,Neutral,0.0,Account Service,0,0,1,0.0
2025-06,1065,Branch 1065,Central,9442,506,5509307,3423206,611553,465322,31,67503,166,4.1,146231,23.91141896123476,62.13496543213148,1.7581020970133445,19727.516129032258,304.5806451612903,41.45497965499231,The staff was very helpful and friendly.,Positive,0.2875,Staff Service,1,0,0,0.0
2025-06,1066,Branch 1066,North,10958,808,6629745,4267822,805918,613284,33,79492,171,4.4,192634,23.902431761047648,64.37384846626831,1.5605037415586787,24421.757575757576,332.06060606060606,45.5653265392534,The waiting time was too long.,Negative,-0.05,Waiting Time,0,1,0,100.0
2025-06,1067,Branch 1067,South,10193,883,7114619,4573746,902094,589910,29,68786,198,4.1,312184,34.606593104488006,64.28659075067829,1.9425095653880113,31106.689655172413,351.48275862068965,52.22902597225454,Excellent service and quick response.,Positive,0.6666666666666666,Service Quality,1,0,0,0.0
2025-06,1068,Branch 1068,East,9426,489,6268161,3606403,689196,490432,30,69769,148,3.9,198764,28.83998165978909,57.535264330319535,1.5701251856566942,22973.2,314.2,44.44062887234047,The ATM was not working properly.,Neutral,0.0,ATM Issue,0,0,1,0.0
2025-06,1069,Branch 1069,West,10488,852,7139351,3926392,857757,712664,35,99764,166,3.9,145093,16.915396784870307,54.9964835739271,1.5827612509534708,24507.342857142856,299.65714285714284,40.41143945463529,The loan process was very slow.,Negative,-0.39000000000000007,Loan Process,0,1,0,100.0
2025-06,1070,Branch 1070,Central,11327,523,6363766,3418625,720132,564174,37,87252,85,4.2,155958,21.65686290846678,53.72015564368646,0.7504193519908184,19463.027027027027,306.13513513513516,40.90430210169713,The mobile banking service was convenient.,Neutral,0.0,Digital Banking,0,0,1,0.0
2025-06,1071,Branch 1071,North,9188,845,6908639,4188651,917443,642413,27,91456,111,4.2,275030,29.977884184630543,60.629177468963135,1.2080975185023946,33979.37037037037,340.2962962962963,51.79722163819274,The account service was not satisfactory.,Neutral,0.0,Account Service,0,0,1,0.0
2025-06,1072,Branch 1072,South,8802,766,4920893,2685166,500817,345100,29,67721,60,4.1,155717,31.092594700259774,54.56664064835387,0.6816632583503749,17269.55172413793,303.51724137931035,42.798872936236755,The staff was very helpful and friendly.,Positive,0.2875,Staff Service,1,0,0,0.0
2025-06,1073,Branch 1073,East,10201,568,6520937,4790238,800636,517293,34,76894,188,4.2,283343,35.38974015657552,73.45935101044527,1.8429565728850115,23548.117647058825,300.02941176470586,47.35136719444182,The waiting time was too long.,Negative,-0.05,Waiting Time,0,1,0,100.0
2025-06,1074,Branch 1074,West,11394,640,8153574,6246163,951861,787120,36,102577,75,4.4,164741,17.307253895264118,76.60644276975962,0.6582411795681937,26440.583333333332,316.5,43.58478183556606,Excellent service and quick response.,Positive,0.6666666666666666,Service Quality,1,0,0,0.0
2025-06,1075,Branch 1075,Central,11140,978,7155414,4241118,981639,697196,33,96510,82,4.5,284443,28.976334477338412,59.27145515269976,0.7360861759425493,29746.636363636364,337.57575757575756,50.29846865920812,The ATM was not working properly.,Neutral,0.0,ATM Issue,0,0,1,0.0
2025-06,1076,Branch 1076,North,9803,634,5846332,4431533,808919,637111,28,84185,127,4.4,171808,21.239209364596455,75.8002282456761,1.2955217790472304,28889.964285714286,350.10714285714283,47.37966603966552,The loan process was very slow.,Negative,-0.39000000000000007,Loan Process,0,1,0,100.0
2025-06,1077,Branch 1077,South,9485,777,7265303,3948173,729569,572948,27,79214,188,4.0,156621,21.467606216821164,54.34285397319286,1.982076963626779,27021.074074074073,351.2962962962963,45.447295839164234,The mobile banking service was convenient.,Neutral,0.0,Digital Banking,0,0,1,0.0
2025-06,1078,Branch 1078,East,11083,671,7148955,4647067,765275,497324,30,87073,91,4.2,267951,35.01368788997419,65.00344455937966,0.8210773256338536,25509.166666666668,369.43333333333334,50.79261527775903,The account service was not satisfactory.,Neutral,0.0,Account Service,0,0,1,0.0
2025-06,1079,Branch 1079,West,11129,845,6634483,3919612,910870,732242,32,96884,153,4.3,178628,19.610701856466896,59.079388702932846,1.374786593584329,28464.6875,347.78125,46.224862793074706,The staff was very helpful and friendly.,Positive,0.2875,Staff Service,1,0,0,0.0
2025-06,1080,Branch 1080,Central,10443,965,5757203,3345578,755478,487363,34,64784,147,4.0,268115,35.48945171136684,58.111169607880775,1.407641482332663,22219.941176470587,307.1470588235294,46.45050649698622,The waiting time was too long.,Negative,-0.05,Waiting Time,0,1,0,100.0
2025-06,1081,Branch 1081,North,9574,751,6265291,4381973,697902,560056,26,77798,113,4.1,137846,19.75148373267307,69.94045448168329,1.1802799247963234,26842.384615384617,368.2307692307692,45.71668334163204,Excellent service and quick response.,Positive,0.6666666666666666,Service Quality,1,0,0,0.0
2025-06,1082,Branch 1082,South,9491,500,6759751,5114756,930753,604373,28,58167,110,4.2,326380,35.06623132023211,75.66485806947622,1.1589927299546938,33241.17857142857,338.9642857142857,53.187913243949765,The ATM was not working properly.,Neutral,0.0,ATM Issue,0,0,1,0.0
2025-06,1083,Branch 1083,East,10155,724,6966256,4165036,784661,547130,32,100749,72,4.3,237531,30.27179890424018,59.78873012992919,0.7090103397341212,24520.65625,317.34375,46.97332994459135,The loan process was very slow.,Negative,-0.39000000000000007,Loan Process,0,1,0,100.0
2025-06,1084,Branch 1084,West,11186,715,7155678,5327873,1005673,680422,37,76175,207,4.1,325251,32.34162595595188,74.45657839830132,1.8505274450205615,27180.35135135135,302.3243243243243,47.7406298328795,The mobile banking service was convenient.,Neutral,0.0,Digital Banking,0,0,1,0.0
2025-06,1085,Branch 1085,Central,11917,710,8053158,6273921,1174414,730654,34,74702,113,4.3,443760,37.78565310018443,77.90634431858906,0.9482252244692455,34541.58823529412,350.5,55.48098408093722,The account service was not satisfactory.,Neutral,0.0,Account Service,0,0,1,0.0
2025-06,1086,Branch 1086,North,10322,899,6178072,4144229,856951,617670,34,72643,108,3.9,239281,27.922366623062462,67.07964879658249,1.0463088548730868,25204.441176470587,303.5882352941176,44.73532049527765,The staff was very helpful and friendly.,Positive,0.2875,Staff Service,1,0,0,0.0
2025-06,1087,Branch 1087,South,10356,709,7760459,5496613,964774,677819,28,88043,106,4.4,286955,29.7432352032704,70.82845228613411,1.0235612205484743,34456.21428571428,369.85714285714283,53.67230071679284,The waiting time was too long.,Negative,-0.05,Waiting Time,0,1,0,100.0
2025-06,1088,Branch 1088,East,10536,661,8098464,5178959,1130309,888969,29,88467,75,4.4,241340,21.351683477703883,63.94989222647652,0.7118451025056948,38976.1724137931,363.3103448275862,52.5585005623696,Excellent service and quick response.,Positive,0.6666666666666666,Service Quality,1,0,0,0.0
2025-06,1089,Branch 1089,West,11780,809,8899372,6736790,1009474,671477,35,109665,100,4.4,337997,33.48248691893006,75.69961116357425,0.8488964346349746,28842.114285714284,336.57142857142856,51.12163944114503,The ATM was not working properly.,Neutral,0.0,ATM Issue,0,0,1,0.0
2025-06,1090,Branch 1090,Central,10724,505,7606214,5018879,957324,727622,30,68978,184,4.3,229702,23.994175430679686,65.98393103323151,1.7157776948899663,31910.8,357.46666666666664,49.71430111294865,The loan process was very slow.,Negative,-0.39000000000000007,Loan Process,0,1,0,100.0
2025-06,1091,Branch 1091,North,11009,1017,6085512,4548677,764334,550595,37,95811,163,4.5,213739,27.964083764427595,74.74600329438181,1.4806067762739576,20657.675675675677,297.5405405405405,44.229408981465255,The mobile banking service was convenient.,Neutral,0.0,Digital Banking,0,0,1,0.0
2025-06,1092,Branch 1092,South,11654,569,7864674,4773922,1031168,689622,33,75634,193,4.5,341546,33.12224584160874,60.70082498015811,1.6560837480693325,31247.515151515152,353.1515151515151,53.03842106740041,The account service was not satisfactory.,Neutral,0.0,Account Service,0,0,1,0.0
2025-06,1093,Branch 1093,East,9034,735,6796556,3710349,660504,427960,25,87168,161,4.3,232544,35.20705400724295,54.591604924611815,1.7821562984281603,26420.16,361.36,51.26770462726965,The staff was very helpful and friendly.,Positive,0.2875,Staff Service,1,0,0,0.0
2025-06,1094,Branch 1094,West,10227,937,7212129,5128420,960364,805379,30,62360,87,4.0,154985,16.13815178411519,71.10826775283692,0.8506893517160459,32012.133333333335,340.9,45.47330717875034,The waiting time was too long.,Negative,-0.05,Waiting Time,0,1,0,100.0
2025-06,1095,Branch 1095,Central,11359,617,7000181,5058191,867251,710022,32,75091,127,4.4,157229,18.12958416882771,72.25800304306416,1.1180561669161018,27101.59375,354.96875,45.65736938262086,Excellent service and quick response.,Positive,0.6666666666666666,Service Quality,1,0,0,0.0
2025-06,1096,Branch 1096,North,11516,878,7199657,4567966,835668,562324,32,80482,201,4.4,273344,32.70964067069698,63.446994766556244,1.7453977075373395,26114.625,359.875,50.49614286941396,The ATM was not working properly.,Neutral,0.0,ATM Issue,0,0,1,0.0
2025-06,1097,Branch 1097,South,10168,702,7610091,5766123,921896,710840,30,91920,83,4.3,211056,22.893688659024445,75.76943560858865,0.8162863886703384,30729.866666666665,338.93333333333334,48.07326601813877,The loan process was very slow.,Negative,-0.39000000000000007,Loan Process,0,1,0,100.0
2025-06,1098,Branch 1098,East,9128,725,6003603,4426224,702924,507117,28,73419,130,4.4,195807,27.856069788483534,73.72612746045999,1.4241893076248906,25104.428571428572,326.0,47.029178836061,The mobile banking service was convenient.,Neutral,0.0,Digital Banking,0,0,1,0.0
2025-06,1099,Branch 1099,West,12389,669,7635267,5424384,976948,802914,38,82241,197,4.2,174034,17.814049468344272,71.04380239748001,1.5901202679796593,25709.157894736843,326.0263157894737,43.19314568147052,The account service was not satisfactory.,Neutral,0.0,Account Service,0,0,1,0.0
2025-06,1100,Branch 1100,Central,12041,695,7070078,3909616,765297,514734,32,103136,207,4.2,250563,32.74062226821744,55.29806036086165,1.7191263184120922,23915.53125,376.28125,49.52901127017722,The staff was very helpful and friendly.,Positive,0.2875,Staff Service,1,0,0,0.0
2025-07,1001,Branch 1001,North,11382,629,7111493,4579768,902791,745147,30,91576,141,4.1,157644,17.46184886645968,64.3995290440418,1.238798102266737,30093.033333333333,379.4,46.83792222356058,The waiting time was too long.,Negative,-0.05,Waiting Time,0,1,0,100.0
2025-07,1002,Branch 1002,South,9756,895,7539030,5532962,1062094,813529,31,63235,161,3.9,248565,23.403295753483214,73.39090042087642,1.6502665026650265,34261.096774193546,314.7096774193548,47.74023680478236,Excellent service and quick response.,Positive,0.6666666666666666,Service Quality,1,0,0,0.0
2025-07,1003,Branch 1003,East,10565,528,6511121,5050040,783694,623176,35,76259,78,4.6,160518,20.482229033270638,77.56022350068444,0.7382867960246096,22391.257142857143,301.85714285714283,42.87294561716887,The ATM was not working properly.,Neutral,0.0,ATM Issue,0,0,1,0.0
2025-07,1004,Branch 1004,West,10308,610,7541440,4076769,746335,602373,33,77950,114,4.5,143962,19.289193190725346,54.05823025841219,1.1059371362048895,22616.21212121212,312.3636363636364,42.66323176152514,The loan process was very slow.,Negative,-0.39000000000000007,Loan Process,0,1,0,100.0
2025-07,1005,Branch 1005,Central,10657,938,7668486,5320173,815004,612536,28,100443,87,4.1,202468,24.84257745974253,69.37709738271674,0.8163648306277564,29107.285714285714,380.60714285714283,49.015054550544505,The mobile banking service was convenient.,Neutral,0.0,Digital Banking,0,0,1,0.0
2025-07,1006,Branch 1006,North,11931,760,8429028,4746398,1165293,882619,34,89870,169,4.3,282674,24.2577617818008,56.31014631817571,1.4164780823065963,34273.32352941176,350.9117647058824,50.638904072950275,The account service was not satisfactory.,Neutral,0.0,Account Service,0,0,1,0.0
2025-07,1007,Branch 1007,South,8907,606,6719012,5227384,725410,493585,26,57314,139,4.2,231825,31.957789388070196,77.79989081728087,1.5605703379364546,27900.384615384617,342.5769230769231,49.78684776531537,The staff was very helpful and friendly.,Positive,0.2875,Staff Service,1,0,0,0.0
2025-07,1008,Branch 1008,East,8634,751,4772841,2664116,634664,496468,24,73653,97,4.2,138196,21.77467132214841,55.81824326433669,1.1234653694695391,26444.333333333332,359.75,46.21547550585644,The waiting time was too long.,Negative,-0.05,Waiting Time,0,1,0,100.0
2025-07,1009,Branch 1009,West,9129,690,6240476,3787544,841032,593965,24,72765,129,4.0,247067,29.376646786329175,60.69319071173417,1.4130791981597108,35043.0,380.375,53.018415116680345,Excellent service and quick response.,Positive,0.6666666666666666,Service Quality,1,0,0,0.0
2025-07,1010,Branch 1010,Central,9314,651,7097361,4924582,843843,558698,26,84685,148,4.0,285145,33.79123841757294,69.38609998843232,1.5890057977238567,32455.5,358.2307692307692,52.522793802111465,The ATM was not working properly.,Neutral,0.0,ATM Issue,0,0,1,0.0
2025-07,1011,Branch 1011,North,12517,1018,9017017,6285179,1146285,962238,36,79492,103,4.2,184047,16.055954670958794,69.70352833980462,0.8228808820004794,31841.25,347.69444444444446,46.22770284416828,The loan process was very slow.,Negative,-0.39000000000000007,Loan Process,0,1,0,100.0
2025-07,1012,Branch 1012,South,9371,766,5776058,3447207,797933,624459,26,64197,85,4.1,173474,21.740421814864156,59.68096234490721,0.9070536762351937,30689.73076923077,360.4230769230769,47.878674005645735,The mobile banking service was convenient.,Neutral,0.0,Digital Banking,0,0,1,0.0
2025-07,1013,Branch 1013,East,9315,618,7214871,4307296,883967,741119,25,65306,100,4.4,142848,16.159879271511265,59.700249664893526,1.0735373054213635,35358.68,372.6,49.43810795004678,The account service was not satisfactory.,Neutral,0.0,Account Service,0,0,1,0.0
2025-07,1014,Branch 1014,West,9689,821,7513978,4139833,773793,489990,26,88539,184,4.2,283803,36.67686319209401,55.09509077615079,1.899060790587264,29761.26923076923,372.65384615384613,53.45108216342628,The staff was very helpful and friendly.,Positive,0.2875,Staff Service,1,0,0,0.0
2025-07,1015,Branch 1015,Central,11417,1006,8541426,6194901,1187550,782243,31,86345,71,4.2,405307,34.129678750368406,72.52771375646174,0.6218796531488132,38308.06451612903,368.2903225806452,56.3157960919332,The waiting time was too long.,Negative,-0.05,Waiting Time,0,1,0,100.0
2025-07,1016,Branch 1016,North,8770,614,5848541,3243519,609228,394103,24,74301,95,4.4,215125,35.3110822220909,55.45860070058498,1.0832383124287344,25384.5,365.4166666666667,51.28479780812097,Excellent service and quick response.,Positive,0.6666666666666666,Service Quality,1,0,0,0.0
2025-07,1017,Branch 1017,South,10237,890,7801636,5671633,850922,585622,28,90438,200,4.0,265300,31.17794580466835,72.69799565116854,1.9536973722770343,30390.071428571428,365.60714285714283,50.94383581871627,The ATM was not working properly.,Neutral,0.0,ATM Issue,0,0,1,0.0
2025-07,1018,Branch 1018,East,9488,838,5839900,3819491,826031,564409,27,84145,109,3.8,261622,31.672176952196708,65.40336307128547,1.1488195615514334,30593.74074074074,351.4074074074074,50.06355906337869,The loan process was very slow.,Negative,-0.39000000000000007,Loan Process,0,1,0,100.0
2025-07,1019,Branch 1019,West,9454,725,5796043,3197578,624330,421346,26,89468,104,4.3,202984,32.51229317828712,55.168293264905046,1.1000634651999153,24012.69230769231,363.61538461538464,49.305998202313056,The mobile banking service was convenient.,Neutral,0.0,Digital Banking,0,0,1,0.0
2025-07,1020,Branch 1020,Central,9434,892,5893481,3071356,768705,551262,29,56720,147,4.4,217443,28.286924112630984,52.11446342153304,1.558193767224931,26507.068965517243,325.3103448275862,47.79744255754606,The account service was not satisfactory.,Neutral,0.0,Account Service,0,0,1,0.0
2025-07,1021,Branch 1021,North,11329,719,7761277,5049198,885228,670273,31,71615,108,4.4,214955,24.28244474869751,65.0562787541277,0.9533056756995322,28555.74193548387,365.4516129032258,48.882191750196,The staff was very helpful and friendly.,Positive,0.2875,Staff Service,1,0,0,0.0
2025-07,1022,Branch 1022,South,8590,541,5003122,2989479,507248,336298,24,74406,67,4.4,170950,33.70146358388796,59.75227068218605,0.779976717112922,21135.333333333332,357.9166666666667,48.48163869926785,The waiting time was too long.,Negative,-0.05,Waiting Time,0,1,0,100.0
2025-07,1023,Branch 1023,East,9167,699,7066919,3784184,792611,505620,29,79304,89,4.4,286991,36.20830394733356,53.547861522114516,0.9708737864077669,27331.41379310345,316.1034482758621,50.59390340819094,Excellent service and quick response.,Positive,0.6666666666666666,Service Quality,1,0,0,0.0
2025-07,1024,Branch 1024,West,8942,461,6892595,3662654,774937,512518,30,68953,66,4.2,262419,33.86326888508356,53.13897015565255,0.7380899127711922,25831.233333333334,298.06666666666666,47.78981464780447,The ATM was not working properly.,Neutral,0.0,ATM Issue,0,0,1,0.0
2025-07,1025,Branch 1025,Central,8972,671,5852975,4534242,595928,471496,26,63438,138,4.3,124432,20.880374810379777,77.46901362127807,1.5381185911725368,22920.30769230769,345.0769230769231,44.01942160669478,The loan process was very slow.,Negative,-0.39000000000000007,Loan Process,0,1,0,100.0
2025-07,1026,Branch 1026,North,10525,895,6221106,4390023,642385,484058,29,95882,184,4.4,158327,24.646746110198713,70.56660021546008,1.7482185273159145,22151.206896551725,362.9310344827586,45.972006783702405,The mobile banking service was convenient.,Neutral,0.0,Digital Banking,0,0,1,0.0
2025-07,1027,Branch 1027,South,10084,517,7612378,4047404,764038,498373,33,94231,78,4.4,265665,34.77117630274934,53.16872073352111,0.7735025783419278,23152.666666666668,305.57575757575756,47.76686553679939,The account service was not satisfactory.,Neutral,0.0,Account Service,0,0,1,0.0
2025-07,1028,Branch 1028,East,11610,818,7803659,4214247,1032759,723068,37,111604,70,4.1,309691,29.986763610871463,54.00347452393807,0.6029285099052542,27912.405405405407,313.7837837837838,47.693805267305706,The staff was very helpful and friendly.,Positive,0.2875,Staff Service,1,0,0,0.0
2025-07,1029,Branch 1029,West,11496,543,7838332,5993351,958995,623467,30,108335,126,4.3,335528,34.987460831391196,76.46207126720329,1.0960334029227559,31966.5,383.2,54.578408117689065,The waiting time was too long.,Negative,-0.05,Waiting Time,0,1,0,100.0
2025-07,1030,Branch 1030,Central,9941,475,5753518,3456175,692627,453273,34,68149,111,4.2,239354,34.55741690693548,60.07063852064076,1.1165878684236998,20371.382352941175,292.38235294117646,45.307004261530636,Excellent service and quick response.,Positive,0.6666666666666666,Service Quality,1,0,0,0.0
2025-07,1031,Branch 1031,North,12246,841,7647114,4577477,999951,783421,38,111346,236,4.1,216530,21.654061048991398,59.85888271052321,1.9271598889433286,26314.5,322.2631578947368,44.37018834194858,The ATM was not working properly.,Neutral,0.0,ATM Issue,0,0,1,0.0
2025-07,1032,Branch 1032,South,11114,655,7708182,4445409,924346,620843,36,92377,146,4.3,303503,32.83434990793491,57.67130303877101,1.3136584488033112,25676.277777777777,308.72222222222223,48.068846042844264,The loan process was very slow.,Negative,-0.39000000000000007,Loan Process,0,1,0,100.0
2025-07,1033,Branch 1033,East,8677,719,5364885,3625957,618190,506722,27,81276,82,4.5,111468,18.03134958507902,67.58685414505624,0.9450270830932349,22895.925925925927,321.3703703703704,42.69822819315727,The mobile banking service was convenient.,Neutral,0.0,Digital Banking,0,0,1,0.0
2025-07,1034,Branch 1034,West,11173,793,6252501,3864049,653726,448548,33,104071,206,4.2,205178,31.38593233250628,61.800054090355204,1.8437304215519554,19809.878787878788,338.57575757575756,45.71788496941859,The account service was not satisfactory.,Neutral,0.0,Account Service,0,0,1,0.0
2025-07,1035,Branch 1035,Central,8912,602,5321684,4136388,652639,461748,29,73363,63,4.3,190891,29.24909482884106,77.72705030963883,0.7069120287253142,22504.793103448275,307.3103448275862,45.303458421155526,The staff was very helpful and friendly.,Positive,0.2875,Staff Service,1,0,0,0.0
2025-07,1036,Branch 1036,North,8407,411,6472524,4909984,916774,594930,24,62235,116,4.2,321844,35.106143935146505,75.85887669168936,1.3798025454977996,38198.916666666664,350.2916666666667,55.91439121096856,The waiting time was too long.,Negative,-0.05,Waiting Time,0,1,0,100.0
2025-07,1037,Branch 1037,South,11232,886,7374278,5688468,926334,600730,32,72136,124,4.4,325604,35.149740806231875,77.13932130033612,1.103988603988604,28947.9375,351.0,52.30935054357826,Excellent service and quick response.,Positive,0.6666666666666666,Service Quality,1,0,0,0.0
2025-07,1038,Branch 1038,East,10876,895,8072121,4733164,820430,580154,31,82283,182,4.3,240276,29.286593615543065,58.63593967434334,1.6734093416697313,26465.483870967742,350.83870967741933,48.81122320408043,The ATM was not working properly.,Neutral,0.0,ATM Issue,0,0,1,0.0
2025-07,1039,Branch 1039,West,9563,864,7376162,4850334,1015466,673746,30,64847,105,4.2,341720,33.651545201907304,65.75688006852344,1.0979818048729477,33848.86666666667,318.76666666666665,52.194066826513506,The loan process was very slow.,Negative,-0.39000000000000007,Loan Process,0,1,0,100.0
2025-07,1040,Branch 1040,Central,10882,836,7969571,5206234,1020427,721800,30,81140,180,4.1,298627,29.264905769839487,65.32640213632578,1.6541077007902958,34014.23333333333,362.73333333333335,52.12764249093715,The mobile banking service was convenient.,Neutral,0.0,Digital Banking,0,0,1,0.0
2025-07,1041,Branch 1041,North,11686,818,8205284,4630074,1054938,690066,32,86589,77,4.1,364872,34.58705630093901,56.42795544919591,0.6589080951565975,32966.8125,365.1875,53.603972970540056,The account service was not satisfactory.,Neutral,0.0,Account Service,0,0,1,0.0
2025-07,1042,Branch 1042,South,9778,874,5782609,4322469,756933,553358,32,62453,132,4.4,203575,26.894718555010815,74.74945997559233,1.3499693188791164,23654.15625,305.5625,45.23985309223222,The staff was very helpful and friendly.,Positive,0.2875,Staff Service,1,0,0,0.0
2025-07,1043,Branch 1043,East,9455,630,5556982,3208053,614593,486397,30,79162,160,4.3,128196,20.858682087169882,57.73013121151013,1.6922263352723426,20486.433333333334,315.1666666666667,41.74260075777852,The waiting time was too long.,Negative,-0.05,Waiting Time,0,1,0,100.0
2025-07,1044,Branch 1044,West,11073,1026,8423890,5182535,1136502,808800,34,93847,115,4.3,327702,28.83426513987657,61.52187409854592,1.0385622685812337,33426.529411764706,325.6764705882353,50.88017074218041,Excellent service and quick response.,Positive,0.6666666666666666,Service Quality,1,0,0,0.0
2025-07,1045,Branch 1045,Central,11567,1094,7119207,4440083,783595,551861,30,91985,70,4.0,231734,29.573185127521235,62.367662578149506,0.6051698798305525,26119.833333333332,385.56666666666666,49.19005295541081,The ATM was not working properly.,Neutral,0.0,ATM Issue,0,0,1,0.0
2025-07,1046,Branch 1046,North,11023,706,6379976,4062968,694458,480631,37,70691,121,4.3,213827,30.790486969694353,63.68312357287864,1.0977047990565183,18769.135135135137,297.9189189189189,43.766099042005195,The loan process was very slow.,Negative,-0.39000000000000007,Loan Process,0,1,0,100.0
2025-07,1047,Branch 1047,South,8459,448,6577280,4040050,811144,526709,28,70695,144,4.4,284435,35.06590691665105,61.424327381531576,1.7023288804823264,28969.428571428572,302.10714285714283,50.40721779770582,The mobile banking service was convenient.,Neutral,0.0,Digital Banking,0,0,1,0.0
2025-07,1048,Branch 1048,East,10951,846,7281028,4638728,880724,588056,32,76805,88,4.5,292668,33.230387726461416,63.709794825675715,0.8035795817733541,27522.625,342.21875,50.94501762956571,The account service was not satisfactory.,Neutral,0.0,Account Service,0,0,1,0.0
2025-07,1049,Branch 1049,West,9999,513,7112277,4966375,844443,564732,30,80364,102,4.4,279711,33.1237277116395,69.82819988591558,1.02010201020102,28148.1,333.3,50.551449034715006,The staff was very helpful and friendly.,Positive,0.2875,Staff Service,1,0,0,0.0
2025-07,1050,Branch 1050,Central,10768,791,7091330,5154182,990346,734924,35,73817,79,4.2,255422,25.791188130209036,72.68286767080365,0.7336552748885586,28295.6,307.65714285714284,46.46538592849334,The waiting time was too long.,Negative,-0.05,Waiting Time,0,1,0,100.0
2025-07,1051,Branch 1051,North,10392,725,6029949,3408559,685158,455584,32,92582,155,4.1,229574,33.50672399650884,56.5271613408339,1.4915319476520401,21411.1875,324.75,46.363028942448686,Excellent service and quick response.,Positive,0.6666666666666666,Service Quality,1,0,0,0.0
2025-07,1052,Branch 1052,South,10531,665,6782348,4987851,901985,582167,32,92943,79,4.4,319818,35.457130661818105,73.54165548568136,0.750166176051657,28187.03125,329.09375,51.224050284973124,The ATM was not working properly.,Neutral,0.0,ATM Issue,0,0,1,0.0
2025-07,1053,Branch 1053,East,9689,663,6162933,4657612,734545,516516,30,86506,185,4.3,218029,29.682184209272407,75.57460060007143,1.9093817731448033,24484.833333333332,322.96666666666664,46.96703165118212,The loan process was very slow.,Negative,-0.39000000000000007,Loan Process,0,1,0,100.0
2025-07,1054,Branch 1054,West,11369,671,8281593,4818714,1054886,852502,31,109221,203,4.3,202384,19.185390648847363,58.18583453690612,1.7855572169935792,34028.58064516129,366.741935483871,49.3607541719869,The mobile banking service was convenient.,Neutral,0.0,Digital Banking,0,0,1,0.0
2025-07,1055,Branch 1055,Central,9164,435,6253826,4597303,642046,502073,27,55484,155,4.2,139973,21.80108590350224,73.51184698774797,1.6914011348756004,23779.48148148148,339.4074074074074,44.21784974186536,The account service was not satisfactory.,Neutral,0.0,Account Service,0,0,1,0.0
2025-07,1056,Branch 1056,North,12769,866,8207356,4925354,1034077,699574,34,108779,95,4.2,334503,32.34797795521997,60.01145801400597,0.7439893492051061,30414.029411764706,375.55882352941177,52.34754475255582,The staff was very helpful and friendly.,Positive,0.2875,Staff Service,1,0,0,0.0
2025-07,1057,Branch 1057,South,12207,929,8413180,5476512,881652,716365,33,89118,201,4.3,165287,18.74741961681026,65.09443516007028,1.6465962152863112,26716.727272727272,369.90909090909093,45.97219061848779,The waiting time was too long.,Negative,-0.05,Waiting Time,0,1,0,100.0
2025-07,1058,Branch 1058,East,8977,471,6954897,3741528,762776,488620,27,83835,134,4.3,274156,35.94187546540531,53.7970296325021,1.4927035758048346,28250.962962962964,332.48148148148147,51.25351242945632,Excellent service and quick response.,Positive,0.6666666666666666,Service Quality,1,0,0,0.0
2025-07,1059,Branch 1059,West,9069,570,5166248,3309825,673230,463756,30,81298,66,4.4,209474,31.11477503973382,64.0663204708717,0.7277538868673503,22441.0,302.3,46.03422865237427,The ATM was not working properly.,Neutral,0.0,ATM Issue,0,0,1,0.0
2025-07,1060,Branch 1060,Central,10923,552,6506449,4746114,773472,517689,37,93462,142,4.3,255783,33.06945823507509,72.94476603136366,1.3000091549940493,20904.64864864865,295.2162162162162,45.44018738818449,The loan process was very slow.,Negative,-0.39000000000000007,Loan Process,0,1,0,100.0
2025-07,1061,Branch 1061,North,11661,1038,7508107,3952183,858384,699950,36,86450,202,4.1,158434,18.45724058230349,52.63887421956027,1.7322699596947089,23844.0,323.9166666666667,42.18064413571937,The mobile banking service was convenient.,Neutral,0.0,Digital Banking,0,0,1,0.0
2025-07,1062,Branch 1062,South,10804,515,6582384,4149809,741931,534029,32,90892,207,4.1,207902,28.021743261839717,63.04416454585451,1.9159570529433543,23185.34375,337.625,45.75364926571006,The account service was not satisfactory.,Neutral,0.0,Account Service,0,0,1,0.0
2025-07,1063,Branch 1063,East,10527,686,7474434,4076821,776946,482577,35,88395,207,4.0,294369,37.88796132549753,54.54354135711146,1.9663721858079224,22198.457142857143,300.77142857142854,47.03462176648792,The staff was very helpful and friendly.,Positive,0.2875,Staff Service,1,0,0,0.0
2025-07,1064,Branch 1064,West,9628,543,7120145,5487681,849419,694284,32,67958,80,4.4,155135,18.26366021951475,77.07260175179017,0.8309098462816784,26544.34375,300.875,43.36551240961671,The waiting time was too long.,Negative,-0.05,Waiting Time,0,1,0,100.0
2025-07,1065,Branch 1065,Central,9160,654,5580414,4110188,576809,429442,26,90306,171,4.3,147367,25.54866515605686,73.6538185159739,1.8668122270742358,22184.96153846154,352.3076923076923,45.594116579841575,Excellent service and quick response.,Positive,0.6666666666666666,Service Quality,1,0,0,0.0
2025-07,1066,Branch 1066,North,9904,768,6221939,3731928,710613,558858,30,62197,111,4.4,151755,21.355505739410905,59.980144453360914,1.1207592891760905,23687.1,330.1333333333333,44.26237422982694,The ATM was not working properly.,Neutral,0.0,ATM Issue,0,0,1,0.0
2025-07,1067,Branch 1067,South,10360,897,5914724,3315930,748069,558429,27,89055,144,4.0,189640,25.350602685046432,56.062294707242465,1.3899613899613898,27706.25925925926,383.7037037037037,48.368819532987004,The loan process was very slow.,Negative,-0.39000000000000007,Loan Process,0,1,0,100.0
2025-07,1068,Branch 1068,East,9665,455,6714631,4652110,796286,653028,26,59534,110,4.3,143258,17.990772159751646,69.2831817563765,1.1381272633212622,30626.384615384617,371.7307692307692,47.57262304174392,The mobile banking service was convenient.,Neutral,0.0,Digital Banking,0,0,1,0.0
2025-07,1069,Branch 1069,West,10662,774,7243626,3862280,891709,695603,28,75793,187,4.4,196106,21.99215214829053,53.31970479977846,1.7538923278934533,31846.75,380.7857142857143,50.18210303081387,The account service was not satisfactory.,Neutral,0.0,Account Service,0,0,1,0.0
2025-07,1070,Branch 1070,Central,12240,1077,8285113,5979237,941977,652293,38,100260,111,4.3,289684,30.75276784889652,72.16844236161897,0.9068627450980393,24788.86842105263,322.10526315789474,47.44816419289579,The staff was very helpful and friendly.,Positive,0.2875,Staff Service,1,0,0,0.0
2025-07,1071,Branch 1071,North,8776,470,6144606,4632574,829689,568232,28,59543,62,4.4,261457,31.5126511259038,75.39253127051596,0.7064721969006381,29631.75,313.42857142857144,49.90362289643102,The waiting time was too long.,Negative,-0.05,Waiting Time,0,1,0,100.0
2025-07,1072,Branch 1072,South,9203,686,5465245,4124820,599149,385498,31,60907,167,4.3,213651,35.65907645677452,75.47365214185274,1.8146256655438442,19327.387096774193,296.8709677419355,45.6860737956848,Excellent service and quick response.,Positive,0.6666666666666666,Service Quality,1,0,0,0.0
2025-07,1073,Branch 1073,East,10189,886,7890022,4753335,946001,682668,32,77158,193,4.0,263333,27.836439919196703,60.244889051006446,1.894199627048778,29562.53125,318.40625,47.576836764665345,The ATM was not working properly.,Neutral,0.0,ATM Issue,0,0,1,0.0
2025-07,1074,Branch 1074,West,11449,1033,7885273,6037968,873062,728097,38,96629,209,4.2,144965,16.604204512394308,76.57271980310637,1.8254869420910123,22975.315789473683,301.2894736842105,40.56194821423121,The loan process was very slow.,Negative,-0.39000000000000007,Loan Process,0,1,0,100.0
2025-07,1075,Branch 1075,Central,11699,1075,8284147,4913729,1111374,753335,38,99193,88,4.6,358039,32.21588772096522,59.314845571909814,0.752201042824173,29246.684210526317,307.86842105263156,50.35885524353807,The mobile banking service was convenient.,Neutral,0.0,Digital Banking,0,0,1,0.0
2025-07,1076,Branch 1076,North,9285,750,5250521,2750722,673736,563078,31,61013,122,4.1,110658,16.424534238930384,52.38950572714594,1.3139472267097467,21733.41935483871,299.51612903225805,39.56056450731165,The account service was not satisfactory.,Neutral,0.0,Account Service,0,0,1,0.0
2025-07,1077,Branch 1077,South,8996,522,5976939,4554995,823547,620386,30,80914,111,4.2,203161,24.66902314014865,76.20949452554225,1.233881725211205,27451.566666666666,299.8666666666667,45.38511292148278,The staff was very helpful and friendly.,Positive,0.2875,Staff Service,1,0,0,0.0
2025-07,1078,Branch 1078,East,10210,554,7886248,4915646,956768,730202,29,72682,153,4.3,226566,23.680348841098365,62.33187188635204,1.4985308521057787,32992.0,352.0689655172414,49.89305052714946,The waiting time was too long.,Negative,-0.05,Waiting Time,0,1,0,100.0
2025-07,1079,Branch 1079,West,10493,487,5913908,3420551,767120,515356,32,76200,124,4.3,251764,32.81937636875586,57.83909726022116,1.1817402077575527,23972.5,327.90625,48.020014351284715,Excellent service and quick response.,Positive,0.6666666666666666,Service Quality,1,0,0,0.0
2025-07,1080,Branch 1080,Central,10131,736,6453125,4817846,901533,741665,34,62236,164,4.3,159868,17.732906061120335,74.65911476997579,1.618793801204225,26515.676470588234,297.97058823529414,42.75474921907585,The ATM was not working properly.,Neutral,0.0,ATM Issue,0,0,1,0.0
2025-07,1081,Branch 1081,North,9650,623,5529336,4273183,588875,475810,28,93613,141,4.2,113065,19.200169815325832,77.28202807715067,1.461139896373057,21031.25,344.64285714285717,42.24727753101059,The loan process was very slow.,Negative,-0.39000000000000007,Loan Process,0,1,0,100.0
2025-07,1082,Branch 1082,South,9093,455,6075096,3338296,743603,478718,25,56849,132,4.4,264885,35.6218304659879,54.95050613191956,1.4516661167931375,29744.12,363.72,53.329941787928504,The mobile banking service was convenient.,Neutral,0.0,Digital Banking,0,0,1,0.0
2025-07,1083,Branch 1083,East,11029,584,7904389,4643187,879165,554290,36,85089,125,4.3,324875,36.95267668753874,58.74188378127645,1.1333756460241182,24421.25,306.3611111111111,48.843099649592354,The account service was not satisfactory.,Neutral,0.0,Account Service,0,0,1,0.0
2025-07,1084,Branch 1084,West,10976,597,6754860,4190429,695819,550693,29,67617,150,3.9,145126,20.856860764078014,62.0357638796363,1.3666180758017492,23993.758620689656,378.48275862068965,44.59038358091385,The staff was very helpful and friendly.,Positive,0.2875,Staff Service,1,0,0,0.0
2025-07,1085,Branch 1085,Central,11650,1072,8203000,4283838,840136,665745,32,104919,154,4.1,174391,20.75747259967434,52.222820919175916,1.3218884120171672,26254.25,364.0625,45.63823570268185,The waiting time was too long.,Negative,-0.05,Waiting Time,0,1,0,100.0
2025-07,1086,Branch 1086,North,10510,863,6693362,3867450,837551,620751,29,78316,169,3.9,216800,25.884990884137203,57.780380024268815,1.6079923882017126,28881.068965517243,362.41379310344826,47.97548268575919,Excellent service and quick response.,Positive,0.6666666666666666,Service Quality,1,0,0,0.0
2025-07,1087,Branch 1087,South,9947,916,6568436,4544274,832588,573810,27,66678,101,4.1,258778,31.081158988599405,69.18350121703249,1.0153815220669549,30836.59259259259,368.4074074074074,51.52280643985864,The ATM was not working properly.,Neutral,0.0,ATM Issue,0,0,1,0.0
2025-07,1088,Branch 1088,East,10193,583,5642902,3617283,663273,459799,27,65607,199,4.1,203474,30.67726260529224,64.10323978690397,1.952320219758658,24565.666666666668,377.51851851851853,48.85298619284289,The loan process was very slow.,Negative,-0.39000000000000007,Loan Process,0,1,0,100.0
2025-07,1089,Branch 1089,West,12386,1008,7774943,4912346,992459,813728,39,95742,199,4.1,178731,18.008905153764537,63.18176223285496,1.6066526723720327,25447.666666666668,317.5897435897436,42.516424884428645,The mobile banking service was convenient.,Neutral,0.0,Digital Banking,0,0,1,0.0
2025-07,1090,Branch 1090,Central,10284,472,7313445,4531585,980675,782010,31,71162,153,4.1,198665,20.25798557116272,61.96238571562376,1.4877479579929989,31634.677419354837,331.741935483871,46.689302051942974,The account service was not satisfactory.,Neutral,0.0,Account Service,0,0,1,0.0
2025-07,1091,Branch 1091,North,9898,766,6172867,4777131,731003,505203,27,66339,172,4.2,225800,30.889066118743695,77.38917750860338,1.7377247928874522,27074.185185185186,366.5925925925926,49.95818879465229,The staff was very helpful and friendly.,Positive,0.2875,Staff Service,1,0,0,0.0
2025-07,1092,Branch 1092,South,11798,730,7354163,4411374,797967,585036,39,99833,176,4.1,212931,26.684186188150637,59.984718859236594,1.4917782675029667,20460.69230769231,302.5128205128205,42.68246179226377,The waiting time was too long.,Negative,-0.05,Waiting Time,0,1,0,100.0
2025-07,1093,Branch 1093,East,8884,812,6698253,3808304,852757,701180,27,65243,57,4.4,151577,17.774934711764313,56.85518298577256,0.6416028815848717,31583.59259259259,329.037037037037,46.59262444916581,Excellent service and quick response.,Positive,0.6666666666666666,Service Quality,1,0,0,0.0
2025-07,1094,Branch 1094,West,10685,534,6740351,5023220,822185,648077,29,73227,116,4.0,174108,21.176255952127562,74.52460561771932,1.085634066448292,28351.206896551725,368.44827586206895,46.61650258479466,The ATM was not working properly.,Neutral,0.0,ATM Issue,0,0,1,0.0
2025-07,1095,Branch 1095,Central,11217,957,6810658,5150702,892440,729261,31,78386,181,4.2,163179,18.28459056070996,75.62708331559153,1.6136221806187037,28788.387096774193,361.83870967741933,46.15064377224317,The loan process was very slow.,Negative,-0.39000000000000007,Loan Process,0,1,0,100.0
2025-07,1096,Branch 1096,North,12243,796,7167749,4391903,971568,636223,35,84967,157,4.4,335345,34.51585478319583,61.273113776724045,1.2823654333088295,27759.085714285713,349.8,51.495423796126175,The mobile banking service was convenient.,Neutral,0.0,Digital Banking,0,0,1,0.0
2025-07,1097,Branch 1097,South,9562,485,5960667,4180963,725749,551905,26,72451,135,4.0,173844,23.953736071286354,70.14253606181992,1.411838527504706,27913.423076923078,367.7692307692308,47.361465607477925,The account service was not satisfactory.,Neutral,0.0,Account Service,0,0,1,0.0
2025-07,1098,Branch 1098,East,8566,757,6206886,4839179,637218,404014,25,65919,133,4.2,233204,36.59720849065783,77.96468309551682,1.5526500116740602,25488.72,342.64,50.305760747719056,The staff was very helpful and friendly.,Positive,0.2875,Staff Service,1,0,0,0.0
2025-07,1099,Branch 1099,West,12466,588,7722475,5659179,1002689,709492,39,82485,161,3.9,293197,29.241070760724412,73.28193357699442,1.2915129151291513,25709.97435897436,319.64102564102564,46.04710731962452,The waiting time was too long.,Negative,-0.05,Waiting Time,0,1,0,100.0
2025-07,1100,Branch 1100,Central,12409,913,9050874,5276535,1133614,733559,37,88484,144,4.5,400055,35.29023106630652,58.2986239781926,1.1604480618905633,30638.216216216217,335.3783783783784,52.833088303521194,Excellent service and quick response.,Positive,0.6666666666666666,Service Quality,1,0,0,0.0
2025-08,1001,Branch 1001,North,11137,813,8430163,5535530,886425,707923,30,68894,92,4.5,178502,20.137293059198466,65.66338041150568,0.8260752446798959,29547.5,371.23333333333335,48.40938278539,The ATM was not working properly.,Neutral,0.0,ATM Issue,0,0,1,0.0
2025-08,1002,Branch 1002,South,10162,880,6954074,3964808,852734,631915,33,61110,158,4.1,220819,25.895414044707966,57.01417615055577,1.5548120448730565,25840.424242424244,307.93939393939394,45.08544268915936,The loan process was very slow.,Negative,-0.39000000000000007,Loan Process,0,1,0,100.0
2025-08,1003,Branch 1003,East,9788,619,6181505,4781533,750029,599036,26,97010,135,4.0,150993,20.13162157729901,77.35224674250041,1.3792398855741725,28847.26923076923,376.46153846153845,46.787203971195886,The mobile banking service was convenient.,Neutral,0.0,Digital Banking,0,0,1,0.0
2025-08,1004,Branch 1004,West,9748,914,6492056,5022626,793207,496139,29,79527,92,4.7,297068,37.45151013543753,77.36572204552765,0.943783340172343,27351.96551724138,336.13793103448273,52.70990561636327,The account service was not satisfactory.,Neutral,0.0,Account Service,0,0,1,0.0
2025-08,1005,Branch 1005,Central,11129,707,7323068,4056358,846602,530725,31,95823,74,4.4,315877,37.31115683638829,55.39151077116858,0.6649294635636624,27309.74193548387,359.0,52.62171727094902,The staff was very helpful and friendly.,Positive,0.2875,Staff Service,1,0,0,0.0
2025-08,1006,Branch 1006,North,11525,607,8324150,6198666,834809,544111,35,94337,225,3.9,290698,34.822097030578256,74.46605359105735,1.9522776572668112,23851.685714285715,329.2857142857143,47.5186122409537,The waiting time was too long.,Negative,-0.05,Waiting Time,0,1,0,100.0
2025-08,1007,Branch 1007,South,8415,543,6328253,4570604,774252,514210,23,69765,141,4.2,260042,33.586222573529035,72.22536772787055,1.675579322638146,33663.13043478261,365.8695652173913,53.899658064906234,Excellent service and quick response.,Positive,0.6666666666666666,Service Quality,1,0,0,0.0
2025-08,1008,Branch 1008,East,8811,687,4882866,3680684,532825,394165,27,58164,79,4.4,138660,26.02355369961995,75.37958240099155,0.8966065145840427,19734.25925925926,326.3333333333333,43.93492752920523,The ATM was not working properly.,Neutral,0.0,ATM Issue,0,0,1,0.0
2025-08,1009,Branch 1009,West,9796,793,5438169,4038332,723170,500173,31,89454,156,4.3,222997,30.83604131808565,74.25903829027747,1.5924867292772562,23328.064516129034,316.0,46.57149574947172,The loan process was very slow.,Negative,-0.39000000000000007,Loan Process,0,1,0,100.0
2025-08,1010,Branch 1010,Central,9739,895,7157437,4724848,970990,649425,26,82281,179,3.8,321565,33.11723086746517,66.01312732476723,1.837971044255057,37345.769230769234,374.5769230769231,54.561673329193,The mobile banking service was convenient.,Neutral,0.0,Digital Banking,0,0,1,0.0
2025-08,1011,Branch 1011,North,12293,835,9294108,5736000,1014206,848502,36,87013,177,4.4,165704,16.33829813667046,61.7165197563876,1.4398438135524283,28172.38888888889,341.47222222222223,45.00237883189682,The account service was not satisfactory.,Neutral,0.0,Account Service,0,0,1,0.0
2025-08,1012,Branch 1012,South,8439,632,6036096,4550814,728964,580806,25,56192,59,4.5,148158,20.324460467183563,75.39333370443413,0.6991349685981751,29158.56,337.56,46.99969153444265,The staff was very helpful and friendly.,Positive,0.2875,Staff Service,1,0,0,0.0
2025-08,1013,Branch 1013,East,8524,545,5599250,3771571,758470,539422,23,80223,73,4.4,219048,28.880245757907364,67.3585033709872,0.8564054434537776,32976.95652173913,370.60869565217394,52.71999435897324,The waiting time was too long.,Negative,-0.05,Waiting Time,0,1,0,100.0
2025-08,1014,Branch 1014,West,9271,725,5518901,3317090,728962,592189,25,75529,170,4.0,136773,18.762706423654457,60.10417653804625,1.833674900226513,29158.48,370.84,46.23451384473851,Excellent service and quick response.,Positive,0.6666666666666666,Service Quality,1,0,0,0.0
2025-08,1015,Branch 1015,Central,11079,999,8021172,6016763,1024048,774830,31,74435,124,4.2,249218,24.336554536506103,75.01102083336451,1.119234587959202,33033.8064516129,357.38709677419354,50.046696783901155,The ATM was not working properly.,Neutral,0.0,ATM Issue,0,0,1,0.0
2025-08,1016,Branch 1016,North,9482,464,5513139,2978786,682859,500002,29,62514,181,4.1,182857,26.778148929720487,54.03067109318304,1.9088799831259229,23546.862068965518,326.9655172413793,45.07393000444449,The loan process was very slow.,Negative,-0.39000000000000007,Loan Process,0,1,0,100.0
2025-08,1017,Branch 1017,South,11250,1038,7596843,4917252,837976,567921,38,98623,149,4.2,270055,32.22705662214669,64.72757170314037,1.3244444444444443,22052.0,296.05263157894734,45.404358478410984,The mobile banking service was convenient.,Neutral,0.0,Digital Banking,0,0,1,0.0
2025-08,1018,Branch 1018,East,10300,780,7930653,4432833,1017726,690731,28,81598,198,4.2,326995,32.129964253639976,55.89493072008068,1.9223300970873787,36347.357142857145,367.85714285714283,54.69895996126335,The account service was not satisfactory.,Neutral,0.0,Account Service,0,0,1,0.0
2025-08,1019,Branch 1019,West,9092,739,5463481,3582056,750610,550245,31,55419,86,4.5,200365,26.693622520350115,65.56362143475927,0.9458864936207656,24213.225806451614,293.2903225806452,45.25361552246051,The staff was very helpful and friendly.,Positive,0.2875,Staff Service,1,0,0,0.0
2025-08,1020,Branch 1020,Central,9229,549,5527488,4036748,672394,481684,31,84634,93,4.2,190710,28.362834885498682,73.03042539395834,1.007693141185394,21690.129032258064,297.7096774193548,43.949534179925884,The waiting time was too long.,Negative,-0.05,Waiting Time,0,1,0,100.0
2025-08,1021,Branch 1021,North,10549,584,7959444,5674870,882863,610382,34,88490,97,4.4,272481,30.863338932541062,71.29731674725018,0.919518437766613,25966.558823529413,310.2647058823529,47.871668913362896,Excellent service and quick response.,Positive,0.6666666666666666,Service Quality,1,0,0,0.0
2025-08,1022,Branch 1022,South,9180,435,5375818,3240067,635725,399516,26,68694,91,4.0,236209,37.155845687994024,60.2711438519682,0.991285403050109,24450.96153846154,353.0769230769231,49.82668043119579,The ATM was not working properly.,Neutral,0.0,ATM Issue,0,0,1,0.0
2025-08,1023,Branch 1023,East,9973,788,5685116,3455289,568561,385278,29,76947,75,4.2,183283,32.23629478631141,60.7778099866388,0.752030482302216,19605.55172413793,343.8965517241379,46.12657675928357,The loan process was very slow.,Negative,-0.39000000000000007,Loan Process,0,1,0,100.0
2025-08,1024,Branch 1024,West,8855,608,6124460,3387937,718564,490830,25,75695,135,4.2,227734,31.692932014406512,55.31813417019623,1.5245623941276116,28742.56,354.2,50.5283872200157,The mobile banking service was convenient.,Neutral,0.0,Digital Banking,0,0,1,0.0
2025-08,1025,Branch 1025,Central,9202,440,6295844,4194941,888603,580414,29,90359,91,3.9,308189,34.68241723244239,66.63031993804167,0.988915453162356,30641.48275862069,317.3103448275862,50.12612924002018,The account service was not satisfactory.,Neutral,0.0,Account Service,0,0,1,0.0
2025-08,1026,Branch 1026,North,11510,864,7137404,3858743,766723,489366,38,115009,213,4.1,277357,36.17434197226378,54.063676373090274,1.850564726324935,20176.92105263158,302.89473684210526,45.888429123608596,The staff was very helpful and friendly.,Positive,0.2875,Staff Service,1,0,0,0.0
2025-08,1027,Branch 1027,South,10692,588,8214670,5021453,1028312,786695,33,89820,99,4.4,241617,23.496467998039506,61.127872452575694,0.9259259259259258,31160.969696969696,324.0,48.207159240507096,The waiting time was too long.,Negative,-0.05,Waiting Time,0,1,0,100.0
2025-08,1028,Branch 1028,East,11653,757,8491732,5365247,1009751,809241,36,91679,202,4.1,200510,19.857370777548127,63.182010454404356,1.7334591950570668,28048.63888888889,323.69444444444446,44.59268709188668,Excellent service and quick response.,Positive,0.6666666666666666,Service Quality,1,0,0,0.0
2025-08,1029,Branch 1029,West,12115,596,8693207,5206338,955646,687740,33,110820,217,4.4,267906,28.03402096592253,59.889727691978344,1.791167973586463,28958.969696969696,367.1212121212121,50.444674155162126,The ATM was not working properly.,Neutral,0.0,ATM Issue,0,0,1,0.0
2025-08,1030,Branch 1030,Central,9690,567,7115274,5405856,779738,520375,28,62208,192,3.8,259363,33.26283956918862,75.97537354148272,1.9814241486068114,27847.785714285714,346.07142857142856,49.15402333742735,The loan process was very slow.,Negative,-0.39000000000000007,Loan Process,0,1,0,100.0
2025-08,1031,Branch 1031,North,11489,545,7785584,4128975,888003,728384,38,109484,88,4.1,159619,17.97505188608597,53.03359388325911,0.7659500391678997,23368.5,302.3421052631579,40.962807209905506,The mobile banking service was convenient.,Neutral,0.0,Digital Banking,0,0,1,0.0
2025-08,1032,Branch 1032,South,11350,537,8511411,5651045,896013,598578,36,112368,210,4.2,297435,33.195388906187745,66.39375069538998,1.8502202643171806,24889.25,315.27777777777777,47.786273855614176,The account service was not satisfactory.,Neutral,0.0,Account Service,0,0,1,0.0
2025-08,1033,Branch 1033,East,9159,703,6956946,3678344,737544,594300,28,76254,69,4.4,143244,19.42175653249162,52.872970409717134,0.7533573534228627,26340.85714285714,327.10714285714283,44.68750511397267,The staff was very helpful and friendly.,Positive,0.2875,Staff Service,1,0,0,0.0
2025-08,1034,Branch 1034,West,11119,849,8558266,5905891,1194001,876551,36,76809,96,4.0,317450,26.587079910318334,69.00803270195154,0.8633869952333842,33166.694444444445,308.8611111111111,48.426864204384714,The waiting time was too long.,Negative,-0.05,Waiting Time,0,1,0,100.0
2025-08,1035,Branch 1035,Central,9545,468,6716309,4658348,813197,615716,30,71743,140,4.2,197481,24.284521462818972,69.35875046844926,1.466736511262441,27106.566666666666,318.1666666666667,45.79678715665427,Excellent service and quick response.,Positive,0.6666666666666666,Service Quality,1,0,0,0.0
2025-08,1036,Branch 1036,North,9202,478,6343187,4473845,811220,601737,28,79109,100,4.5,209483,25.823204556100688,70.52992446856761,1.0867202782003913,28972.14285714286,328.64285714285717,48.4952970861676,The ATM was not working properly.,Neutral,0.0,ATM Issue,0,0,1,0.0
2025-08,1037,Branch 1037,South,11907,563,7330715,5449284,868043,652599,35,89272,96,4.2,215444,24.819507789360664,74.33495914109332,0.8062484252960445,24801.22857142857,340.2,45.77395060000186,The loan process was very slow.,Negative,-0.39000000000000007,Loan Process,0,1,0,100.0
2025-08,1038,Branch 1038,East,10136,822,7152610,4221980,916029,655258,30,86367,99,4.3,260771,28.4675485164771,59.02712436439286,0.9767166535122336,30534.3,337.8666666666667,49.8932499478181,The mobile banking service was convenient.,Neutral,0.0,Digital Banking,0,0,1,0.0
2025-08,1039,Branch 1039,West,9469,621,6870635,5159222,996734,763702,28,60324,124,4.0,233032,23.379557635236683,75.09090498913127,1.3095363818777062,35597.642857142855,338.17857142857144,49.549290273038544,The account service was not satisfactory.,Neutral,0.0,Account Service,0,0,1,0.0
2025-08,1040,Branch 1040,Central,10455,767,8107653,6168167,1146742,768328,28,71852,190,3.8,378414,32.999052969194466,76.07832994332638,1.8173122907699666,40955.07142857143,373.39285714285717,56.13192386029023,The staff was very helpful and friendly.,Positive,0.2875,Staff Service,1,0,0,0.0
2025-08,1041,Branch 1041,North,10843,682,6485665,3444330,827753,672533,29,94422,162,4.1,155220,18.751970696572528,53.10681325662057,1.4940514617725722,28543.206896551725,373.8965517241379,46.36594949421729,The waiting time was too long.,Negative,-0.05,Waiting Time,0,1,0,100.0
2025-08,1042,Branch 1042,South,9615,504,7523097,5586713,941840,669016,28,61164,104,4.4,272824,28.96712817463688,74.26081306674631,1.0816432657306292,33637.142857142855,343.39285714285717,52.00555928352613,Excellent service and quick response.,Positive,0.6666666666666666,Service Quality,1,0,0,0.0
2025-08,1043,Branch 1043,East,10004,587,6137607,3870273,795174,599889,31,82182,179,4.0,195285,24.55877581510462,63.058338534871986,1.7892842862854859,25650.774193548386,322.7096774193548,44.799283298660896,The ATM was not working properly.,Neutral,0.0,ATM Issue,0,0,1,0.0
2025-08,1044,Branch 1044,West,11263,594,7389706,4653113,937791,728795,32,98320,157,4.2,208996,22.285989095651377,62.967498301014956,1.3939447749267513,29305.96875,351.96875,47.40872949856883,The loan process was very slow.,Negative,-0.39000000000000007,Loan Process,0,1,0,100.0
2025-08,1045,Branch 1045,Central,11383,726,7746963,5244038,965367,607280,31,91428,175,3.9,358087,37.09335413371288,67.69153279807843,1.5373803039620486,31140.870967741936,367.19354838709677,53.120043132855365,The mobile banking service was convenient.,Neutral,0.0,Digital Banking,0,0,1,0.0
2025-08,1046,Branch 1046,North,10790,1020,6787559,4081560,878465,564843,33,98755,166,4.1,313622,35.70113778010507,60.13295796029177,1.5384615384615385,26620.151515151516,326.969696969697,49.60823371854424,The account service was not satisfactory.,Neutral,0.0,Account Service,0,0,1,0.0
2025-08,1047,Branch 1047,South,8720,619,5109022,3509757,621402,415329,29,58019,112,4.3,206073,33.162590400417116,68.69723794495306,1.2844036697247707,21427.655172413793,300.6896551724138,45.92368051549762,The staff was very helpful and friendly.,Positive,0.2875,Staff Service,1,0,0,0.0
2025-08,1048,Branch 1048,East,11015,796,6196808,3512117,750599,526637,31,88276,80,4.2,223962,29.837769568038325,56.67622750293377,0.7262823422605538,24212.870967741936,355.3225806451613,47.84250566392323,The waiting time was too long.,Negative,-0.05,Waiting Time,0,1,0,100.0
2025-08,1049,Branch 1049,West,9878,705,7366422,4130224,988243,673527,30,66160,129,4.2,314716,31.84601358167981,56.068251316582185,1.3059323749746912,32941.433333333334,329.26666666666665,51.54979485660809,Excellent service and quick response.,Positive,0.6666666666666666,Service Quality,1,0,0,0.0
2025-08,1050,Branch 1050,Central,9817,499,7103568,5388969,768473,633977,28,66779,162,4.3,134496,17.501720945303216,75.86284807859937,1.650198635020882,27445.464285714286,350.60714285714283,45.127557779952916,The ATM was not working properly.,Neutral,0.0,ATM Issue,0,0,1,0.0
2025-08,1051,Branch 1051,North,10174,662,7347564,4040454,953527,681330,29,85567,196,4.2,272197,28.546333769258762,54.99038865125912,1.9264792608610182,32880.24137931035,350.82758620689657,51.19703113222833,The loan process was very slow.,Negative,-0.39000000000000007,Loan Process,0,1,0,100.0
2025-08,1052,Branch 1052,South,9646,840,7521151,4901001,887479,626397,26,73809,113,4.3,261082,29.418386237871548,65.1629119000536,1.1714700393945676,34133.807692307695,371.0,53.154577655968424,The mobile banking service was convenient.,Neutral,0.0,Digital Banking,0,0,1,0.0
2025-08,1053,Branch 1053,East,9642,558,7296314,4829756,973756,646834,29,71034,168,4.0,326922,33.57329762281311,66.19446476673015,1.7423771001866835,33577.793103448275,332.48275862068965,51.970366181784925,The account service was not satisfactory.,Neutral,0.0,Account Service,0,0,1,0.0
2025-08,1054,Branch 1054,West,11164,1015,7233254,4485631,989684,745598,37,92188,100,4.3,244086,24.663023753036324,62.01401195091448,0.895736295234683,26748.216216216217,301.72972972972974,45.43180946247185,The staff was very helpful and friendly.,Positive,0.2875,Staff Service,1,0,0,0.0
2025-08,1055,Branch 1055,Central,10051,807,6350040,3762105,736395,476188,31,74905,176,4.1,260207,35.335248066594694,59.245374832284526,1.7510695453188736,23754.677419354837,324.2258064516129,48.05883808781802,The waiting time was too long.,Negative,-0.05,Waiting Time,0,1,0,100.0
2025-08,1056,Branch 1056,North,11880,708,7607084,5098046,1048410,849328,39,104234,72,4.4,199082,18.988945164582557,67.01708565331998,0.6060606060606061,26882.30769230769,304.61538461538464,43.91856431965658,Excellent service and quick response.,Positive,0.6666666666666666,Service Quality,1,0,0,0.0
2025-08,1057,Branch 1057,South,12238,885,7468466,4144383,766817,493452,35,83419,168,3.7,273365,35.6493139823452,55.491756941786974,1.3727733289753228,21909.057142857142,349.65714285714284,47.10060101901762,The ATM was not working properly.,Neutral,0.0,ATM Issue,0,0,1,0.0
2025-08,1058,Branch 1058,East,8708,806,5328780,3727269,746262,549893,28,59992,149,4.1,196369,26.313680718032007,69.94601015617083,1.711070280202113,26652.214285714286,311.0,45.72241939872215,The loan process was very slow.,Negative,-0.39000000000000007,Loan Process,0,1,0,100.0
2025-08,1059,Branch 1059,West,9576,677,6271298,3337636,722494,543592,32,74688,83,4.2,178902,24.761728125077855,53.220816488069936,0.8667502088554719,22577.9375,299.25,43.15609421537658,The mobile banking service was convenient.,Neutral,0.0,Digital Banking,0,0,1,0.0
2025-08,1060,Branch 1060,Central,10122,725,6834183,4435314,786179,577071,31,92641,145,4.1,209108,26.598013938301584,64.89896451411968,1.432523216755582,25360.612903225807,326.51612903225805,45.82635993655154,The account service was not satisfactory.,Neutral,0.0,Account Service,0,0,1,0.0
2025-08,1061,Branch 1061,North,11872,856,8594303,4563126,836902,681815,38,87259,121,4.5,155087,18.531082492334825,53.09477685392289,1.0192048517520216,22023.736842105263,312.42105263157896,42.12806965706129,The staff was very helpful and friendly.,Positive,0.2875,Staff Service,1,0,0,0.0
2025-08,1062,Branch 1062,South,11290,989,6711544,4731679,849457,655078,32,68970,77,4.4,194379,22.88273567702662,70.50060313990343,0.6820194862710363,26545.53125,352.8125,46.982628942354495,The waiting time was too long.,Negative,-0.05,Waiting Time,0,1,0,100.0
2025-08,1063,Branch 1063,East,10198,915,6126417,3513337,668413,418319,28,91518,193,4.1,250094,37.41608855602749,57.34733695078216,1.892527946656207,23871.89285714286,364.2142857142857,50.38073987288137,Excellent service and quick response.,Positive,0.6666666666666666,Service Quality,1,0,0,0.0
2025-08,1064,Branch 1064,West,8796,651,6245470,3330794,724347,462082,24,71247,142,4.0,262265,36.207094113732786,53.33135856869059,1.6143701682582994,30181.125,366.5,52.642480434948595,The ATM was not working properly.,Neutral,0.0,ATM Issue,0,0,1,0.0
2025-08,1065,Branch 1065,Central,9346,852,6336178,4432548,822806,629299,27,76050,72,4.4,193507,23.51793739958143,69.95617863008268,0.7703830515728655,30474.296296296296,346.14814814814815,48.7522204909549,The loan process was very slow.,Negative,-0.39000000000000007,Loan Process,0,1,0,100.0
2025-08,1066,Branch 1066,North,10266,698,7126708,5103514,966576,644962,34,65947,83,4.2,321614,33.273534621178264,71.61110010400313,0.808494058055718,28428.70588235294,301.94117647058823,48.92522473827484,The mobile banking service was convenient.,Neutral,0.0,Digital Banking,0,0,1,0.0
2025-08,1067,Branch 1067,South,9817,768,6170729,4028149,824906,555213,27,61649,184,4.2,269693,32.693785716190696,65.27833259247004,1.874299684221249,30552.074074074073,363.5925925925926,52.07119121672744,The account service was not satisfactory.,Neutral,0.0,Account Service,0,0,1,0.0
2025-08,1068,Branch 1068,East,9765,618,6131366,3354364,839286,602752,26,87420,66,4.5,236534,28.182764873952383,54.708265662170554,0.6758832565284179,32280.23076923077,375.5769230769231,52.647280928790906,The staff was very helpful and friendly.,Positive,0.2875,Staff Service,1,0,0,0.0
2025-08,1069,Branch 1069,West,10335,616,7587828,5604152,1064130,884191,32,78324,63,4.3,179939,16.909494140753477,73.8571301299924,0.6095791001451378,33254.0625,322.96875,46.523050002319295,The waiting time was too long.,Negative,-0.05,Waiting Time,0,1,0,100.0
2025-08,1070,Branch 1070,Central,11625,945,6915905,5187824,861518,621750,32,112778,110,4.2,239768,27.830875269001925,75.01294479898148,0.946236559139785,26922.4375,363.28125,48.69064136483389,Excellent service and quick response.,Positive,0.6666666666666666,Service Quality,1,0,0,0.0
2025-08,1071,Branch 1071,North,9032,780,6931880,3949333,728558,478445,28,87728,107,3.9,250113,34.329868040705065,56.973476170966606,1.1846767050487157,26019.928571428572,322.57142857142856,48.083338926341035,The ATM was not working properly.,Neutral,0.0,ATM Issue,0,0,1,0.0
2025-08,1072,Branch 1072,South,8969,572,6924565,5143810,878672,655931,25,78761,151,4.1,222741,25.349732323324286,74.2835109497853,1.683576764410748,35146.88,358.76,51.12438859169972,The loan process was very slow.,Negative,-0.39000000000000007,Loan Process,0,1,0,100.0
2025-08,1073,Branch 1073,East,10414,750,7439192,5484562,900050,725852,33,92251,76,4.0,174198,19.3542580967724,73.72523790218078,0.7297868254273093,27274.242424242424,315.57575757575756,43.44841805267208,The mobile banking service was convenient.,Neutral,0.0,Digital Banking,0,0,1,0.0
2025-08,1074,Branch 1074,West,10603,735,7776987,4100576,771691,574735,35,67034,128,4.2,196956,25.52265090560859,52.7270522632994,1.2072055078751298,22048.314285714285,302.9428571428571,43.32143782065184,The account service was not satisfactory.,Neutral,0.0,Account Service,0,0,1,0.0
2025-08,1075,Branch 1075,Central,10439,908,7555193,4751098,1070012,743301,31,70182,156,4.1,326711,30.533395887148927,62.885196976437264,1.4943960149439601,34516.51612903226,336.741935483871,51.801416979735315,The staff was very helpful and friendly.,Positive,0.2875,Staff Service,1,0,0,0.0
2025-08,1076,Branch 1076,North,9927,551,5616108,4112365,689435,560878,28,83094,177,4.1,128557,18.646717964710234,73.22446434434666,1.7830160169235418,24622.678571428572,354.5357142857143,43.78350128998313,The waiting time was too long.,Negative,-0.05,Waiting Time,0,1,0,100.0
2025-08,1077,Branch 1077,South,9129,730,5527749,4002885,656661,526802,28,68778,107,4.3,129859,19.775652886344705,72.41437699142996,1.1720889473107678,23452.178571428572,326.0357142857143,43.1437797852513,Excellent service and quick response.,Positive,0.6666666666666666,Service Quality,1,0,0,0.0
2025-08,1078,Branch 1078,East,10597,939,6969839,3960027,789317,550611,28,84402,95,4.4,238706,30.242095381196656,56.81662087173033,0.8964801358875153,28189.89285714286,378.4642857142857,51.30115371512626,The ATM was not working properly.,Neutral,0.0,ATM Issue,0,0,1,0.0
2025-08,1079,Branch 1079,West,9991,504,5906983,4151559,588063,482242,29,74944,64,4.2,105821,17.99484068883776,70.28222359874745,0.6405765188669803,20278.03448275862,344.51724137931035,41.47473752038323,The loan process was very slow.,Negative,-0.39000000000000007,Loan Process,0,1,0,100.0
2025-08,1080,Branch 1080,Central,10807,977,6928192,4820197,1000998,745057,31,76032,159,3.7,255941,25.568582554610497,69.5736636629008,1.4712686221893219,32290.25806451613,348.61290322580646,48.29865003438391,The mobile banking service was convenient.,Neutral,0.0,Digital Banking,0,0,1,0.0
2025-08,1081,Branch 1081,North,9238,473,6700823,4061345,700876,459139,26,88533,56,4.2,241737,34.490694502308536,60.6096445168004,0.6061918164104785,26956.76923076923,355.3076923076923,50.7303132621808,The account service was not satisfactory.,Neutral,0.0,Account Service,0,0,1,0.0
2025-08,1082,Branch 1082,South,9400,591,5997429,4053608,658843,454629,32,65398,169,4.0,204214,30.995851819022135,67.58909526065253,1.797872340425532,20588.84375,293.75,43.61296592707742,The staff was very helpful and friendly.,Positive,0.2875,Staff Service,1,0,0,0.0
2025-08,1083,Branch 1083,East,11024,947,7470345,5238974,809429,563563,29,100263,183,4.1,245866,30.375239829558865,70.13028180090745,1.6600145137880988,27911.344827586207,380.13793103448273,50.384304371444344,The waiting time was too long.,Negative,-0.05,Waiting Time,0,1,0,100.0
2025-08,1084,Branch 1084,West,11529,679,7399594,4469109,909799,678841,39,71562,176,4.0,230958,25.385607150590406,60.39667852047018,1.5265851331425102,23328.17948717949,295.61538461538464,42.9789706973531,Excellent service and quick response.,Positive,0.6666666666666666,Service Quality,1,0,0,0.0
2025-08,1085,Branch 1085,Central,10969,1038,8290736,5540277,1118136,721764,31,90786,143,4.2,396372,35.44935499796089,66.82491156394317,1.3036739903364025,36068.903225806454,353.83870967741933,55.19310402788645,The ATM was not working properly.,Neutral,0.0,ATM Issue,0,0,1,0.0
2025-08,1086,Branch 1086,North,10070,949,7487819,5003025,963083,657108,33,88720,168,4.3,305975,31.770366624683437,66.8155173088452,1.6683217477656405,29184.333333333332,305.1515151515151,49.16967790949767,The loan process was very slow.,Negative,-0.39000000000000007,Loan Process,0,1,0,100.0
2025-08,1087,Branch 1087,South,10030,561,5981681,4237637,778717,625108,31,98587,198,4.1,153609,19.725908128370126,70.84358059214459,1.9740777666999003,25119.90322580645,323.5483870967742,43.196326110324726,The mobile banking service was convenient.,Neutral,0.0,Digital Banking,0,0,1,0.0
2025-08,1088,Branch 1088,East,10615,668,6926875,4005980,967967,622012,33,73464,146,4.2,345955,35.74037131431134,57.832428042948656,1.3754121526142253,29332.333333333332,321.6666666666667,50.96306263791209,The account service was not satisfactory.,Neutral,0.0,Account Service,0,0,1,0.0
2025-08,1089,Branch 1089,West,12068,630,7605017,4531326,788965,513923,32,114767,228,4.3,275042,34.86111551209496,59.58337765714396,1.88929400066291,24655.15625,377.125,50.94327098621405,The staff was very helpful and friendly.,Positive,0.2875,Staff Service,1,0,0,0.0
2025-08,1090,Branch 1090,Central,10587,938,5932099,3410770,797545,529904,34,69782,205,3.9,267641,33.558106439135095,57.496848923121476,1.936337017096439,23457.20588235294,311.38235294117646,46.205707439760864,The waiting time was too long.,Negative,-0.05,Waiting Time,0,1,0,100.0
2025-08,1091,Branch 1091,North,9954,761,5506183,3688297,744489,536364,31,79406,119,4.2,208125,27.955416399705037,66.98464253730761,1.1954992967651195,24015.774193548386,321.0967741935484,45.775293349390594,Excellent service and quick response.,Positive,0.6666666666666666,Service Quality,1,0,0,0.0
2025-08,1092,Branch 1092,South,11860,979,8383612,5753888,1178408,978472,39,112411,154,4.1,199936,16.966619371219476,68.63256553380572,1.2984822934232716,30215.589743589742,304.1025641025641,43.82147565289995,The ATM was not working properly.,Neutral,0.0,ATM Issue,0,0,1,0.0
2025-08,1093,Branch 1093,East,8871,597,5053427,3101154,578766,391722,24,60430,115,4.0,187044,32.317724261618686,61.367345367806834,1.2963589223311915,24115.25,369.625,48.61639334258328,The loan process was very slow.,Negative,-0.39000000000000007,Loan Process,0,1,0,100.0
2025-08,1094,Branch 1094,West,10868,790,7038515,4953880,869216,607688,31,72889,209,4.1,261528,30.087803261789936,70.38245993650649,1.9230769230769231,28039.225806451614,350.5806451612903,49.20429107113843,The mobile banking service was convenient.,Neutral,0.0,Digital Banking,0,0,1,0.0
2025-08,1095,Branch 1095,Central,10584,635,8172052,6185525,970625,762256,31,77340,189,3.9,208369,21.46750804893754,75.69120950282743,1.7857142857142856,31310.483870967742,341.4193548387097,46.73641864682692,The account service was not satisfactory.,Neutral,0.0,Account Service,0,0,1,0.0
2025-08,1096,Branch 1096,North,10937,879,7939125,5367129,1016020,789809,33,94317,93,4.5,226211,22.264423928662822,67.60353313494875,0.8503245862668007,30788.484848484848,331.42424242424244,48.19079428332824,The staff was very helpful and friendly.,Positive,0.2875,Staff Service,1,0,0,0.0
2025-08,1097,Branch 1097,South,9988,717,5571206,4158702,628216,493434,31,96116,68,4.4,134782,21.454722579494952,74.6463512568015,0.6808169803764518,20265.032258064515,322.19354838709677,42.420134615354314,The waiting time was too long.,Negative,-0.05,Waiting Time,0,1,0,100.0
2025-08,1098,Branch 1098,East,9419,573,5277010,3410416,611433,504647,25,61414,174,4.4,106786,17.464873502084448,64.62781006668548,1.8473298651661536,24457.32,376.76,45.049695421107714,Excellent service and quick response.,Positive,0.6666666666666666,Service Quality,1,0,0,0.0
2025-08,1099,Branch 1099,West,12641,924,7725902,5651872,894140,571201,40,123938,136,4.3,322939,36.11727469971145,73.15484975087698,1.0758642512459458,22353.5,316.025,47.97342010481952,The ATM was not working properly.,Neutral,0.0,ATM Issue,0,0,1,0.0
2025-08,1100,Branch 1100,Central,12690,754,9581214,5948393,931227,650698,36,96571,115,4.1,280529,30.12466348162156,62.083917549487985,0.9062253743104807,25867.416666666668,352.5,48.29391522269158,The loan process was very slow.,Negative,-0.39000000000000007,Loan Process,0,1,0,100.0
2025-09,1001,Branch 1001,North,11127,966,8715593,6182160,1080824,676517,31,89773,119,4.2,404307,37.40729295426453,70.93217868250618,1.0694706569605463,34865.290322580644,358.93548387096774,55.52200044130287,The mobile banking service was convenient.,Neutral,0.0,Digital Banking,0,0,1,0.0
2025-09,1002,Branch 1002,South,9691,711,7215539,4490547,974665,788222,30,66511,135,4.1,186443,19.128931479021,62.23439440906632,1.3930450933856153,32488.833333333332,323.03333333333336,46.350985971553186,The account service was not satisfactory.,Neutral,0.0,Account Service,0,0,1,0.0
2025-09,1003,Branch 1003,East,9852,836,7454925,5584048,907491,736597,28,59185,136,4.1,170894,18.831481524334677,74.90414725835606,1.3804303694681284,32410.39285714286,351.85714285714283,47.320746436467786,The staff was very helpful and friendly.,Positive,0.2875,Staff Service,1,0,0,0.0
2025-09,1004,Branch 1004,West,10174,951,6229195,3539927,709875,541550,32,101470,164,3.9,168325,23.711921112871984,56.828001049894894,1.6119520345979947,22183.59375,317.9375,42.42717646431064,The waiting time was too long.,Negative,-0.05,Waiting Time,0,1,0,100.0
2025-09,1005,Branch 1005,Central,10393,809,7784402,4201565,827465,550205,33,88753,112,4.1,277260,33.50715740242789,53.97415241401973,1.0776484172038872,25074.696969696968,314.93939393939394,47.66751081368958,Excellent service and quick response.,Positive,0.6666666666666666,Service Quality,1,0,0,0.0
2025-09,1006,Branch 1006,North,11926,675,7784842,4426393,883856,617691,34,92001,204,4.3,266165,30.11406835502616,56.85912443695068,1.7105483816870704,25995.764705882353,350.7647058823529,48.882318871403434,The ATM was not working properly.,Neutral,0.0,ATM Issue,0,0,1,0.0
2025-09,1007,Branch 1007,South,8935,721,6402368,3470601,674672,475722,25,88033,117,4.3,198950,29.488403253729217,54.208083634055406,1.3094571908226076,26986.88,357.4,49.37390262130328,The loan process was very slow.,Negative,-0.39000000000000007,Loan Process,0,1,0,100.0
2025-09,1008,Branch 1008,East,8654,662,6822453,4331391,712070,537220,27,65350,118,4.3,174850,24.555170137767355,63.48729701765626,1.3635313149988444,26372.962962962964,320.51851851851853,45.94524098161229,The mobile banking service was convenient.,Neutral,0.0,Digital Banking,0,0,1,0.0
2025-09,1009,Branch 1009,West,8948,690,5763165,3639427,765535,587404,24,55079,67,4.4,178131,23.26882507004905,63.149797029930596,0.7487706750111757,31897.291666666668,372.8333333333333,50.345931916427254,The account service was not satisfactory.,Neutral,0.0,Account Service,0,0,1,0.0
2025-09,1010,Branch 1010,Central,9110,545,5548173,3187099,645249,467993,25,67816,97,4.3,177256,27.47094532498307,57.44411718956853,1.0647639956092205,25809.96,364.4,48.396951713644,The staff was very helpful and friendly.,Positive,0.2875,Staff Service,1,0,0,0.0
2025-09,1011,Branch 1011,North,11665,954,7086677,5526202,904059,737685,38,102842,225,4.2,166374,18.403002458910315,77.98015910701164,1.9288469781397342,23791.026315789473,306.9736842105263,41.78493493745176,The waiting time was too long.,Negative,-0.05,Waiting Time,0,1,0,100.0
2025-09,1012,Branch 1012,South,9135,421,5835034,3106555,671116,492256,24,75901,151,3.9,178860,26.65113035600403,53.23970691516108,1.6529830322933772,27963.166666666668,380.625,48.52341496188734,Excellent service and quick response.,Positive,0.6666666666666666,Service Quality,1,0,0,0.0
2025-09,1013,Branch 1013,East,8858,503,6597887,4480266,899269,731048,28,82370,100,4.4,168221,18.70641598898661,67.90455792892483,1.1289230074508918,32116.75,316.35714285714283,46.67519195131116,The ATM was not working properly.,Neutral,0.0,ATM Issue,0,0,1,0.0
2025-09,1014,Branch 1014,West,9215,453,6316793,4465193,696470,514361,24,79685,104,4.6,182109,26.14742917857194,70.6876574869558,1.1285946825827455,29019.583333333332,383.9583333333333,51.060524486639835,The loan process was very slow.,Negative,-0.39000000000000007,Loan Process,0,1,0,100.0
2025-09,1015,Branch 1015,Central,10985,846,7078006,4822399,843561,641686,36,80545,155,4.0,201875,23.931286534109567,68.13216886224737,1.411015020482476,23432.25,305.1388888888889,42.884452447919685,The mobile banking service was convenient.,Neutral,0.0,Digital Banking,0,0,1,0.0
2025-09,1016,Branch 1016,North,9426,524,7125077,4395872,965925,632477,25,69960,158,4.0,333448,34.52110671118358,61.695782375404505,1.6762147252280923,38637.0,377.04,56.34073946989277,The account service was not satisfactory.,Neutral,0.0,Account Service,0,0,1,0.0
2025-09,1017,Branch 1017,South,11094,863,7817288,5421840,949000,685695,30,67863,89,4.0,263305,27.745521601685986,69.3570455636277,0.8022354425815756,31633.333333333332,369.8,50.47477867186473,The staff was very helpful and friendly.,Positive,0.2875,Staff Service,1,0,0,0.0
2025-09,1018,Branch 1018,East,9280,708,6656407,4805093,726592,523358,25,79339,125,4.0,203234,27.970855720954813,72.18748793455688,1.3469827586206895,29063.68,371.2,49.427700894904326,The waiting time was too long.,Negative,-0.05,Waiting Time,0,1,0,100.0
2025-09,1019,Branch 1019,West,9950,831,7748534,5381077,1013572,659943,26,85440,175,4.3,353629,34.88938131676881,69.44638818129985,1.7587939698492463,38983.53846153846,382.6923076923077,57.74639486375649,Excellent service and quick response.,Positive,0.6666666666666666,Service Quality,1,0,0,0.0
2025-09,1020,Branch 1020,Central,9423,534,7142314,4220136,889294,632715,29,83001,142,4.2,256579,28.851988206374944,59.08639692962253,1.5069510771516503,30665.310344827587,324.9310344827586,49.289860221201074,The ATM was not working properly.,Neutral,0.0,ATM Issue,0,0,1,0.0
2025-09,1021,Branch 1021,North,10793,597,6443828,4978005,718161,524601,31,84945,81,4.4,193560,26.952173676933167,77.25229475398785,0.7504864263874733,23166.483870967742,348.16129032258067,46.67634868999027,The loan process was very slow.,Negative,-0.39000000000000007,Loan Process,0,1,0,100.0
2025-09,1022,Branch 1022,South,8517,765,5340352,3563476,703031,453825,24,67556,110,4.1,249206,35.44737003062453,66.72736179188188,1.2915345779030176,29292.958333333332,354.875,51.82114658611373,The mobile banking service was convenient.,Neutral,0.0,Digital Banking,0,0,1,0.0
2025-09,1023,Branch 1023,East,8901,596,5815917,4005187,626296,450615,25,88255,154,4.0,175681,28.05079387382324,68.86595871295962,1.7301426805976856,25051.84,356.04,47.0299004667291,The account service was not satisfactory.,Neutral,0.0,Account Service,0,0,1,0.0
2025-09,1024,Branch 1024,West,8946,571,6881557,4149869,776948,613860,25,87381,150,4.0,163088,20.990851382589312,60.30421603715554,1.676727028839705,31077.92,357.84,47.39509747390043,The staff was very helpful and friendly.,Positive,0.2875,Staff Service,1,0,0,0.0
2025-09,1025,Branch 1025,Central,9418,761,6379135,4330662,673524,471790,29,71837,146,4.2,201734,29.952013588231452,67.88791897334043,1.5502229772775535,23224.96551724138,324.7586206896552,46.25200595782235,The waiting time was too long.,Negative,-0.05,Waiting Time,0,1,0,100.0
2025-09,1026,Branch 1026,North,10528,727,8223873,4806380,904569,693812,29,74351,78,4.4,210757,23.299162363512345,58.444239107291665,0.7408814589665653,31192.03448275862,363.0344827586207,49.6554195307185,Excellent service and quick response.,Positive,0.6666666666666666,Service Quality,1,0,0,0.0
2025-09,1027,Branch 1027,South,10355,851,7656180,4360178,812694,560097,34,96468,174,4.2,252597,31.08144024688259,56.94978435721209,1.680347658136166,23902.764705882353,304.55882352941177,46.180706555619594,The ATM was not working properly.,Neutral,0.0,ATM Issue,0,0,1,0.0
2025-09,1028,Branch 1028,East,12704,742,7130545,5131123,754994,498949,33,82964,195,4.3,256045,33.913514544486446,71.95975903665148,1.5349496221662469,22878.60606060606,384.969696969697,50.09797635926145,The loan process was very slow.,Negative,-0.39000000000000007,Loan Process,0,1,0,100.0
2025-09,1029,Branch 1029,West,11668,622,8560811,5339496,927465,649866,31,77030,74,3.9,277599,29.930940790218497,62.37138046850935,0.6342132327733974,29918.225806451614,376.38709677419354,50.40582751546275,The mobile banking service was convenient.,Neutral,0.0,Digital Banking,0,0,1,0.0
2025-09,1030,Branch 1030,Central,10067,546,6017148,3762510,648284,478758,28,79420,127,4.1,169526,26.149958968600178,62.52978986057847,1.26154763087315,23153.0,359.5357142857143,45.92736371252788,The account service was not satisfactory.,Neutral,0.0,Account Service,0,0,1,0.0
2025-09,1031,Branch 1031,North,11689,1053,7882368,5630514,796097,525956,31,101807,218,4.2,270141,33.933176484775096,71.43175756320943,1.8650012832577636,25680.548387096773,377.06451612903226,50.786970753199455,The staff was very helpful and friendly.,Positive,0.2875,Staff Service,1,0,0,0.0
2025-09,1032,Branch 1032,South,12176,885,6870494,4944563,818023,571220,38,110434,221,4.0,246803,30.170667572916653,71.96808555542003,1.8150459921156374,21526.92105263158,320.42105263157896,44.78185852468438,The waiting time was too long.,Negative,-0.05,Waiting Time,0,1,0,100.0
2025-09,1033,Branch 1033,East,8309,684,5542462,3851240,792245,546855,24,52730,143,4.0,245390,30.974004253734638,69.48608759067722,1.7210253941509206,33010.208333333336,346.2083333333333,51.32852193405473,Excellent service and quick response.,Positive,0.6666666666666666,Service Quality,1,0,0,0.0
2025-09,1034,Branch 1034,West,10046,601,5593821,4160172,674096,443857,28,66298,67,4.4,230239,34.15522418171892,74.37084597451367,0.6669321122834959,24074.85714285714,358.7857142857143,50.0235966429813,The ATM was not working properly.,Neutral,0.0,ATM Issue,0,0,1,0.0
2025-09,1035,Branch 1035,Central,8766,778,5317761,3931936,683263,545539,25,80105,163,4.2,137724,20.156806383486302,73.93969003119922,1.8594569929272189,27330.52,350.64,45.705326361243465,The loan process was very slow.,Negative,-0.39000000000000007,Loan Process,0,1,0,100.0
2025-09,1036,Branch 1036,North,8468,525,4815806,3706969,677092,422699,25,66655,78,4.2,254393,37.571408316742776,76.97504841349506,0.9211147850732169,27083.68,338.72,51.22811167517911,The mobile banking service was convenient.,Neutral,0.0,Digital Banking,0,0,1,0.0
2025-09,1037,Branch 1037,South,11619,692,7910651,5385747,1077802,788338,31,73731,134,4.1,289464,26.856880948448786,68.0822223101487,1.1532834150959637,34767.8064516129,374.80645161290323,52.09572093031778,The account service was not satisfactory.,Neutral,0.0,Account Service,0,0,1,0.0
2025-09,1038,Branch 1038,East,10588,693,6067480,4346334,677912,460566,29,72293,166,4.1,217346,32.06109347525933,71.63326455134586,1.567812618058179,23376.275862068964,365.1034482758621,48.3131676388405,The staff was very helpful and friendly.,Positive,0.2875,Staff Service,1,0,0,0.0
2025-09,1039,Branch 1039,West,8988,814,5150019,3432241,673835,475937,24,87915,66,4.0,197898,29.368910786765305,66.64521043514597,0.7343124165554071,28076.458333333332,374.5,49.59080781469643,The waiting time was too long.,Negative,-0.05,Waiting Time,0,1,0,100.0
2025-09,1040,Branch 1040,Central,10294,758,7216633,4802945,806219,675510,34,74473,197,3.9,130709,16.21259236014036,66.55382087463781,1.9137361569846512,23712.323529411766,302.7647058823529,39.920085056183325,Excellent service and quick response.,Positive,0.6666666666666666,Service Quality,1,0,0,0.0
2025-09,1041,Branch 1041,North,10841,648,7322845,5387775,786005,515784,35,71262,104,4.3,270221,34.37904339030922,73.57488790217464,0.9593210958398672,22457.285714285714,309.74285714285713,47.170793292339816,The ATM was not working properly.,Neutral,0.0,ATM Issue,0,0,1,0.0
2025-09,1042,Branch 1042,South,9553,543,6886359,3583123,835829,657144,29,60796,71,4.5,178685,21.378176636608686,52.03218420648705,0.743222024494923,28821.689655172413,329.41379310344826,46.900142435491944,The loan process was very slow.,Negative,-0.39000000000000007,Loan Process,0,1,0,100.0
2025-09,1043,Branch 1043,East,10009,469,7051227,3675957,845825,676027,27,76206,138,4.2,169798,20.074838175745572,52.132160828179266,1.3787591167948845,31326.85185185185,370.7037037037037,48.284116749330416,The mobile banking service was convenient.,Neutral,0.0,Digital Banking,0,0,1,0.0
2025-09,1044,Branch 1044,West,11599,588,7941790,4443084,875961,606868,37,115970,92,4.1,269093,30.719746655387624,55.94562434917065,0.7931718251573412,23674.62162162162,313.4864864864865,45.99312899793139,The account service was not satisfactory.,Neutral,0.0,Account Service,0,0,1,0.0
2025-09,1045,Branch 1045,Central,11953,546,6810031,4688128,846538,567000,35,81022,140,3.8,279538,33.02131741280368,68.84150747625084,1.1712540784740233,24186.8,341.51428571428573,47.21307754485682,The staff was very helpful and friendly.,Positive,0.2875,Staff Service,1,0,0,0.0
2025-09,1046,Branch 1046,North,11340,563,8449137,6176221,952539,740130,31,82694,180,3.9,212409,22.29924444038512,73.09883837840479,1.5873015873015872,30727.064516129034,365.80645161290323,47.69869480209266,The waiting time was too long.,Negative,-0.05,Waiting Time,0,1,0,100.0
2025-09,1047,Branch 1047,South,8688,584,6107112,3347740,756098,613561,25,74339,161,4.0,142537,18.851656795812183,54.81707229210796,1.853130755064457,30243.92,347.52,45.86606956655959,Excellent service and quick response.,Positive,0.6666666666666666,Service Quality,1,0,0,0.0
2025-09,1048,Branch 1048,East,10574,737,6977726,4862600,805804,581210,30,81964,169,4.3,224594,27.87203836168597,69.68745978274298,1.5982598827312275,26860.133333333335,352.46666666666664,48.560017412536396,The ATM was not working properly.,Neutral,0.0,ATM Issue,0,0,1,0.0
2025-09,1049,Branch 1049,West,8978,849,5732977,3866696,671115,524082,24,71624,130,4.3,147033,21.908763773719855,67.44656397540057,1.4479839607930498,27963.125,374.0833333333333,47.811675431647984,The loan process was very slow.,Negative,-0.39000000000000007,Loan Process,0,1,0,100.0
2025-09,1050,Branch 1050,Central,9850,878,7679966,5526493,945652,742881,33,72232,189,4.2,202771,21.442454518152555,71.9598628431428,1.9187817258883249,28656.121212121212,298.4848484848485,44.75567547458826,The mobile banking service was convenient.,Neutral,0.0,Digital Banking,0,0,1,0.0
2025-09,1051,Branch 1051,North,10081,720,7177150,4971757,780053,576461,31,76814,145,4.0,203592,26.099765015966863,69.27202301749301,1.4383493701021723,25163.0,325.19354838709677,45.2103120946088,The account service was not satisfactory.,Neutral,0.0,Account Service,0,0,1,0.0
2025-09,1052,Branch 1052,South,9223,468,6853287,3989895,741329,492776,31,81341,161,4.3,248553,33.5280287159952,58.21870585603667,1.7456359102244388,23913.83870967742,297.51612903225805,47.07091256192284,The staff was very helpful and friendly.,Positive,0.2875,Staff Service,1,0,0,0.0
2025-09,1053,Branch 1053,East,9281,524,5234029,3819190,755622,615296,25,83495,132,3.9,140326,18.57092567447745,72.96845317440923,1.4222605322702295,30224.88,371.24,46.372429012514736,The waiting time was too long.,Negative,-0.05,Waiting Time,0,1,0,100.0
2025-09,1054,Branch 1054,West,10905,558,8121133,5957263,1085062,799293,32,103838,85,4.2,285769,26.336651730500193,73.35507250035185,0.7794589637780834,33908.1875,340.78125,50.508780290406264,Excellent service and quick response.,Positive,0.6666666666666666,Service Quality,1,0,0,0.0
2025-09,1055,Branch 1055,Central,9350,432,6635392,4231122,680759,479148,26,57311,118,4.0,201611,29.61562021214556,63.765968913366386,1.2620320855614975,26183.03846153846,359.61538461538464,48.23465095925657,The ATM was not working properly.,Neutral,0.0,ATM Issue,0,0,1,0.0
2025-09,1056,Branch 1056,North,11620,702,7058263,5008657,917278,583801,32,100248,173,4.4,333477,36.35506356851467,70.96160910977673,1.4888123924268504,28664.9375,363.125,53.06815724571091,The loan process was very slow.,Negative,-0.39000000000000007,Loan Process,0,1,0,100.0
2025-09,1057,Branch 1057,South,11915,897,7165263,3842376,852344,533375,38,104358,220,4.0,318969,37.42256647550754,53.62505186480943,1.8464120856063786,22430.105263157893,313.55263157894734,47.4702449098211,The mobile banking service was convenient.,Neutral,0.0,Digital Banking,0,0,1,0.0
2025-09,1058,Branch 1058,East,9703,472,5805267,4431109,763267,551424,28,63652,91,4.4,211843,27.754769955991808,76.32911630076619,0.937854271874678,27259.535714285714,346.5357142857143,48.7739824766542,The account service was not satisfactory.,Neutral,0.0,Account Service,0,0,1,0.0
2025-09,1059,Branch 1059,West,8938,600,6100518,4366320,672381,466197,24,72633,124,4.4,206184,30.664757035073865,71.5729385602993,1.387334974267174,28015.875,372.4166666666667,51.1363168339368,The staff was very helpful and friendly.,Positive,0.2875,Staff Service,1,0,0,0.0
2025-09,1060,Branch 1060,Central,10696,931,6740832,3995498,937219,633691,32,92057,120,4.2,303528,32.38602717187765,59.27306896240702,1.1219147344801794,29288.09375,334.25,50.25326093498663,The waiting time was too long.,Negative,-0.05,Waiting Time,0,1,0,100.0
2025-09,1061,Branch 1061,North,11884,710,7561464,4715142,1004036,697405,32,73914,96,4.2,306631,30.539841200913116,62.35752758989529,0.8078088185796028,31376.125,371.375,51.995340306733254,Excellent service and quick response.,Positive,0.6666666666666666,Service Quality,1,0,0,0.0
2025-09,1062,Branch 1062,South,11288,1062,6875506,3720669,711256,586648,37,77669,77,4.4,124608,17.519430416052728,54.114838966033915,0.682140326009922,19223.135135135137,305.0810810810811,39.90546750071136,The ATM was not working properly.,Neutral,0.0,ATM Issue,0,0,1,0.0
2025-09,1063,Branch 1063,East,10102,943,6832883,3846478,925383,637661,32,75533,94,4.2,287722,31.09220722662941,56.293631838859234,0.9305088101366066,28918.21875,315.6875,48.91583247518572,The loan process was very slow.,Negative,-0.39000000000000007,Loan Process,0,1,0,100.0
2025-09,1064,Branch 1064,West,9466,608,6962284,4967270,865741,539896,28,64571,153,4.1,325845,37.63769995876365,71.34540906403703,1.616311007817452,30919.321428571428,338.07142857142856,52.68746953885497,The mobile banking service was convenient.,Neutral,0.0,Digital Banking,0,0,1,0.0
2025-09,1065,Branch 1065,Central,8687,564,5954356,3235576,598024,459613,23,60252,100,4.2,138411,23.144723288697445,54.339646470583894,1.1511453896627144,26001.043478260868,377.69565217391306,47.182469417189616,The account service was not satisfactory.,Neutral,0.0,Account Service,0,0,1,0.0
2025-09,1066,Branch 1066,North,9684,675,7449917,3926625,883557,555537,27,63775,124,4.3,328020,37.12493930782055,52.706963044017805,1.2804626187525816,32724.333333333332,358.6666666666667,54.729808151975334,The staff was very helpful and friendly.,Positive,0.2875,Staff Service,1,0,0,0.0
2025-09,1067,Branch 1067,South,9892,611,6354349,4796646,700194,496461,33,63596,68,4.2,203733,29.096650356901087,75.48603326635033,0.6874241811564901,21218.0,299.75757575757575,44.06844815110226,The waiting time was too long.,Negative,-0.05,Waiting Time,0,1,0,100.0
2025-09,1068,Branch 1068,East,9630,867,6904730,4073811,824509,643522,31,80978,174,4.1,180987,21.950882282667624,59.00029400135849,1.8068535825545171,26597.064516129034,310.64516129032256,44.15645465690952,Excellent service and quick response.,Positive,0.6666666666666666,Service Quality,1,0,0,0.0
2025-09,1069,Branch 1069,West,10626,986,7720490,5117325,862940,669415,33,79981,99,4.5,193525,22.426240526571952,66.28238622159992,0.9316770186335404,26149.696969696968,322.0,45.75464896696473,The ATM was not working properly.,Neutral,0.0,ATM Issue,0,0,1,0.0
2025-09,1070,Branch 1070,Central,11173,989,8805973,6057985,1108359,717699,31,80580,212,4.2,390660,35.24670255756483,68.79404467853809,1.8974313076165756,35753.51612903226,360.4193548387097,55.23075911015415,The loan process was very slow.,Negative,-0.39000000000000007,Loan Process,0,1,0,100.0
2025-09,1071,Branch 1071,North,8872,614,5642997,3003779,633185,518922,26,54904,164,4.0,114263,18.04575282105546,53.23020728169801,1.848512173128945,24353.26923076923,341.2307692307692,42.6371470303812,The mobile banking service was convenient.,Neutral,0.0,Digital Banking,0,0,1,0.0
2025-09,1072,Branch 1072,South,8388,767,4950693,2686310,661009,454637,28,55427,87,4.4,206372,31.220754936770906,54.26129230796577,1.0371959942775395,23607.464285714286,299.57142857142856,46.501836287670734,The account service was not satisfactory.,Neutral,0.0,Account Service,0,0,1,0.0
2025-09,1073,Branch 1073,East,10127,490,7037538,4883641,823061,599652,31,70720,157,4.3,223409,27.14367464865909,69.39416881301386,1.5503110496692012,26550.354838709678,326.6774193548387,47.16982019060437,The staff was very helpful and friendly.,Positive,0.2875,Staff Service,1,0,0,0.0
2025-09,1074,Branch 1074,West,11305,1066,7837829,4867299,856463,707366,33,106089,119,4.1,149097,17.40845780845174,62.100091747344834,1.0526315789473684,25953.424242424244,342.57575757575756,43.5005926245234,The waiting time was too long.,Negative,-0.05,Waiting Time,0,1,0,100.0
2025-09,1075,Branch 1075,Central,11065,645,6841869,4793428,704383,575782,31,75206,192,4.1,128601,18.257254930911166,70.06021307920395,1.7352010845006778,22722.032258064515,356.93548387096774,42.866915099199396,Excellent service and quick response.,Positive,0.6666666666666666,Service Quality,1,0,0,0.0
2025-09,1076,Branch 1076,North,10019,693,7111059,5071646,953385,639871,32,70827,93,4.0,313514,32.884301724906514,71.32054452086531,0.9282363509332269,29793.28125,313.09375,49.24497489370797,The ATM was not working properly.,Neutral,0.0,ATM Issue,0,0,1,0.0
2025-09,1077,Branch 1077,South,8717,566,4919717,2624925,500175,314859,27,57874,62,4.3,185316,37.05023241865347,53.35520315497823,0.7112538717448663,18525.0,322.85185185185185,46.804978112667115,The loan process was very slow.,Negative,-0.39000000000000007,Loan Process,0,1,0,100.0
2025-09,1078,Branch 1078,East,10329,686,7446265,4318143,897805,668109,30,100755,122,4.1,229696,25.584174737275912,57.99072420871403,1.181140478265079,29926.833333333332,344.3,48.25287226442666,The mobile banking service was convenient.,Neutral,0.0,Digital Banking,0,0,1,0.0
2025-09,1079,Branch 1079,West,9954,819,6304172,4903724,692422,520220,29,70605,138,4.3,172202,24.869515988804515,77.78537768322312,1.3863773357444245,23876.620689655174,343.2413793103448,45.78403175477443,The account service was not satisfactory.,Neutral,0.0,Account Service,0,0,1,0.0
2025-09,1080,Branch 1080,Central,9891,831,6524457,3645507,885688,672864,32,80574,160,4.5,212824,24.02922925454562,55.87448886551019,1.6176321908805986,27677.75,309.09375,46.52033303860168,The staff was very helpful and friendly.,Positive,0.2875,Staff Service,1,0,0,0.0
2025-09,1081,Branch 1081,North,9392,815,6008065,4651588,760826,518506,25,84644,84,4.4,242320,31.84959504538488,77.4223980599411,0.8943781942078365,30433.04,375.68,52.78650541656561,The waiting time was too long.,Negative,-0.05,Waiting Time,0,1,0,100.0
2025-09,1082,Branch 1082,South,8914,625,5498035,4005819,681306,446475,30,84511,104,4.1,234831,34.46777219046948,72.85910329781458,1.166704061027597,22710.2,297.1333333333333,46.23243384629826,Excellent service and quick response.,Positive,0.6666666666666666,Service Quality,1,0,0,0.0
2025-09,1083,Branch 1083,East,10507,901,6687733,5014976,790253,592890,30,65643,163,4.5,197363,24.974660013944902,74.98768267214017,1.5513467212334633,26341.766666666666,350.23333333333335,47.82193135807587,The ATM was not working properly.,Neutral,0.0,ATM Issue,0,0,1,0.0
2025-09,1084,Branch 1084,West,11453,818,6808113,4529549,739357,476061,37,83302,186,4.2,263296,35.61148403274738,66.53163659298839,1.6240286387845981,19982.62162162162,309.5405405405405,46.15811849983389,The loan process was very slow.,Negative,-0.39000000000000007,Loan Process,0,1,0,100.0
2025-09,1085,Branch 1085,Central,10836,753,7982949,4786874,1031478,744825,32,100406,182,4.4,286653,27.790510316264623,59.96373019544532,1.6795865633074936,32233.6875,338.625,50.76575826909214,The mobile banking service was convenient.,Neutral,0.0,Digital Banking,0,0,1,0.0
2025-09,1086,Branch 1086,North,10920,884,6287537,3509198,779924,578544,29,96433,159,3.8,201380,25.82046455808515,55.81196579837224,1.456043956043956,26893.931034482757,376.55172413793105,47.28489910762272,The account service was not satisfactory.,Neutral,0.0,Account Service,0,0,1,0.0
2025-09,1087,Branch 1087,South,9261,808,7281396,4862459,1019064,740898,27,92331,67,4.5,278166,27.296224770966298,66.77921376615143,0.7234639887701112,37743.11111111111,343.0,53.590865558354665,The staff was very helpful and friendly.,Positive,0.2875,Staff Service,1,0,0,0.0
2025-09,1088,Branch 1088,East,9600,529,5958944,4324202,758151,519722,32,66233,95,4.3,238429,31.448748336413196,72.56658226692515,0.9895833333333333,23692.21875,300.0,46.33705135949999,The waiting time was too long.,Negative,-0.05,Waiting Time,0,1,0,100.0
2025-09,1089,Branch 1089,West,12375,978,9445250,7006993,1186286,810509,36,110466,222,4.4,375777,31.67676260193579,74.18536301315476,1.793939393939394,32952.38888888889,343.75,52.653279549834984,Excellent service and quick response.,Positive,0.6666666666666666,Service Quality,1,0,0,0.0
2025-09,1090,Branch 1090,Central,9574,553,7205172,4208381,738613,505068,32,80719,72,4.4,233545,31.619400145949232,58.40777985591461,0.7520367662419052,23081.65625,299.1875,46.38515458982759,The ATM was not working properly.,Neutral,0.0,ATM Issue,0,0,1,0.0
2025-09,1091,Branch 1091,North,10738,855,7657925,5805434,913824,753915,30,105071,200,4.1,159909,17.49888381132472,75.80949147451823,1.8625442354255914,30460.8,357.93333333333334,46.19315288908882,The loan process was very slow.,Negative,-0.39000000000000007,Loan Process,0,1,0,100.0
2025-09,1092,Branch 1092,South,11603,649,7546116,5847774,969557,785085,36,105022,163,4.2,184472,19.026421345006018,77.4938259629192,1.4048091010945445,26932.13888888889,322.30555555555554,44.035735057793964,The mobile banking service was convenient.,Neutral,0.0,Digital Banking,0,0,1,0.0
2025-09,1093,Branch 1093,East,9160,644,6493483,4041009,901118,694417,28,73047,94,4.4,206701,22.93828333248254,62.23176375452126,1.0262008733624455,32182.785714285714,327.14285714285717,48.60197826557379,The account service was not satisfactory.,Neutral,0.0,Account Service,0,0,1,0.0
2025-09,1094,Branch 1094,West,10278,574,7467775,5735988,891722,573388,34,100357,90,4.5,318334,35.6987940187637,76.8098663926002,0.8756567425569177,26227.117647058825,302.29411764705884,49.67679956274608,The staff was very helpful and friendly.,Positive,0.2875,Staff Service,1,0,0,0.0
2025-09,1095,Branch 1095,Central,10200,530,7092077,5307684,821379,561867,32,92972,154,4.2,259512,31.594671887155624,74.83962737573209,1.5098039215686274,25668.09375,318.75,47.717328635833915,The waiting time was too long.,Negative,-0.05,Waiting Time,0,1,0,100.0
2025-09,1096,Branch 1096,North,11042,766,7088666,4682707,858074,632134,34,76968,129,4.5,225940,26.331062355927344,66.05907232757193,1.168266618366238,25237.470588235294,324.7647058823529,46.80894631011824,Excellent service and quick response.,Positive,0.6666666666666666,Service Quality,1,0,0,0.0
2025-09,1097,Branch 1097,South,9423,589,6133700,4394981,865576,612950,27,72968,101,4.6,252626,29.185883157573684,71.65301530886741,1.0718454844529344,32058.37037037037,349.0,52.17313979597706,The ATM was not working properly.,Neutral,0.0,ATM Issue,0,0,1,0.0
2025-09,1098,Branch 1098,East,8446,452,4732447,2577759,638567,523030,28,58964,67,4.2,115537,18.093167983939036,54.469896863081615,0.7932749230404925,22805.964285714286,301.64285714285717,41.01893522854031,The loan process was very slow.,Negative,-0.39000000000000007,Loan Process,0,1,0,100.0
2025-09,1099,Branch 1099,West,11539,824,8011588,6095468,1065245,886796,36,93170,163,4.1,178449,16.751920919600654,76.08314356654387,1.4126007452985527,29590.13888888889,320.52777777777777,44.09162224474582,The mobile banking service was convenient.,Neutral,0.0,Digital Banking,0,0,1,0.0
2025-09,1100,Branch 1100,Central,11949,567,8996008,6538156,998565,647807,32,105716,190,4.4,350758,35.12620610576177,72.67841469238356,1.5900912210226799,31205.15625,373.40625,54.20028285639656,The account service was not satisfactory.,Neutral,0.0,Account Service,0,0,1,0.0
2025-10,1001,Branch 1001,North,10940,534,7208267,5103430,819328,592444,33,93670,105,4.1,226884,27.69147398843931,70.79968042249267,0.9597806215722121,24828.121212121212,331.5151515151515,46.157069467693404,The staff was very helpful and friendly.,Positive,0.2875,Staff Service,1,0,0,0.0
2025-10,1002,Branch 1002,South,9308,825,6570727,4347541,682287,432389,26,58611,119,4.2,249898,36.626522269953846,66.16529647328218,1.2784701332187365,26241.80769230769,358.0,51.25324881823976,The waiting time was too long.,Negative,-0.05,Waiting Time,0,1,0,100.0
2025-10,1003,Branch 1003,East,10966,879,8342478,6387057,1155105,879514,36,78355,121,4.0,275591,23.858523683994097,76.56066938384495,1.1034105416742659,32086.25,304.6111111111111,46.81213528530449,Excellent service and quick response.,Positive,0.6666666666666666,Service Quality,1,0,0,0.0
2025-10,1004,Branch 1004,West,9796,443,6467922,4091889,830210,604364,27,94788,107,4.2,225846,27.203478637934982,63.2643529096362,1.0922825643119642,30748.51851851852,362.81481481481484,50.209831985041816,The ATM was not working properly.,Neutral,0.0,ATM Issue,0,0,1,0.0
2025-10,1005,Branch 1005,Central,10755,1009,8508996,4553096,1036752,766952,30,79721,163,4.1,269800,26.02358133864222,53.5092036710324,1.515574151557415,34558.4,358.5,51.08002444731112,The loan process was very slow.,Negative,-0.39000000000000007,Loan Process,0,1,0,100.0
2025-10,1006,Branch 1006,North,11432,848,7700932,4229312,931776,616894,36,73411,84,4.2,314882,33.79374441925956,54.919482473030534,0.7347795661301609,25882.666666666668,317.55555555555554,48.53953184865906,The mobile banking service was convenient.,Neutral,0.0,Digital Banking,0,0,1,0.0
2025-10,1007,Branch 1007,South,9021,592,5253655,3423576,525879,425076,30,62957,103,4.5,100803,19.168477919825662,65.1656037558614,1.141780290433433,17529.3,300.7,39.836215003487844,The account service was not satisfactory.,Neutral,0.0,Account Service,0,0,1,0.0
2025-10,1008,Branch 1008,East,8865,777,5358549,4036488,673611,425008,23,72073,66,4.3,248603,36.906018458724695,75.32800390553489,0.7445008460236886,29287.434782608696,385.4347826086956,54.10586622117806,The staff was very helpful and friendly.,Positive,0.2875,Staff Service,1,0,0,0.0
2025-10,1009,Branch 1009,West,9599,477,7281617,5379102,879221,581555,27,61297,68,4.3,297666,33.85565176445968,73.8723555495984,0.7084071257422648,32563.74074074074,355.51851851851853,53.390599684486574,The waiting time was too long.,Negative,-0.05,Waiting Time,0,1,0,100.0
2025-10,1010,Branch 1010,Central,9022,831,6216274,4697743,781042,502598,28,58498,166,4.1,278444,35.65032354213986,75.5716849032073,1.839946796719131,27894.35714285714,322.2142857142857,49.992387612397806,Excellent service and quick response.,Positive,0.6666666666666666,Service Quality,1,0,0,0.0
2025-10,1011,Branch 1011,North,12183,833,7893127,5629371,1008267,694431,40,100053,161,4.2,313836,31.126279051084683,71.31990908039361,1.321513584502996,25206.675,304.575,46.79571166456095,The ATM was not working properly.,Neutral,0.0,ATM Issue,0,0,1,0.0
2025-10,1012,Branch 1012,South,9009,769,5382899,3585584,722235,516629,24,77591,134,4.2,205606,28.468019411964253,66.61064976325953,1.4874014874014874,30093.125,375.375,50.83513816616475,The loan process was very slow.,Negative,-0.39000000000000007,Loan Process,0,1,0,100.0
2025-10,1013,Branch 1013,East,9322,813,5319848,3240001,620712,486055,26,65452,130,4.0,134657,21.693957906404258,60.90401455079167,1.394550525638275,23873.53846153846,358.53846153846155,44.36019758334035,The mobile banking service was convenient.,Neutral,0.0,Digital Banking,0,0,1,0.0
2025-10,1014,Branch 1014,West,9803,736,6776863,3721047,721149,542350,33,68688,69,4.4,178799,24.793627946513134,54.90810423642915,0.7038661634193614,21853.0,297.06060606060606,43.35010072415476,The account service was not satisfactory.,Neutral,0.0,Account Service,0,0,1,0.0
2025-10,1015,Branch 1015,Central,11103,927,8504057,6010658,914837,656881,37,75293,181,4.1,257956,28.19693562896997,70.67988843442606,1.6301900387282717,24725.324324324323,300.0810810810811,45.076388024110265,The staff was very helpful and friendly.,Positive,0.2875,Staff Service,1,0,0,0.0
2025-10,1016,Branch 1016,North,8997,675,5842068,3355462,631733,500487,30,75195,152,4.4,131246,20.775549163966424,57.436202385867475,1.6894520395687451,21057.766666666666,299.9,41.68797597543734,The waiting time was too long.,Negative,-0.05,Waiting Time,0,1,0,100.0
2025-10,1017,Branch 1017,South,11345,990,7448153,5149026,908664,624688,30,90679,70,4.4,283976,31.252035956084978,69.13158201771634,0.617011899515205,30288.8,378.1666666666667,52.60688321968797,Excellent service and quick response.,Positive,0.6666666666666666,Service Quality,1,0,0,0.0
2025-10,1018,Branch 1018,East,9962,841,6301327,3464012,864640,606672,30,85190,131,4.2,257968,29.835307179866767,54.97273828195236,1.314996988556515,28821.333333333332,332.06666666666666,49.06212553448751,The ATM was not working properly.,Neutral,0.0,ATM Issue,0,0,1,0.0
2025-10,1019,Branch 1019,West,9862,709,5965676,3176519,714210,599406,32,97590,175,4.2,114804,16.07426387197043,53.24658932198128,1.7744879334820522,22319.0625,308.1875,40.340765191964046,The loan process was very slow.,Negative,-0.39000000000000007,Loan Process,0,1,0,100.0
2025-10,1020,Branch 1020,Central,8872,793,5681942,3827632,616256,390564,28,53600,126,4.2,225692,36.62309170214976,67.36485518507581,1.4201983769161406,22009.14285714286,316.85714285714283,47.724387266266874,The mobile banking service was convenient.,Neutral,0.0,Digital Banking,0,0,1,0.0
2025-10,1021,Branch 1021,North,11023,950,8421203,6120740,1018361,778944,32,77591,83,4.3,239417,23.510032296994876,72.68248966329395,0.7529710605098431,31823.78125,344.46875,49.00440132177223,The account service was not satisfactory.,Neutral,0.0,Account Service,0,0,1,0.0
2025-10,1022,Branch 1022,South,8759,648,6303003,4192914,883347,605944,28,85705,86,4.4,277403,31.403627340105306,66.52248142671041,0.9818472428359402,31548.10714285714,312.82142857142856,50.72197882904779,The staff was very helpful and friendly.,Positive,0.2875,Staff Service,1,0,0,0.0
2025-10,1023,Branch 1023,East,9666,729,7065202,4426435,846430,702448,26,66297,151,4.3,143982,17.010502935860025,62.65121648326545,1.5621767018415063,32555.0,371.7692307692308,48.11653093851746,The waiting time was too long.,Negative,-0.05,Waiting Time,0,1,0,100.0
2025-10,1024,Branch 1024,West,8510,509,4871539,2866552,535862,351842,26,78479,117,4.2,184020,34.34093106060889,58.842842066952564,1.374853113983549,20610.076923076922,327.3076923076923,46.685658565524015,Excellent service and quick response.,Positive,0.6666666666666666,Service Quality,1,0,0,0.0
2025-10,1025,Branch 1025,Central,8896,686,5364675,3565993,641853,503492,29,77095,124,4.4,138361,21.556493465014576,66.47174339545266,1.393884892086331,22132.862068965518,306.7586206896552,42.719031736572106,The ATM was not working properly.,Neutral,0.0,ATM Issue,0,0,1,0.0
2025-10,1026,Branch 1026,North,10363,888,8188714,6304198,1104351,886862,35,100290,83,4.4,217489,19.693829226396318,76.9864230207576,0.8009263726720062,31552.885714285716,296.0857142857143,45.98132153016457,The loan process was very slow.,Negative,-0.39000000000000007,Loan Process,0,1,0,100.0
2025-10,1027,Branch 1027,South,10550,623,7760438,4673514,893954,640274,30,91987,111,4.2,253680,28.377299055656106,60.22229673118966,1.052132701421801,29798.466666666667,351.6666666666667,49.75518577390299,The mobile banking service was convenient.,Neutral,0.0,Digital Banking,0,0,1,0.0
2025-10,1028,Branch 1028,East,12131,1093,8448892,5591521,959502,620361,40,106755,230,3.7,339141,35.34552299005109,66.18052402610898,1.8959690050284397,23987.55,303.275,46.16262991881104,The account service was not satisfactory.,Neutral,0.0,Account Service,0,0,1,0.0
2025-10,1029,Branch 1029,West,11751,859,7745197,5841512,1016488,853264,34,104825,215,4.2,163224,16.057641605213245,75.4210899993893,1.8296315207216407,29896.70588235294,345.61764705882354,45.255489741511205,The staff was very helpful and friendly.,Positive,0.2875,Staff Service,1,0,0,0.0
2025-10,1030,Branch 1030,Central,9102,583,5529046,3384959,605572,426571,27,67131,134,4.0,179001,29.55899546214158,61.22139334706205,1.4722039112283016,22428.59259259259,337.1111111111111,45.62443856854875,The waiting time was too long.,Negative,-0.05,Waiting Time,0,1,0,100.0
2025-10,1031,Branch 1031,North,11695,708,9248997,6803082,958958,612160,32,109857,198,3.9,346798,36.16404472354368,73.55480815919823,1.693031209918769,29967.4375,365.46875,52.189589718966566,Excellent service and quick response.,Positive,0.6666666666666666,Service Quality,1,0,0,0.0
2025-10,1032,Branch 1032,South,11483,879,8465956,6174154,1001930,744196,30,96396,148,4.5,257734,25.72375315640813,72.92920019900883,1.2888617956979884,33397.666666666664,382.76666666666665,52.57654281572459,The ATM was not working properly.,Neutral,0.0,ATM Issue,0,0,1,0.0
2025-10,1033,Branch 1033,East,8934,801,6345670,3765853,798897,541406,29,78591,149,4.1,257491,32.23081323374603,59.34523856424933,1.667785986120439,27548.172413793105,308.0689655172414,48.09193191442162,The loan process was very slow.,Negative,-0.39000000000000007,Loan Process,0,1,0,100.0
2025-10,1034,Branch 1034,West,11288,763,7968896,5101903,1010078,846092,35,105139,131,4.2,163986,16.234983832931714,64.02270778787927,1.160524450744153,28859.371428571427,322.51428571428573,43.95165545142961,The mobile banking service was convenient.,Neutral,0.0,Digital Banking,0,0,1,0.0
2025-10,1035,Branch 1035,Central,8806,470,6020628,3538842,729193,493666,25,59621,163,4.1,235527,32.29967923444136,58.77861910750839,1.8510106745400865,29167.72,352.24,50.560489019166866,The account service was not satisfactory.,Neutral,0.0,Account Service,0,0,1,0.0
2025-10,1036,Branch 1036,North,8817,435,5143651,2942690,661816,516397,25,85859,86,4.3,145419,21.97272353645122,57.21014120125957,0.9753884541227175,26472.64,352.68,46.32555475653812,The staff was very helpful and friendly.,Positive,0.2875,Staff Service,1,0,0,0.0
2025-10,1037,Branch 1037,South,11724,761,8080567,5318434,1153595,798953,33,71805,180,4.5,354642,30.742331580840766,65.81758433535666,1.5353121801432956,34957.42424242424,355.27272727272725,53.99052975899992,The waiting time was too long.,Negative,-0.05,Waiting Time,0,1,0,100.0
2025-10,1038,Branch 1038,East,10783,672,7336931,4934446,1049683,714762,32,70339,71,4.3,334921,31.9068709315098,67.25490535484114,0.6584438467958824,32802.59375,336.96875,52.1039217880491,Excellent service and quick response.,Positive,0.6666666666666666,Service Quality,1,0,0,0.0
2025-10,1039,Branch 1039,West,9941,766,5720669,4356038,806762,580258,33,84324,149,4.1,226504,28.075690228344914,76.14560464868707,1.4988431747309123,24447.333333333332,301.24242424242425,44.951031393339704,The ATM was not working properly.,Neutral,0.0,ATM Issue,0,0,1,0.0
2025-10,1040,Branch 1040,Central,10090,627,6549024,4852212,768907,637522,29,80538,115,4.3,131385,17.087242020166286,74.09061258593647,1.1397423191278493,26514.03448275862,347.9310344827586,44.45177973942957,The loan process was very slow.,Negative,-0.39000000000000007,Loan Process,0,1,0,100.0
2025-10,1041,Branch 1041,North,11661,570,7898187,5900158,940775,622357,35,98307,179,4.2,318418,33.846350083707584,74.70268809791412,1.5350313009175884,26879.285714285714,333.1714285714286,49.61684176448374,The mobile banking service was convenient.,Neutral,0.0,Digital Banking,0,0,1,0.0
2025-10,1042,Branch 1042,South,9383,678,6264459,3273079,622240,502369,26,74498,177,4.2,119871,19.264431730521984,52.2483904835198,1.886390280294149,23932.30769230769,360.88461538461536,44.22718776029898,The account service was not satisfactory.,Neutral,0.0,Account Service,0,0,1,0.0
2025-10,1043,Branch 1043,East,9390,699,6307250,4725467,661191,479990,25,70650,154,4.2,181201,27.405242963077235,74.9211938642039,1.6400425985090523,26447.64,375.6,48.79801072997944,The staff was very helpful and friendly.,Positive,0.2875,Staff Service,1,0,0,0.0
2025-10,1044,Branch 1044,West,11659,863,7616928,5356791,867943,547431,31,71009,166,4.2,320512,36.927770602447396,70.32744697074726,1.4237927781113304,27998.16129032258,376.0967741935484,52.86194383383808,The waiting time was too long.,Negative,-0.05,Waiting Time,0,1,0,100.0
2025-10,1045,Branch 1045,Central,11160,623,8082639,4963943,1056367,767844,31,79477,213,4.1,288523,27.312761568659376,61.41487947191505,1.9086021505376343,34076.354838709674,360.0,51.367665844097495,Excellent service and quick response.,Positive,0.6666666666666666,Service Quality,1,0,0,0.0
2025-10,1046,Branch 1046,North,10935,625,6972144,4316230,772532,497248,30,81207,97,4.0,275284,35.63399315497611,61.90678218923763,0.8870598994055784,25751.066666666666,364.5,50.33082823997612,The ATM was not working properly.,Neutral,0.0,ATM Issue,0,0,1,0.0
2025-10,1047,Branch 1047,South,8669,715,5836668,3095679,778925,570756,26,79749,73,4.1,208169,26.725166094296625,53.038463040899366,0.8420809781981774,29958.653846153848,333.4230769230769,48.24800498174638,The loan process was very slow.,Negative,-0.39000000000000007,Loan Process,0,1,0,100.0
2025-10,1048,Branch 1048,East,11684,580,6603673,3786171,822973,652437,32,78329,146,3.7,170536,20.72194349024816,57.33431985502614,1.24957206436152,25717.90625,365.125,44.220451420822705,The mobile banking service was convenient.,Neutral,0.0,Digital Banking,0,0,1,0.0
2025-10,1049,Branch 1049,West,9728,456,6749163,4766394,711817,453331,27,59142,89,4.4,258486,36.31354688072918,70.62200157263945,0.9148848684210527,26363.59259259259,360.2962962962963,51.888045524806344,The account service was not satisfactory.,Neutral,0.0,Account Service,0,0,1,0.0
2025-10,1050,Branch 1050,Central,9943,722,7166533,4637839,916939,729652,33,64755,169,4.1,187287,20.425240937510562,64.71523957260784,1.699688222870361,27786.030303030304,301.3030303030303,43.80866600270348,The staff was very helpful and friendly.,Positive,0.2875,Staff Service,1,0,0,0.0
2025-10,1051,Branch 1051,North,10348,703,7923016,4220660,803906,627774,28,102000,102,4.3,176132,21.90952673571288,53.2708756362476,0.9856977193660611,28710.928571428572,369.57142857142856,47.981560968565404,The waiting time was too long.,Negative,-0.05,Waiting Time,0,1,0,100.0
2025-10,1052,Branch 1052,South,10316,688,6505189,4245618,672275,468976,31,99326,134,4.0,203299,30.240452195901973,65.26509836993206,1.2989530825901512,21686.290322580644,332.7741935483871,45.35512487524899,Excellent service and quick response.,Positive,0.6666666666666666,Service Quality,1,0,0,0.0
2025-10,1053,Branch 1053,East,9529,841,7445263,3918384,889080,606036,30,82838,105,4.5,283044,31.83560534485086,52.62922209732551,1.1018994647916887,29636.0,317.6333333333333,50.48051596732746,The ATM was not working properly.,Neutral,0.0,ATM Issue,0,0,1,0.0
2025-10,1054,Branch 1054,West,10660,924,7606163,4102530,848288,530147,36,73078,118,4.4,318141,37.50389018823796,53.93691931135317,1.1069418386491556,23563.555555555555,296.1111111111111,48.547530706761705,The loan process was very slow.,Negative,-0.39000000000000007,Loan Process,0,1,0,100.0
2025-10,1055,Branch 1055,Central,9137,648,6497820,4850943,677016,426269,28,70079,66,4.4,250747,37.03708627270256,74.65493042281874,0.7223377476195687,24179.14285714286,326.32142857142856,49.830067790906796,The mobile banking service was convenient.,Neutral,0.0,Digital Banking,0,0,1,0.0
2025-10,1056,Branch 1056,North,11459,720,8374866,5914645,1184204,963217,30,71718,117,4.5,220987,18.6612272885415,70.62375684578117,1.0210315036216076,39473.46666666667,381.96666666666664,52.86354943670761,The account service was not satisfactory.,Neutral,0.0,Account Service,0,0,1,0.0
2025-10,1057,Branch 1057,South,11469,889,8969801,6707518,1095465,788597,31,89618,79,4.3,306868,28.012579133062214,74.77889420289257,0.6888133228703461,35337.58064516129,369.96774193548384,53.175507964174194,The staff was very helpful and friendly.,Positive,0.2875,Staff Service,1,0,0,0.0
2025-10,1058,Branch 1058,East,9222,567,6282474,4169550,759159,599087,28,63832,117,4.2,160072,21.085437964905903,66.367962684764,1.2687052700065062,27112.821428571428,329.35714285714283,45.110878013521535,The waiting time was too long.,Negative,-0.05,Waiting Time,0,1,0,100.0
2025-10,1059,Branch 1059,West,9494,635,5380822,4090254,588987,443875,30,58235,175,4.1,145112,24.637555667612357,76.01541177165868,1.8432694333263115,19632.9,316.46666666666664,42.12336537826369,Excellent service and quick response.,Positive,0.6666666666666666,Service Quality,1,0,0,0.0
2025-10,1060,Branch 1060,Central,10381,857,7073513,5071746,881894,580009,31,64062,191,4.3,301885,34.23143824541272,71.7005256087039,1.8398998169733165,28448.1935483871,334.8709677419355,50.83742663299239,The ATM was not working properly.,Neutral,0.0,ATM Issue,0,0,1,0.0
2025-10,1061,Branch 1061,North,12001,1061,6806125,4175183,887901,636458,33,96477,168,4.0,251443,28.31881031781696,61.34449484839024,1.3998833430547455,26906.090909090908,363.6666666666667,48.268753893230155,The loan process was very slow.,Negative,-0.39000000000000007,Loan Process,0,1,0,100.0
2025-10,1062,Branch 1062,South,11544,1046,6573945,3829852,895854,608546,32,105739,126,4.0,287308,32.070850830604094,58.25804748898873,1.0914760914760915,27995.4375,360.75,49.969831502027645,The mobile banking service was convenient.,Neutral,0.0,Digital Banking,0,0,1,0.0
2025-10,1063,Branch 1063,East,9828,614,7393448,5383301,979922,778102,32,81530,128,4.1,201820,20.595516786029908,72.81177875329617,1.3024013024013024,30622.5625,307.125,45.394832042256326,The account service was not satisfactory.,Neutral,0.0,Account Service,0,0,1,0.0
2025-10,1064,Branch 1064,West,9030,756,5117955,3596713,597998,457404,27,82033,60,4.3,140594,23.510780972511615,70.27637015175007,0.6644518272425249,22148.074074074073,334.44444444444446,44.17608167261973,The staff was very helpful and friendly.,Positive,0.2875,Staff Service,1,0,0,0.0
2025-10,1065,Branch 1065,Central,8858,793,5717166,3154854,620309,451676,27,63872,157,4.1,168633,27.18532215395875,55.18213044714811,1.7724091216979,22974.40740740741,328.0740740740741,44.996284718496085,The waiting time was too long.,Negative,-0.05,Waiting Time,0,1,0,100.0
2025-10,1066,Branch 1066,North,10777,637,6956463,5356960,1003213,638896,32,87468,131,4.0,364317,36.31501984125006,77.00695022743598,1.2155516377470539,31350.40625,336.78125,52.07278415219571,Excellent service and quick response.,Positive,0.6666666666666666,Service Quality,1,0,0,0.0
2025-10,1067,Branch 1067,South,9662,892,6736173,4814058,847960,678243,31,71640,180,3.9,169717,20.01474126138025,71.4657714402525,1.8629683295383979,27353.548387096773,311.6774193548387,43.26589176128621,The ATM was not working properly.,Neutral,0.0,ATM Issue,0,0,1,0.0
2025-10,1068,Branch 1068,East,9273,713,6048823,4184616,733841,546333,29,65155,89,4.2,187508,25.551584062487652,69.18066539556538,0.9597756928717782,25304.862068965518,319.7586206896552,45.4743083090101,The loan process was very slow.,Negative,-0.39000000000000007,Loan Process,0,1,0,100.0
2025-10,1069,Branch 1069,West,10694,941,7126554,4624037,772140,487465,32,91137,134,4.3,284675,36.86831403631466,64.88461323663583,1.2530390873386947,24129.375,334.1875,49.75103602167516,The mobile banking service was convenient.,Neutral,0.0,Digital Banking,0,0,1,0.0
2025-10,1070,Branch 1070,Central,11049,938,8400016,5820260,966175,721869,30,107849,106,4.5,244306,25.285895412321786,69.2886775453761,0.9593628382659064,32205.833333333332,368.3,51.319013405574516,The account service was not satisfactory.,Neutral,0.0,Account Service,0,0,1,0.0
2025-10,1071,Branch 1071,North,8669,511,5907093,4247596,742248,588460,27,57049,53,4.3,153788,20.719220530065424,71.90670605660009,0.6113738608836082,27490.666666666668,321.0740740740741,45.137242865539775,The staff was very helpful and friendly.,Positive,0.2875,Staff Service,1,0,0,0.0
2025-10,1072,Branch 1072,South,9027,568,5931084,3329050,610039,503037,24,60600,105,4.2,107002,17.540190053422812,56.1288627846107,1.163177135260884,25418.291666666668,376.125,44.8928338671594,The waiting time was too long.,Negative,-0.05,Waiting Time,0,1,0,100.0
2025-10,1073,Branch 1073,East,10369,613,6641750,3623918,843882,613050,29,81481,136,4.2,230832,27.35358734989015,54.56269808408928,1.311601890249783,29099.379310344826,357.55172413793105,49.30251050147618,Excellent service and quick response.,Positive,0.6666666666666666,Service Quality,1,0,0,0.0
2025-10,1074,Branch 1074,West,10977,731,7547805,4182100,1017028,852990,30,66878,198,4.0,164038,16.129152786353966,55.40816171059003,1.8037715222738453,33900.933333333334,365.9,47.300042432687476,The ATM was not working properly.,Neutral,0.0,ATM Issue,0,0,1,0.0
2025-10,1075,Branch 1075,Central,10899,980,8468360,4797740,1112454,767515,32,75487,139,3.8,344939,31.00703489762273,56.65488949454204,1.2753463620515644,34764.1875,340.59375,51.329225798491116,The loan process was very slow.,Negative,-0.39000000000000007,Loan Process,0,1,0,100.0
2025-10,1076,Branch 1076,North,9814,787,5881720,3233212,716414,579868,26,96580,186,4.1,136546,19.059649867255526,54.97051882782588,1.8952516812716529,27554.384615384617,377.46153846153845,46.15689345652497,The mobile banking service was convenient.,Neutral,0.0,Digital Banking,0,0,1,0.0
2025-10,1077,Branch 1077,South,9375,821,5841277,4098291,797750,655197,31,87940,66,4.4,142553,17.869382638671265,70.16087406914619,0.7040000000000001,25733.870967741936,302.4193548387097,42.91485439521932,The account service was not satisfactory.,Neutral,0.0,Account Service,0,0,1,0.0
2025-10,1078,Branch 1078,East,10802,793,8464555,5938584,1223299,788532,32,100435,112,4.1,434767,35.5405342438766,70.15825403698128,1.036845028698389,38228.09375,337.5625,55.28967771681741,The staff was very helpful and friendly.,Positive,0.2875,Staff Service,1,0,0,0.0
2025-10,1079,Branch 1079,West,10166,588,6010675,4211755,767083,598582,34,75546,126,4.4,168501,21.966462560114095,70.07124823751076,1.239425536100728,22561.264705882353,299.0,42.7604695273782,The waiting time was too long.,Negative,-0.05,Waiting Time,0,1,0,100.0
2025-10,1080,Branch 1080,Central,10994,779,7817128,4253103,1051567,665354,37,75284,161,4.4,386213,36.72737923498931,54.40748827446602,1.4644351464435146,28420.72972972973,297.13513513513516,50.54534765663111,Excellent service and quick response.,Positive,0.6666666666666666,Service Quality,1,0,0,0.0
2025-10,1081,Branch 1081,North,9674,786,7177694,5283633,1009440,781053,25,84731,189,4.2,228387,22.62511887779363,73.61184525280682,1.9536903039073805,40377.6,386.96,53.95831536892804,The ATM was not working properly.,Neutral,0.0,ATM Issue,0,0,1,0.0
2025-10,1082,Branch 1082,South,8691,647,6628219,4531402,819835,557515,24,74501,65,4.2,262320,31.996682259235087,68.36530295694816,0.7479001265677138,34159.791666666664,362.125,53.427172812715696,The loan process was very slow.,Negative,-0.39000000000000007,Loan Process,0,1,0,100.0
2025-10,1083,Branch 1083,East,10810,665,8241394,6311480,1134749,709337,29,90406,139,4.5,425412,37.48952411502456,76.58267521247012,1.285846438482886,39129.275862068964,372.7586206896552,58.94085542743193,The mobile banking service was convenient.,Neutral,0.0,Digital Banking,0,0,1,0.0
2025-10,1084,Branch 1084,West,10565,572,8037319,4526721,1052483,832259,31,77935,155,4.3,220224,20.92423345555225,56.32128076538956,1.4671083767155704,33951.06451612903,340.80645161290323,48.93509122607702,The account service was not satisfactory.,Neutral,0.0,Account Service,0,0,1,0.0
2025-10,1085,Branch 1085,Central,11040,661,8608396,6504512,1019014,687045,32,87134,78,4.2,331969,32.57747194837363,75.56009272807617,0.7065217391304348,31844.1875,345.0,51.90783090689791,The staff was very helpful and friendly.,Positive,0.2875,Staff Service,1,0,0,0.0
2025-10,1086,Branch 1086,North,10307,892,7629530,5286834,846053,636140,31,68342,169,4.0,209913,24.810857003048273,69.29436020305315,1.6396623653827496,27292.032258064515,332.48387096774195,46.01745624671596,The waiting time was too long.,Negative,-0.05,Waiting Time,0,1,0,100.0
2025-10,1087,Branch 1087,South,10008,550,5932489,4156658,723292,565091,32,86504,145,4.3,158201,21.872355839688534,70.06600433645978,1.4488409272581935,22602.875,312.75,42.97609220771869,Excellent service and quick response.,Positive,0.6666666666666666,Service Quality,1,0,0,0.0
2025-10,1088,Branch 1088,East,10618,603,8004095,4381476,1083305,836980,34,98607,140,4.5,246325,22.73828700135234,54.74042974252554,1.3185157280090412,31861.91176470588,312.29411764705884,48.11288814821658,The ATM was not working properly.,Neutral,0.0,ATM Issue,0,0,1,0.0
2025-10,1089,Branch 1089,West,11451,879,6544157,4592031,739539,536772,32,99647,212,4.2,202767,27.41802663551212,70.16993938256677,1.8513666928652521,23110.59375,357.84375,46.58656618888059,The loan process was very slow.,Negative,-0.39000000000000007,Loan Process,0,1,0,100.0
2025-10,1090,Branch 1090,Central,10747,948,8256023,5794902,980803,668384,36,82775,206,4.0,312419,31.853389518588344,70.18999341450478,1.9168139946031453,27244.527777777777,298.52777777777777,47.15302454436486,The mobile banking service was convenient.,Neutral,0.0,Digital Banking,0,0,1,0.0
2025-10,1091,Branch 1091,North,10764,757,6431547,3396739,769115,637209,35,76123,105,4.2,131906,17.150361129349967,52.81371651330543,0.975473801560758,21974.714285714286,307.54285714285714,40.53446972977949,The account service was not satisfactory.,Neutral,0.0,Account Service,0,0,1,0.0
2025-10,1092,Branch 1092,South,11167,833,8647567,5613057,942074,593093,29,86806,186,4.2,348981,37.04390525585039,64.90908945834128,1.6656219217336794,32485.310344827587,385.0689655172414,55.30834073970162,The staff was very helpful and friendly.,Positive,0.2875,Staff Service,1,0,0,0.0
2025-10,1093,Branch 1093,East,8894,812,5407796,3890315,712228,537525,28,64508,108,3.9,174703,24.529083383410928,71.93901175266227,1.2143017764785249,25436.714285714286,317.64285714285717,44.195503673721845,The waiting time was too long.,Negative,-0.05,Waiting Time,0,1,0,100.0
2025-10,1094,Branch 1094,West,10531,881,7921022,4278264,885020,640404,34,84071,126,4.5,244616,27.63960136494091,54.01151518074309,1.196467571930491,26030.0,309.7352941176471,47.052104272193986,Excellent service and quick response.,Positive,0.6666666666666666,Service Quality,1,0,0,0.0
2025-10,1095,Branch 1095,Central,11031,540,8600466,5121972,1113455,706962,37,96556,124,4.4,406493,36.50735772887095,59.55458692587122,1.1241047955761037,30093.37837837838,298.13513513513516,51.27484028142743,The ATM was not working properly.,Neutral,0.0,ATM Issue,0,0,1,0.0
2025-10,1096,Branch 1096,North,11224,646,8198786,4342700,1054481,867531,32,86735,167,4.0,186950,17.72910085625061,52.96759788583334,1.4878831076265147,32952.53125,350.75,46.84120388975215,The loan process was very slow.,Negative,-0.39000000000000007,Loan Process,0,1,0,100.0
2025-10,1097,Branch 1097,South,9123,608,6794191,5147045,963187,703607,28,87003,87,4.2,259580,26.950114567576183,75.75655438594528,0.9536336731338375,34399.53571428572,325.82142857142856,50.373054286205196,The mobile banking service was convenient.,Neutral,0.0,Digital Banking,0,0,1,0.0
2025-10,1098,Branch 1098,East,9005,762,5649861,3547534,594050,434761,30,83521,168,4.1,159289,26.814072889487417,62.789757128538206,1.8656302054414216,19801.666666666668,300.1666666666667,42.33499088417883,The account service was not satisfactory.,Neutral,0.0,Account Service,0,0,1,0.0
2025-10,1099,Branch 1099,West,11330,689,7869288,5106322,1059159,845122,33,94436,221,3.9,214037,20.208202923262704,64.8892504633202,1.9505736981465138,32095.727272727272,343.3333333333333,46.72990456292128,The staff was very helpful and friendly.,Positive,0.2875,Staff Service,1,0,0,0.0
2025-10,1100,Branch 1100,Central,12765,841,7221496,4849050,821228,514005,42,79296,225,4.4,307223,37.41019546337923,67.14744424147018,1.762632197414806,19553.04761904762,303.92857142857144,46.97433583204904,The waiting time was too long.,Negative,-0.05,Waiting Time,0,1,0,100.0
2025-11,1001,Branch 1001,North,11254,581,8811620,5875216,958509,764852,30,71510,135,4.4,193657,20.203983478506725,66.67577585052464,1.1995734849831172,31950.3,375.1333333333333,49.386139398999184,Excellent service and quick response.,Positive,0.6666666666666666,Service Quality,1,0,0,0.0
2025-11,1002,Branch 1002,South,9788,630,7264770,4607631,898683,569858,32,71527,164,4.2,328825,36.58965397142263,63.424320384540735,1.6755210461789947,28083.84375,305.875,50.07899854563884,The ATM was not working properly.,Neutral,0.0,ATM Issue,0,0,1,0.0
2025-11,1003,Branch 1003,East,9961,498,6746114,5239489,885012,652324,29,82571,100,4.1,232688,26.29207287584801,77.66677230773153,1.0039152695512499,30517.655172413793,343.48275862068965,48.74044312595967,The loan process was very slow.,Negative,-0.39000000000000007,Loan Process,0,1,0,100.0
2025-11,1004,Branch 1004,West,10696,759,6786175,4246390,721950,579734,29,90618,92,4.5,142216,19.69887111295796,62.57413049324546,0.8601346297681376,24894.827586206895,368.82758620689657,46.02703167539275,The mobile banking service was convenient.,Neutral,0.0,Digital Banking,0,0,1,0.0
2025-11,1005,Branch 1005,Central,10437,781,7908684,4889908,1016627,772523,32,93815,181,4.3,244104,24.011166337309554,61.82960401502956,1.7342148126856378,31769.59375,326.15625,48.449780693031585,The account service was not satisfactory.,Neutral,0.0,Account Service,0,0,1,0.0
2025-11,1006,Branch 1006,North,12208,644,7336875,5157191,820574,669280,39,99864,171,4.0,151294,18.43758149782957,70.2913842746401,1.4007208387942334,21040.358974358973,313.02564102564105,40.16710785596987,The staff was very helpful and friendly.,Positive,0.2875,Staff Service,1,0,0,0.0
2025-11,1007,Branch 1007,South,8677,718,6799223,4007557,766520,548258,24,58701,155,4.3,218262,28.47440379898763,58.94139668606251,1.7863316814567247,31938.333333333332,361.5416666666667,51.45193406128713,The waiting time was too long.,Negative,-0.05,Waiting Time,0,1,0,100.0
2025-11,1008,Branch 1008,East,9064,617,5394322,3387178,645443,411150,30,64031,63,4.2,234293,36.299564795032246,62.79154266282213,0.6950573698146514,21514.766666666666,302.1333333333333,46.81720865745733,Excellent service and quick response.,Positive,0.6666666666666666,Service Quality,1,0,0,0.0
2025-11,1009,Branch 1009,West,9722,725,5983133,3427676,686406,495578,28,62536,110,4.4,190828,27.80103903520657,57.28898221049072,1.1314544332441885,24514.5,347.2142857142857,47.55592617095849,The ATM was not working properly.,Neutral,0.0,ATM Issue,0,0,1,0.0
2025-11,1010,Branch 1010,Central,8981,654,5555657,3430351,614326,421585,25,88827,125,4.5,192741,31.374384284565526,61.74519053282087,1.3918271907359983,24573.04,359.24,49.596535294764735,The loan process was very slow.,Negative,-0.39000000000000007,Loan Process,0,1,0,100.0
2025-11,1011,Branch 1011,North,12885,676,9581154,5517663,1188320,832080,37,101373,149,4.3,356240,29.978456981284502,57.58871008648854,1.156383391540551,32116.756756756757,348.2432432432432,51.54820914142907,The mobile banking service was convenient.,Neutral,0.0,Digital Banking,0,0,1,0.0
2025-11,1012,Branch 1012,South,9454,771,7208107,3758719,718019,583941,28,69919,61,4.2,134078,18.673322015155588,52.14571592791284,0.6452295324730273,25643.535714285714,337.64285714285717,43.91106493268514,The account service was not satisfactory.,Neutral,0.0,Account Service,0,0,1,0.0
2025-11,1013,Branch 1013,East,9289,711,6719172,3896783,694490,546582,31,75820,175,4.1,147908,21.297354893518985,57.99498807293517,1.8839487565938209,22402.90322580645,299.64516129032256,41.57841283602469,The staff was very helpful and friendly.,Positive,0.2875,Staff Service,1,0,0,0.0
2025-11,1014,Branch 1014,West,9555,891,5659818,3475627,587915,366298,32,63364,123,4.4,221617,37.69541515355111,61.40881208547695,1.2872841444270016,18372.34375,298.59375,46.326622590391956,The waiting time was too long.,Negative,-0.05,Waiting Time,0,1,0,100.0
2025-11,1015,Branch 1015,Central,11439,718,7040922,4493942,870691,721778,33,99790,152,4.0,148913,17.10285279163331,63.8260443731659,1.3287874814232012,26384.575757575756,346.6363636363636,43.447950377619485,Excellent service and quick response.,Positive,0.6666666666666666,Service Quality,1,0,0,0.0
2025-11,1016,Branch 1016,North,8781,576,6266644,4450227,837954,538681,25,61517,80,4.1,299273,35.714728970802696,71.01451749931861,0.9110579660630909,33518.16,351.24,53.71474924275195,The ATM was not working properly.,Neutral,0.0,ATM Issue,0,0,1,0.0
2025-11,1017,Branch 1017,South,10577,981,6992424,5043178,914497,580553,33,92776,120,4.4,333944,36.516686222043376,72.12345818846225,1.1345372033657937,27712.030303030304,320.5151515151515,51.046472911389415,The loan process was very slow.,Negative,-0.39000000000000007,Loan Process,0,1,0,100.0
2025-11,1018,Branch 1018,East,9525,900,7575983,5101300,1034444,767901,30,66382,105,4.3,266543,25.766788729017716,67.3351563750869,1.1023622047244095,34481.46666666667,317.5,49.97608548051484,The mobile banking service was convenient.,Neutral,0.0,Digital Banking,0,0,1,0.0
2025-11,1019,Branch 1019,West,9389,559,6214346,4095165,701257,513575,29,81066,128,4.2,187682,26.763654409153848,65.89856760470047,1.3632974757695175,24181.275862068964,323.7586206896552,45.53666304237085,The account service was not satisfactory.,Neutral,0.0,Account Service,0,0,1,0.0
2025-11,1020,Branch 1020,Central,9152,706,5921913,3947450,705496,527047,30,71115,98,4.0,178449,25.294119314638213,66.65835854055945,1.0708041958041958,23516.533333333333,305.06666666666666,43.39736152476575,The staff was very helpful and friendly.,Positive,0.2875,Staff Service,1,0,0,0.0
2025-11,1021,Branch 1021,North,10966,577,6343581,4512375,691078,544831,35,71486,162,4.1,146247,21.16215535728239,71.13292949203297,1.4772934524895132,19745.085714285713,313.3142857142857,40.83710024373508,The waiting time was too long.,Negative,-0.05,Waiting Time,0,1,0,100.0
2025-11,1022,Branch 1022,South,9027,504,6060645,4026318,813425,639571,25,56780,104,4.3,173854,21.37308295171651,66.43382016270546,1.152099257782209,32537.0,361.08,49.22357190775908,Excellent service and quick response.,Positive,0.6666666666666666,Service Quality,1,0,0,0.0
2025-11,1023,Branch 1023,East,9437,828,6458088,4483809,845673,710339,28,83118,186,4.1,135334,16.003112314097766,69.42935741971927,1.9709653491575712,30202.60714285714,337.0357142857143,44.74640446786257,The ATM was not working properly.,Neutral,0.0,ATM Issue,0,0,1,0.0
2025-11,1024,Branch 1024,West,8727,755,5132521,3767855,720266,459465,25,59890,66,4.3,260801,36.208983903169106,73.41138984136646,0.7562736335510485,28810.64,349.08,52.24311453480627,The loan process was very slow.,Negative,-0.39000000000000007,Loan Process,0,1,0,100.0
2025-11,1025,Branch 1025,Central,9393,755,5543542,3463039,652014,531789,28,82359,133,3.9,120225,18.43902124801001,62.46978917089471,1.4159480464175451,23286.214285714286,335.4642857142857,41.762811102441994,The mobile banking service was convenient.,Neutral,0.0,Digital Banking,0,0,1,0.0
2025-11,1026,Branch 1026,North,10443,861,6835816,4900856,891126,660811,35,83460,202,4.1,230315,25.845391111919074,71.69379632219474,1.934310064157809,25460.742857142857,298.37142857142857,44.525182328884256,The account service was not satisfactory.,Neutral,0.0,Account Service,0,0,1,0.0
2025-11,1027,Branch 1027,South,9955,711,5995646,3909166,785355,487478,33,60257,194,4.0,297877,37.92896206174278,65.20008019152566,1.9487694625816172,23798.636363636364,301.6666666666667,47.81816399604666,The staff was very helpful and friendly.,Positive,0.2875,Staff Service,1,0,0,0.0
2025-11,1028,Branch 1028,East,11645,672,6891301,4924164,958960,698941,36,75847,83,4.7,260019,27.114686743972637,71.45478045437284,0.7127522541863461,26637.777777777777,323.47222222222223,48.27639587429458,The waiting time was too long.,Negative,-0.05,Waiting Time,0,1,0,100.0
2025-11,1029,Branch 1029,West,12095,708,9103482,5663169,1254639,972158,34,100820,165,4.2,282481,22.514922619175714,62.2088229536786,1.364200082678793,36901.14705882353,355.7352941176471,51.12120581758669,Excellent service and quick response.,Positive,0.6666666666666666,Service Quality,1,0,0,0.0
2025-11,1030,Branch 1030,Central,9272,624,6961500,3768516,890570,727263,29,80991,92,4.1,163307,18.337356973623635,54.13367808661926,0.992234685073339,30709.310344827587,319.7241379310345,45.12944612311837,The ATM was not working properly.,Neutral,0.0,ATM Issue,0,0,1,0.0
2025-11,1031,Branch 1031,North,11260,925,7094052,5263077,728611,513277,30,92241,146,4.2,215334,29.55404186870635,74.18999747957866,1.2966252220248669,24287.033333333333,375.3333333333333,48.54778251936156,The loan process was very slow.,Negative,-0.39000000000000007,Loan Process,0,1,0,100.0
2025-11,1032,Branch 1032,South,11332,626,8946494,5202554,1038968,772620,30,112363,204,4.1,266348,25.63582323998429,58.15187491323417,1.8002117896223084,34632.26666666667,377.73333333333335,51.718819740587634,The mobile banking service was convenient.,Neutral,0.0,Digital Banking,0,0,1,0.0
2025-11,1033,Branch 1033,East,8771,465,5204726,3937482,665587,455056,25,66417,54,4.3,210531,31.6308762040124,75.65205161616578,0.6156652605176149,26623.48,350.84,49.70431550287762,The account service was not satisfactory.,Neutral,0.0,Account Service,0,0,1,0.0
2025-11,1034,Branch 1034,West,11513,1057,8994802,4838480,1137618,868612,32,88668,93,4.3,269006,23.646426128981783,53.79195673234386,0.807782506731521,35550.5625,359.78125,51.35290574116713,The staff was very helpful and friendly.,Positive,0.2875,Staff Service,1,0,0,0.0
2025-11,1035,Branch 1035,Central,9850,475,7405291,5189628,1022494,826661,30,86837,156,4.4,195833,19.152484024356134,70.08000090745927,1.583756345177665,34083.13333333333,328.3333333333333,48.19533077020282,The waiting time was too long.,Negative,-0.05,Waiting Time,0,1,0,100.0
2025-11,1036,Branch 1036,North,9355,667,6814797,4015148,858626,578577,26,74615,146,4.2,280049,32.615946873260306,58.91808662825907,1.560662747194014,33024.07692307692,359.8076923076923,53.033223764611336,Excellent service and quick response.,Positive,0.6666666666666666,Service Quality,1,0,0,0.0
2025-11,1037,Branch 1037,South,12259,996,8154324,5316517,1071475,839908,38,105016,216,4.1,231567,21.611983480715836,65.19874608857829,1.7619707969654947,28196.71052631579,322.60526315789474,45.232848634489514,The ATM was not working properly.,Neutral,0.0,ATM Issue,0,0,1,0.0
2025-11,1038,Branch 1038,East,10733,727,6955111,5166295,816665,685472,36,105969,185,4.1,131193,16.064481764248498,74.28055425714989,1.7236560141619304,22685.13888888889,298.1388888888889,39.81849514111115,The loan process was very slow.,Negative,-0.39000000000000007,Loan Process,0,1,0,100.0
2025-11,1039,Branch 1039,West,9746,480,5825935,3926025,655869,463494,27,97395,103,4.3,192375,29.331314637526702,67.38875390817097,1.0568438333675354,24291.444444444445,360.962962962963,48.21851076546173,The mobile banking service was convenient.,Neutral,0.0,Digital Banking,0,0,1,0.0
2025-11,1040,Branch 1040,Central,10553,514,7426990,4840309,1025368,806416,31,83439,179,4.1,218952,21.353504302845415,65.17187985980861,1.6962001326636975,33076.3870967742,340.4193548387097,48.0688236040048,The account service was not satisfactory.,Neutral,0.0,Account Service,0,0,1,0.0
2025-11,1041,Branch 1041,North,10938,629,7730994,4854362,971657,722882,32,73797,199,4.2,248775,25.603170666191875,62.7909166660846,1.819345401353081,30364.28125,341.8125,48.66459128348001,The staff was very helpful and friendly.,Positive,0.2875,Staff Service,1,0,0,0.0
2025-11,1042,Branch 1042,South,9166,703,5511336,3396652,722380,533891,29,69655,151,4.1,188489,26.09277665494615,61.6302834739163,1.647392537639101,24909.655172413793,316.0689655172414,45.040193890138724,The waiting time was too long.,Negative,-0.05,Waiting Time,0,1,0,100.0
2025-11,1043,Branch 1043,East,9933,465,7561068,5651883,841961,540629,30,65969,125,4.3,301332,35.789306155510765,74.74979725086456,1.2584314909896306,28065.366666666665,331.1,51.061701836903694,Excellent service and quick response.,Positive,0.6666666666666666,Service Quality,1,0,0,0.0
2025-11,1044,Branch 1044,West,11323,814,6813489,3736986,869648,612556,35,73205,182,4.1,257092,29.56276562471253,54.84687800919617,1.6073478760045925,24847.085714285713,323.51428571428573,46.51264934343657,The ATM was not working properly.,Neutral,0.0,ATM Issue,0,0,1,0.0
2025-11,1045,Branch 1045,Central,12304,695,7690091,4692294,803239,630413,39,119566,196,4.2,172826,21.51613654217487,61.01740538571,1.5929778933680103,20595.871794871793,315.4871794871795,41.73529993984435,The loan process was very slow.,Negative,-0.39000000000000007,Loan Process,0,1,0,100.0
2025-11,1046,Branch 1046,North,11539,521,8017149,4529108,838532,677857,33,81932,72,4.4,160675,19.16146312841967,56.492750727222365,0.6239708813588699,25410.060606060608,349.6666666666667,45.03770092438089,The mobile banking service was convenient.,Neutral,0.0,Digital Banking,0,0,1,0.0
2025-11,1047,Branch 1047,South,9179,628,6950255,5014778,991063,640676,27,58417,163,4.2,350387,35.35466463786863,72.15243181724988,1.7757925699967319,36706.03703703704,339.962962962963,54.91820482535271,The account service was not satisfactory.,Neutral,0.0,Account Service,0,0,1,0.0
2025-11,1048,Branch 1048,East,11123,717,7252072,5109654,821125,661130,36,110922,156,4.0,159995,19.484853097884,70.45784983932867,1.402499325721478,22809.027777777777,308.97222222222223,41.189654667849176,The staff was very helpful and friendly.,Positive,0.2875,Staff Service,1,0,0,0.0
2025-11,1049,Branch 1049,West,9829,857,5969538,3191174,748393,620666,31,63147,85,4.3,127727,17.06683520556713,53.45763776024208,0.8647878726218333,24141.709677419356,317.06451612903226,42.16684772320444,The waiting time was too long.,Negative,-0.05,Waiting Time,0,1,0,100.0
2025-11,1050,Branch 1050,Central,10494,958,7104912,3939795,848845,588833,32,63034,159,4.2,260012,30.631269548621955,55.451707213263155,1.5151515151515151,26526.40625,327.9375,48.128002854416486,Excellent service and quick response.,Positive,0.6666666666666666,Service Quality,1,0,0,0.0
2025-11,1051,Branch 1051,North,10739,662,7805851,5384808,959926,658720,32,75187,131,4.1,301206,31.378043724203742,68.9842529661404,1.219852872706956,29997.6875,335.59375,49.97801790035444,The ATM was not working properly.,Neutral,0.0,ATM Issue,0,0,1,0.0
2025-11,1052,Branch 1052,South,9663,791,5971774,4414038,761643,477359,27,87471,78,4.2,284284,37.32509850415484,73.91502089663808,0.8072027320707855,28209.0,357.8888888888889,52.396705752920695,The loan process was very slow.,Negative,-0.39000000000000007,Loan Process,0,1,0,100.0
2025-11,1053,Branch 1053,East,10348,918,7807139,4813461,948926,676838,27,80243,196,4.1,272088,28.67325797796667,61.65460868571701,1.8940858136838035,35145.40740740741,383.25925925925924,53.230309960110546,The mobile banking service was convenient.,Neutral,0.0,Digital Banking,0,0,1,0.0
2025-11,1054,Branch 1054,West,11366,766,7146918,4604401,855409,672314,36,77301,175,3.9,183095,21.404380828352284,64.4249871063303,1.5396797466127046,23761.36111111111,315.72222222222223,42.25866606581171,The account service was not satisfactory.,Neutral,0.0,Account Service,0,0,1,0.0
2025-11,1055,Branch 1055,Central,9391,866,7475937,4261878,804730,667658,27,79824,183,4.1,137072,17.03329066892001,57.00794428845508,1.9486742625918434,29804.814814814814,347.81481481481484,45.339378952809305,The staff was very helpful and friendly.,Positive,0.2875,Staff Service,1,0,0,0.0
2025-11,1056,Branch 1056,North,12689,932,8005900,5340660,967185,601384,39,93873,224,4.4,365801,37.82120276886015,66.70905207409535,1.765308534951533,24799.615384615383,325.35897435897436,50.352337614855415,The waiting time was too long.,Negative,-0.05,Waiting Time,0,1,0,100.0
2025-11,1057,Branch 1057,South,11505,558,7604740,4006047,1035378,796101,38,85989,139,4.5,239277,23.110110510364333,52.67829011905732,1.2081703607127336,27246.78947368421,302.7631578947368,45.75700203732289,Excellent service and quick response.,Positive,0.6666666666666666,Service Quality,1,0,0,0.0
2025-11,1058,Branch 1058,East,9374,842,6156823,3314919,656093,501519,32,83241,187,4.3,154574,23.55976972776725,53.84138865125732,1.9948794538084063,20502.90625,292.9375,41.839593147925605,The ATM was not working properly.,Neutral,0.0,ATM Issue,0,0,1,0.0
2025-11,1059,Branch 1059,West,9669,545,6535657,3486293,797198,630273,26,79515,104,4.4,166925,20.93896372043081,53.342655527975225,1.075602440790154,30661.46153846154,371.88461538461536,48.9265195784667,The loan process was very slow.,Negative,-0.39000000000000007,Loan Process,0,1,0,100.0
2025-11,1060,Branch 1060,Central,10697,793,7510005,4491975,1009727,653077,33,87295,98,4.3,356650,35.32142846531786,59.813209178955276,0.9161447134710666,30597.78787878788,324.1515151515151,51.793145449404804,The mobile banking service was convenient.,Neutral,0.0,Digital Banking,0,0,1,0.0
2025-11,1061,Branch 1061,North,12114,726,8720266,4614263,917273,617051,36,110421,135,4.1,300222,32.729841606588224,52.9142459645153,1.1144130757800892,25479.805555555555,336.5,48.4116636835258,The account service was not satisfactory.,Neutral,0.0,Account Service,0,0,1,0.0
2025-11,1062,Branch 1062,South,10759,537,6682025,4738055,768958,536031,30,98541,122,4.6,232927,30.291251277703076,70.90747191158368,1.1339343805186355,25631.933333333334,358.6333333333333,49.98026799323297,The staff was very helpful and friendly.,Positive,0.2875,Staff Service,1,0,0,0.0
2025-11,1063,Branch 1063,East,10478,837,7285144,5353227,962188,705632,32,67674,131,4.6,256556,26.663812061676097,73.48141642773292,1.2502385951517465,30068.375,327.4375,49.546429973099,The waiting time was too long.,Negative,-0.05,Waiting Time,0,1,0,100.0
2025-11,1064,Branch 1064,West,9810,468,6937115,4129701,914454,681686,27,77172,124,4.2,232768,25.45431481517933,59.530525297620116,1.2640163098878694,33868.666666666664,363.3333333333333,51.050202398427324,Excellent service and quick response.,Positive,0.6666666666666666,Service Quality,1,0,0,0.0
2025-11,1065,Branch 1065,Central,9677,824,6337651,4704862,838298,657084,29,96356,185,4.0,181214,21.61689518524439,74.23668485374155,1.9117495091453964,28906.827586206895,333.6896551724138,45.687430373949724,The ATM was not working properly.,Neutral,0.0,ATM Issue,0,0,1,0.0
2025-11,1066,Branch 1066,North,10500,527,8286280,6107969,986557,747752,31,86019,173,4.1,238805,24.20589991252406,73.71183450233399,1.6476190476190478,31824.41935483871,338.7096774193548,48.42649028672236,The loan process was very slow.,Negative,-0.39000000000000007,Loan Process,0,1,0,100.0
2025-11,1067,Branch 1067,South,10502,955,6827587,4454727,944571,670268,35,92275,132,4.3,274303,29.03995570475909,65.24599393607141,1.2569034469624834,26987.742857142857,300.0571428571429,47.00930968499302,The mobile banking service was convenient.,Neutral,0.0,Digital Banking,0,0,1,0.0
2025-11,1068,Branch 1068,East,9307,882,7108282,5515364,919645,597805,29,67578,129,4.1,321840,34.99611263041717,77.59067521519263,1.3860535081121736,31711.896551724138,320.9310344827586,51.46681921222938,The account service was not satisfactory.,Neutral,0.0,Account Service,0,0,1,0.0
2025-11,1069,Branch 1069,West,10814,1003,8335666,5284152,1073482,764008,33,104101,103,4.4,309474,28.828988282989375,63.39207928916538,0.9524690216386167,32529.757575757576,327.6969696969697,50.84437320299731,The staff was very helpful and friendly.,Positive,0.2875,Staff Service,1,0,0,0.0
2025-11,1070,Branch 1070,Central,12490,1054,7389492,5616319,1015005,787976,34,91459,79,4.6,227029,22.367278978921288,76.00412856526539,0.632506004803843,29853.08823529412,367.3529411764706,49.48077068369044,The waiting time was too long.,Negative,-0.05,Waiting Time,0,1,0,100.0
2025-11,1071,Branch 1071,North,9359,784,6572163,3888083,726443,556051,25,58687,183,4.1,170392,23.455659976075204,59.159868676415975,1.9553371086654558,29057.72,374.36,48.26632417997428,Excellent service and quick response.,Positive,0.6666666666666666,Service Quality,1,0,0,0.0
2025-11,1072,Branch 1072,South,8573,624,4972842,3779114,685590,429174,28,84039,130,4.0,256416,37.40077889117403,75.9950547393221,1.5163886620786189,24485.35714285714,306.17857142857144,48.122341292244755,The ATM was not working properly.,Neutral,0.0,ATM Issue,0,0,1,0.0
2025-11,1073,Branch 1073,East,10609,488,7532289,4175239,869324,592680,29,85892,116,4.4,276644,31.82288766903939,55.43121088423453,1.093411254595155,29976.689655172413,365.82758620689657,52.188250138861676,The loan process was very slow.,Negative,-0.39000000000000007,Loan Process,0,1,0,100.0
2025-11,1074,Branch 1074,West,11215,541,8175864,4293708,1077282,693831,32,92365,165,4.3,383451,35.59430121360981,52.51687161136731,1.471243869817209,33665.0625,350.46875,54.310352014265426,The mobile banking service was convenient.,Neutral,0.0,Digital Banking,0,0,1,0.0
2025-11,1075,Branch 1075,Central,10471,794,7061327,5407826,920457,625949,27,80023,113,4.0,294508,31.995845541942753,76.58370728334774,1.0791710438353548,34091.0,387.81481481481484,53.78450118130261,The account service was not satisfactory.,Neutral,0.0,Account Service,0,0,1,0.0
2025-11,1076,Branch 1076,North,9859,703,6054786,4574017,744706,573551,31,96051,144,4.0,171155,22.982895263365677,75.54382599153794,1.4605943807688406,24022.774193548386,318.03225806451616,43.320123353128366,The staff was very helpful and friendly.,Positive,0.2875,Staff Service,1,0,0,0.0
2025-11,1077,Branch 1077,South,9898,453,7781027,5222749,878246,603559,29,64370,184,4.1,274687,31.276772111686245,67.12158947655624,1.8589614063447162,30284.344827586207,341.3103448275862,50.29431320405004,The waiting time was too long.,Negative,-0.05,Waiting Time,0,1,0,100.0
2025-11,1078,Branch 1078,East,11030,865,8728224,5246092,1198486,764087,30,109457,100,3.9,434399,36.24564659078204,60.10491939711905,0.9066183136899365,39949.53333333333,367.6666666666667,56.886048644136395,Excellent service and quick response.,Positive,0.6666666666666666,Service Quality,1,0,0,0.0
2025-11,1079,Branch 1079,West,10269,799,8130908,4520318,806450,585903,28,64005,178,4.1,220547,27.347882695765392,55.59425835343359,1.7333722855195248,28801.785714285714,366.75,49.218061129612636,The ATM was not working properly.,Neutral,0.0,ATM Issue,0,0,1,0.0
2025-11,1080,Branch 1080,Central,10077,584,7525325,5616032,781359,558958,28,63489,103,4.2,222401,28.463356792460313,74.62843133020833,1.0221296020641062,27905.678571428572,359.89285714285717,49.23299092889012,The loan process was very slow.,Negative,-0.39000000000000007,Loan Process,0,1,0,100.0
2025-11,1081,Branch 1081,North,10433,881,8160652,5718767,1031623,727522,33,96106,189,4.2,304101,29.477919743937463,70.07732960552661,1.8115594747436021,31261.303030303032,316.1515151515151,49.44452309304319,The mobile banking service was convenient.,Neutral,0.0,Digital Banking,0,0,1,0.0
2025-11,1082,Branch 1082,South,9205,416,6335525,4352961,842573,583250,25,72286,151,4.3,259323,30.777511266086144,68.70718685507515,1.6404128191200433,33702.92,368.2,53.324613683087804,The account service was not satisfactory.,Neutral,0.0,Account Service,0,0,1,0.0
2025-11,1083,Branch 1083,East,10842,984,8623626,4881024,1001268,789222,32,78302,107,4.2,212046,21.177746617289277,56.600599330258525,0.9869027854639365,31289.625,338.8125,47.4250457976586,The staff was very helpful and friendly.,Positive,0.2875,Staff Service,1,0,0,0.0
2025-11,1084,Branch 1084,West,10735,747,8548305,4949362,1040290,724894,30,87454,126,4.0,315396,30.31808438031703,57.898753027647,1.1737307871448532,34676.333333333336,357.8333333333333,52.311578909629134,The waiting time was too long.,Negative,-0.05,Waiting Time,0,1,0,100.0
2025-11,1085,Branch 1085,Central,12193,723,8322157,5961000,923515,607482,37,76818,130,4.4,316033,34.2206677747519,71.62806469524668,1.0661855162798326,24959.864864864863,329.5405405405405,49.326743240707735,Excellent service and quick response.,Positive,0.6666666666666666,Service Quality,1,0,0,0.0
2025-11,1086,Branch 1086,North,11050,574,8661305,4831939,1110806,787334,29,81320,220,4.2,323472,29.12047648284219,55.78765555536954,1.9909502262443437,38303.65517241379,381.0344827586207,55.05127481161037,The ATM was not working properly.,Neutral,0.0,ATM Issue,0,0,1,0.0
2025-11,1087,Branch 1087,South,9630,509,6007556,4317990,705711,487142,30,71544,141,4.2,218569,30.971459988578893,71.87598417725944,1.4641744548286604,23523.7,321.0,46.6012470406972,The loan process was very slow.,Negative,-0.39000000000000007,Loan Process,0,1,0,100.0
2025-11,1088,Branch 1088,East,10967,982,6742629,3751401,691272,571375,34,100273,95,4.4,119897,17.344402782117605,55.637066788043654,0.8662350688428923,20331.529411764706,322.55882352941177,41.026119974869886,The mobile banking service was convenient.,Neutral,0.0,Digital Banking,0,0,1,0.0
2025-11,1089,Branch 1089,West,12371,1165,9189816,5306920,941237,757985,35,106773,170,4.1,183252,19.46927288238775,57.747837388692005,1.3741815536334978,26892.485714285714,353.45714285714286,45.07204312264396,The account service was not satisfactory.,Neutral,0.0,Account Service,0,0,1,0.0
2025-11,1090,Branch 1090,Central,10206,845,7762135,4575397,999322,793066,30,83643,88,4.1,206256,20.639593644490965,58.9450840522614,0.8622378992749363,33310.73333333333,340.2,47.918108196516485,The staff was very helpful and friendly.,Positive,0.2875,Staff Service,1,0,0,0.0
2025-11,1091,Branch 1091,North,10460,803,6904416,4093656,822759,579569,32,95650,183,3.9,243190,29.55786566904768,59.29040196882691,1.7495219885277247,25711.21875,326.875,46.437106853386,The waiting time was too long.,Negative,-0.05,Waiting Time,0,1,0,100.0
2025-11,1092,Branch 1092,South,10753,639,6715233,4594367,916960,670369,30,101880,200,3.9,246591,26.892230849764438,68.4170899207816,1.8599460615642147,30565.333333333332,358.43333333333334,48.9480735894842,Excellent service and quick response.,Positive,0.6666666666666666,Service Quality,1,0,0,0.0
2025-11,1093,Branch 1093,East,9815,525,6622535,3736165,867130,650281,33,67244,182,4.2,216849,25.007668976970006,56.41593438162275,1.8543046357615895,26276.666666666668,297.42424242424244,44.87013773152293,The ATM was not working properly.,Neutral,0.0,ATM Issue,0,0,1,0.0
2025-11,1094,Branch 1094,West,10013,904,6030034,3495403,705457,473044,29,89555,75,4.4,232413,32.945027124261294,57.96655541245704,0.7490262658543894,24326.103448275862,345.2758620689655,49.19517943210573,The loan process was very slow.,Negative,-0.39000000000000007,Loan Process,0,1,0,100.0
2025-11,1095,Branch 1095,Central,11398,901,8347325,6098392,864269,661387,33,91170,198,4.1,202882,23.4744043810434,73.05803955159288,1.7371468678715565,26189.969696969696,345.3939393939394,45.84079978874221,The mobile banking service was convenient.,Neutral,0.0,Digital Banking,0,0,1,0.0
2025-11,1096,Branch 1096,North,12104,946,9038091,5375430,1102391,888138,35,117637,215,4.4,214253,19.43530017933746,59.47528078661743,1.776272306675479,31496.885714285716,345.8285714285714,47.7805124488559,The account service was not satisfactory.,Neutral,0.0,Account Service,0,0,1,0.0
2025-11,1097,Branch 1097,South,10158,895,7378385,4545507,813847,656653,30,78950,164,4.3,157194,19.314932659332772,61.60571724029039,1.6144910415436111,27128.233333333334,338.6,45.154181101778775,The staff was very helpful and friendly.,Positive,0.2875,Staff Service,1,0,0,0.0
2025-11,1098,Branch 1098,East,8921,844,6123345,3218189,712835,542605,26,71013,71,4.1,170230,23.880701705163187,52.55606208698024,0.7958749019168255,27416.73076923077,343.11538461538464,46.458531961340654,The waiting time was too long.,Negative,-0.05,Waiting Time,0,1,0,100.0
2025-11,1099,Branch 1099,West,12806,1018,8919603,4755912,922623,574280,39,92575,137,4.4,348343,37.755724710959946,53.319772191654714,1.0698110260815243,23657.0,328.35897435897436,49.920307387529064,Excellent service and quick response.,Positive,0.6666666666666666,Service Quality,1,0,0,0.0
2025-11,1100,Branch 1100,Central,12144,1150,7210843,4685638,848415,566799,39,109569,172,4.2,281616,33.193189653648275,64.9804468076756,1.4163372859025032,21754.23076923077,311.38461538461536,46.19615497314215,The ATM was not working properly.,Neutral,0.0,ATM Issue,0,0,1,0.0
2025-12,1001,Branch 1001,North,12175,549,9528923,7089494,1253919,787281,37,97691,242,4.2,466638,37.21436552121788,74.3997406632418,1.9876796714579055,33889.7027027027,329.05405405405406,53.855927809403994,The loan process was very slow.,Negative,-0.39000000000000007,Loan Process,0,1,0,100.0
2025-12,1002,Branch 1002,South,10162,581,7006943,5022431,915098,627705,33,65303,100,4.3,287393,31.40570736686125,71.67792002874863,0.98405825624877,27730.242424242424,307.93939393939394,48.48175280187798,The mobile banking service was convenient.,Neutral,0.0,Digital Banking,0,0,1,0.0
2025-12,1003,Branch 1003,East,10367,532,6879940,4757704,968102,787655,33,98118,98,4.3,180447,18.639254954539915,69.15327749951308,0.9453072248480756,29336.424242424244,314.1515151515151,44.99017334116391,The account service was not satisfactory.,Neutral,0.0,Account Service,0,0,1,0.0
2025-12,1004,Branch 1004,West,10118,752,6570029,4131058,856001,567614,31,78113,73,4.3,288387,33.690030735945406,62.877317588704706,0.7214864597746591,27612.935483870966,326.38709677419354,49.93774817771418,The staff was very helpful and friendly.,Positive,0.2875,Staff Service,1,0,0,0.0
2025-12,1005,Branch 1005,Central,10887,783,7432184,4264034,764594,539436,36,92755,67,4.2,225158,29.448046937328833,57.372556976522645,0.6154128777440985,21238.722222222223,302.4166666666667,44.303341951831996,The waiting time was too long.,Negative,-0.05,Waiting Time,0,1,0,100.0
2025-12,1006,Branch 1006,North,11597,723,7915123,4529231,855071,596867,31,90442,79,4.4,258204,30.196790675862005,57.22249673188907,0.6812106579287747,27582.935483870966,374.0967741935484,50.83843889878376,Excellent service and quick response.,Positive,0.6666666666666666,Service Quality,1,0,0,0.0
2025-12,1007,Branch 1007,South,8620,622,5355134,3567396,633972,395452,28,72050,106,4.4,238520,37.62311269267413,66.61637225137596,1.2296983758700695,22641.85714285714,307.85714285714283,48.6183523353976,The ATM was not working properly.,Neutral,0.0,ATM Issue,0,0,1,0.0
2025-12,1008,Branch 1008,East,9579,655,5530394,3752743,722075,550547,28,73125,172,4.1,171528,23.75487310874909,67.85670243385914,1.7955945297003864,25788.39285714286,342.10714285714283,45.6280196596546,The loan process was very slow.,Negative,-0.39000000000000007,Loan Process,0,1,0,100.0
2025-12,1009,Branch 1009,West,10297,965,7308415,4514330,803786,524782,31,71520,166,4.4,279004,34.71122910824523,61.76893348284136,1.6121200349616394,25928.58064516129,332.16129032258067,50.044138303206765,The mobile banking service was convenient.,Neutral,0.0,Digital Banking,0,0,1,0.0
2025-12,1010,Branch 1010,Central,9993,744,7961087,5265251,1078708,887348,33,96437,160,4.2,191360,17.739740504381167,66.13733777812,1.6011207845491842,32688.121212121212,302.8181818181818,45.47787134837625,The account service was not satisfactory.,Neutral,0.0,Account Service,0,0,1,0.0
2025-12,1011,Branch 1011,North,12170,1028,9221918,4991180,1257504,965628,35,92505,105,4.5,291876,23.21074127796015,54.123014323050796,0.8627773212818405,35928.68571428571,347.7142857142857,51.509382714036086,The staff was very helpful and friendly.,Positive,0.2875,Staff Service,1,0,0,0.0
2025-12,1012,Branch 1012,South,8936,566,5323576,3360427,647131,440025,27,65876,67,4.3,207106,32.00372103948042,63.1234906761921,0.7497761862130707,23967.814814814814,330.962962962963,47.850084961521794,The waiting time was too long.,Negative,-0.05,Waiting Time,0,1,0,100.0
2025-12,1013,Branch 1013,East,9776,700,7731261,4198134,973270,751018,29,59127,85,4.3,222252,22.83559546682832,54.300766718391735,0.8694762684124385,33561.03448275862,337.1034482758621,49.282399071755464,Excellent service and quick response.,Positive,0.6666666666666666,Service Quality,1,0,0,0.0
2025-12,1014,Branch 1014,West,9682,474,6595068,3596644,712192,556837,29,95881,159,4.1,155355,21.813640141984184,54.53535884694441,1.6422226812642018,24558.344827586207,333.86206896551727,44.06633009035961,The ATM was not working properly.,Neutral,0.0,ATM Issue,0,0,1,0.0
2025-12,1015,Branch 1015,Central,11419,554,7240496,4265130,762765,484011,31,101511,103,4.4,278754,36.545200684352324,58.906599768855614,0.9020054295472458,24605.322580645163,368.35483870967744,51.47211767587468,The loan process was very slow.,Negative,-0.39000000000000007,Loan Process,0,1,0,100.0
2025-12,1016,Branch 1016,North,9468,646,6818082,5169653,924688,668261,31,91848,117,4.1,256427,27.731191493779523,75.82268737747654,1.2357414448669202,29828.645161290322,305.4193548387097,47.462114894775034,The mobile banking service was convenient.,Neutral,0.0,Digital Banking,0,0,1,0.0
2025-12,1017,Branch 1017,South,11296,816,7347331,4728275,837782,570193,30,93872,185,4.1,267589,31.9401705933047,64.35364079827083,1.6377478753541077,27926.066666666666,376.53333333333336,50.79999174021275,The account service was not satisfactory.,Neutral,0.0,Account Service,0,0,1,0.0
2025-12,1018,Branch 1018,East,10439,765,7306247,4492804,886779,646892,34,100586,63,4.1,239887,27.05149761101695,61.49263773863653,0.6035060829581378,26081.735294117647,307.02941176470586,45.565829989015036,The staff was very helpful and friendly.,Positive,0.2875,Staff Service,1,0,0,0.0
2025-12,1019,Branch 1019,West,9445,497,5940635,3846881,669470,505983,27,80094,113,4.3,163487,24.420362376208047,64.75538389414601,1.1964002117522499,24795.185185185186,349.81481481481484,46.301701009879174,The waiting time was too long.,Negative,-0.05,Waiting Time,0,1,0,100.0
2025-12,1020,Branch 1020,Central,9536,872,6654109,4369730,891291,655647,28,57417,115,4.1,235644,26.438503249780375,65.66964863364876,1.2059563758389262,31831.821428571428,340.57142857142856,49.282988320644236,Excellent service and quick response.,Positive,0.6666666666666666,Service Quality,1,0,0,0.0
2025-12,1021,Branch 1021,North,12013,880,8807237,5367096,936957,623499,32,96471,144,4.4,313458,33.454897076386644,60.93961136733348,1.19870140680929,29279.90625,375.40625,52.80836037098203,The ATM was not working properly.,Neutral,0.0,ATM Issue,0,0,1,0.0
2025-12,1022,Branch 1022,South,8969,641,6408927,3709594,800402,504050,29,84033,111,4.0,296352,37.02539473914358,57.881670363853424,1.2375961645668414,27600.068965517243,309.2758620689655,49.5403361873357,The loan process was very slow.,Negative,-0.39000000000000007,Loan Process,0,1,0,100.0
2025-12,1023,Branch 1023,East,9569,747,6700969,4243611,782908,532103,29,77529,125,4.4,250805,32.03505392715364,63.32831863570776,1.306301598913157,26996.827586206895,329.9655172413793,49.51341112636683,The mobile banking service was convenient.,Neutral,0.0,Digital Banking,0,0,1,0.0
2025-12,1024,Branch 1024,West,8955,522,6173282,3887330,743680,522427,28,78187,94,4.1,221253,29.751102624784853,62.97023204188631,1.0496929089893914,26560.0,319.82142857142856,47.22285314875508,The account service was not satisfactory.,Neutral,0.0,Account Service,0,0,1,0.0
2025-12,1025,Branch 1025,Central,9565,815,6285450,3313314,709823,486800,30,61680,141,4.2,223023,31.41952289514428,52.714030021716816,1.4741244119184527,23660.766666666666,318.8333333333333,46.73757380272598,The staff was very helpful and friendly.,Positive,0.2875,Staff Service,1,0,0,0.0
2025-12,1026,Branch 1026,North,11665,608,7363762,5140016,939006,679683,37,77698,209,4.3,259323,27.616756442450846,69.80149548559554,1.7916845263609087,25378.54054054054,315.27027027027026,46.35812049749397,The waiting time was too long.,Negative,-0.05,Waiting Time,0,1,0,100.0
2025-12,1027,Branch 1027,South,10989,871,6502354,3565096,725994,523833,30,99827,216,4.1,202161,27.846097901635552,54.82777467975444,1.9656019656019657,24199.8,366.3,47.26211335583955,Excellent service and quick response.,Positive,0.6666666666666666,Service Quality,1,0,0,0.0
2025-12,1028,Branch 1028,East,12724,821,8590511,6068519,974773,675081,41,96886,156,4.1,299692,30.744799045521365,70.64211896125853,1.2260295504558314,23774.951219512193,310.3414634146341,45.92686190989576,The ATM was not working properly.,Neutral,0.0,ATM Issue,0,0,1,0.0
2025-12,1029,Branch 1029,West,12521,1041,10014767,5495057,1045856,733713,33,109407,227,4.1,312143,29.845695774561698,54.86954414416232,1.8129542368820382,31692.60606060606,379.42424242424244,51.90764375923411,The loan process was very slow.,Negative,-0.39000000000000007,Loan Process,0,1,0,100.0
2025-12,1030,Branch 1030,Central,9504,695,5879565,3434130,635895,498610,29,72758,115,4.2,137285,21.589256087876144,58.407892420612754,1.210016835016835,21927.41379310345,327.7241379310345,42.84346132976172,The mobile banking service was convenient.,Neutral,0.0,Digital Banking,0,0,1,0.0
2025-12,1031,Branch 1031,North,12007,789,7366058,5320751,803189,646394,40,104954,97,4.4,156795,19.521557192640834,72.2333573805691,0.8078620804530691,20079.725,300.175,40.81060137780802,The account service was not satisfactory.,Neutral,0.0,Account Service,0,0,1,0.0
2025-12,1032,Branch 1032,South,12804,586,8675097,4911844,1126782,765368,37,123663,77,4.1,361414,32.074882275364715,56.620047015036256,0.6013745704467355,30453.567567567567,346.05405405405406,50.83401046167296,The staff was very helpful and friendly.,Positive,0.2875,Staff Service,1,0,0,0.0
2025-12,1033,Branch 1033,East,9562,785,7648465,4931633,782470,572284,27,59294,125,4.1,210186,26.861860518614133,64.47872873838084,1.3072578958376908,28980.37037037037,354.14814814814815,48.64470590793213,The waiting time was too long.,Negative,-0.05,Waiting Time,0,1,0,100.0
2025-12,1034,Branch 1034,West,10542,783,7335902,5404332,998567,686268,28,75069,150,4.3,312299,31.274716668986656,73.6696319007533,1.4228799089356858,35663.107142857145,376.5,54.71825096029488,Excellent service and quick response.,Positive,0.6666666666666666,Service Quality,1,0,0,0.0
2025-12,1035,Branch 1035,Central,10078,935,6371217,4710489,776394,482878,29,90013,175,4.0,293516,37.80503198118481,73.93389677356775,1.7364556459615001,26772.206896551725,347.51724137931035,50.90561230507419,The ATM was not working properly.,Neutral,0.0,ATM Issue,0,0,1,0.0
2025-12,1036,Branch 1036,North,9293,564,6437493,3433617,740220,564322,27,91283,63,4.4,175898,23.762935343546513,53.33779780420732,0.6779296244485096,27415.555555555555,344.18518518518516,47.35796766165339,The loan process was very slow.,Negative,-0.39000000000000007,Loan Process,0,1,0,100.0
2025-12,1037,Branch 1037,South,12674,815,7740902,4649199,1067162,758101,42,121032,156,4.0,309061,28.961019976348485,60.06017128236477,1.2308663405396876,25408.619047619046,301.76190476190476,45.422272846439164,The mobile banking service was convenient.,Neutral,0.0,Digital Banking,0,0,1,0.0
2025-12,1038,Branch 1038,East,11466,1010,8489153,4414919,1133466,738596,31,111738,131,4.2,394870,34.837392564046915,52.00659005674654,1.1425082853654283,36563.41935483871,369.8709677419355,55.82330847513397,The account service was not satisfactory.,Neutral,0.0,Account Service,0,0,1,0.0
2025-12,1039,Branch 1039,West,10307,682,5907436,4428195,644771,485031,28,82534,182,4.1,159740,24.774687447171168,74.95967793811054,1.765790239642961,23027.535714285714,368.10714285714283,45.71846162088322,The staff was very helpful and friendly.,Positive,0.2875,Staff Service,1,0,0,0.0
2025-12,1040,Branch 1040,Central,11206,879,7747192,5922204,925729,751574,30,105106,189,4.2,174155,18.812741093775827,76.44323259317699,1.6865964661788326,30857.633333333335,373.53333333333336,47.735898872451585,The waiting time was too long.,Negative,-0.05,Waiting Time,0,1,0,100.0
2025-12,1041,Branch 1041,North,12098,1035,8661756,4771502,894784,712651,36,82945,150,4.3,182133,20.35496834990344,55.08700545247407,1.2398743593982475,24855.11111111111,336.05555555555554,44.37651675046422,Excellent service and quick response.,Positive,0.6666666666666666,Service Quality,1,0,0,0.0
2025-12,1042,Branch 1042,South,9554,508,7594162,5916162,861558,616129,28,76035,142,3.9,245429,28.486648606361964,77.90407947578679,1.4862884655641615,30769.928571428572,341.2142857142857,48.93702626046253,The ATM was not working properly.,Neutral,0.0,ATM Issue,0,0,1,0.0
2025-12,1043,Branch 1043,East,9696,823,5676277,3121717,762800,543466,31,62358,61,4.5,219334,28.753801782905086,54.995853796423255,0.6291254125412541,24606.451612903227,312.7741935483871,46.90546935873431,The loan process was very slow.,Negative,-0.39000000000000007,Loan Process,0,1,0,100.0
2025-12,1044,Branch 1044,West,11852,550,7872140,5088172,905718,747039,34,102016,143,4.2,158679,17.51969155962452,64.63518179300674,1.206547418157273,26638.764705882353,348.5882352941176,44.38571283236916,The mobile banking service was convenient.,Neutral,0.0,Digital Banking,0,0,1,0.0
2025-12,1045,Branch 1045,Central,11297,788,7923004,5665249,991707,676527,29,102419,77,4.5,315180,31.781564514518905,71.50380083109891,0.6815968841285297,34196.793103448275,389.55172413793105,55.324958660921595,The account service was not satisfactory.,Neutral,0.0,Account Service,0,0,1,0.0
2025-12,1046,Branch 1046,North,11293,864,7485644,4586203,1008097,813349,31,74765,156,4.2,194748,19.31837908455238,61.26664586240008,1.3813866997254935,32519.25806451613,364.2903225806452,48.31989540148852,The staff was very helpful and friendly.,Positive,0.2875,Staff Service,1,0,0,0.0
2025-12,1047,Branch 1047,South,9628,738,7429534,4256297,775367,526426,26,90485,98,4.0,248941,32.10621550826899,57.288882452116106,1.0178645616950561,29821.80769230769,370.3076923076923,51.18881110035694,The waiting time was too long.,Negative,-0.05,Waiting Time,0,1,0,100.0
2025-12,1048,Branch 1048,East,11285,644,8450693,5878381,923464,748709,34,68015,125,4.2,174755,18.923856262940408,69.56093423344097,1.1076650420912717,27160.70588235294,331.9117647058824,44.47467825258619,Excellent service and quick response.,Positive,0.6666666666666666,Service Quality,1,0,0,0.0
2025-12,1049,Branch 1049,West,10196,931,6703115,5052003,885003,663620,27,68169,125,3.8,221383,25.014943452169085,75.36798936017061,1.225970969007454,32777.88888888889,377.6296296296296,49.74608358437323,The ATM was not working properly.,Neutral,0.0,ATM Issue,0,0,1,0.0
2025-12,1050,Branch 1050,Central,10426,599,7443024,5594653,1008041,706597,34,102651,80,4.4,301444,29.903942399168287,75.16639742126318,0.7673124880107424,29648.264705882353,306.6470588235294,49.087029992335786,The loan process was very slow.,Negative,-0.39000000000000007,Loan Process,0,1,0,100.0
2025-12,1051,Branch 1051,North,10990,589,8133610,5931024,849312,587562,30,70871,82,4.3,261750,30.819062959195207,72.91994575594354,0.7461328480436761,28310.4,366.3333333333333,50.791311056380216,The mobile banking service was convenient.,Neutral,0.0,Digital Banking,0,0,1,0.0
2025-12,1052,Branch 1052,South,9911,752,5777559,3201519,650137,407098,27,76287,108,4.1,243039,37.38273625405107,55.41300400394007,1.0896983150035315,24079.14814814815,367.0740740740741,50.57434598530306,The account service was not satisfactory.,Neutral,0.0,Account Service,0,0,1,0.0
2025-12,1053,Branch 1053,East,9690,759,5933889,3937514,778685,579118,27,84588,119,4.2,199567,25.628720214207284,66.35638111868961,1.2280701754385965,28840.185185185186,358.8888888888889,48.63128696945102,The staff was very helpful and friendly.,Positive,0.2875,Staff Service,1,0,0,0.0
2025-12,1054,Branch 1054,West,11011,890,7282408,5431167,845674,543788,35,72548,191,4.1,301886,35.69768019354976,74.57927377867321,1.7346290073562802,24162.114285714284,314.6,48.00211405693666,The waiting time was too long.,Negative,-0.05,Waiting Time,0,1,0,100.0
2025-12,1055,Branch 1055,Central,10245,495,6868469,4692429,783966,625504,30,71460,91,4.2,158462,20.212866374307048,68.31841273506512,0.8882381649585164,26132.2,341.5,44.82279736480325,Excellent service and quick response.,Positive,0.6666666666666666,Service Quality,1,0,0,0.0
2025-12,1056,Branch 1056,North,12956,973,8177838,4362870,1024876,781390,39,124903,258,4.2,243486,23.757605798164853,53.3499196242332,1.9913553565915405,26278.871794871793,332.20512820512823,45.77289386268117,The ATM was not working properly.,Neutral,0.0,ATM Issue,0,0,1,0.0
2025-12,1057,Branch 1057,South,12028,892,7589678,4817753,1034825,838851,31,73655,230,4.1,195974,18.93788804870389,63.47769958093083,1.9122048553375455,33381.45161290323,388.0,49.19555858432572,The loan process was very slow.,Negative,-0.39000000000000007,Loan Process,0,1,0,100.0
2025-12,1058,Branch 1058,East,9828,679,6293611,3515944,798033,551418,27,70589,104,4.2,246615,30.90285740063381,55.86528941810989,1.0582010582010581,29556.777777777777,364.0,51.003064911754606,The mobile banking service was convenient.,Neutral,0.0,Digital Banking,0,0,1,0.0
2025-12,1059,Branch 1059,West,9681,680,6247516,3991817,729768,519070,28,58353,165,4.1,210698,28.871915458063384,63.89446621665314,1.7043693833281686,26063.14285714286,345.75,47.68540669231983,The account service was not satisfactory.,Neutral,0.0,Account Service,0,0,1,0.0
2025-12,1060,Branch 1060,Central,11462,843,7151332,4846136,1011703,699237,37,80408,145,4.2,312466,30.885151076946492,67.76550158767625,1.2650497295410923,27343.324324324323,309.7837837837838,47.892924883423035,The staff was very helpful and friendly.,Positive,0.2875,Staff Service,1,0,0,0.0
2025-12,1061,Branch 1061,North,12754,926,9886535,6680565,1093392,817925,38,125141,219,4.0,275467,25.19380057655443,67.57235978024657,1.7171083581621454,28773.473684210527,335.63157894736844,46.95289332264008,The waiting time was too long.,Negative,-0.05,Waiting Time,0,1,0,100.0
2025-12,1062,Branch 1062,South,11349,726,6873288,3851002,880132,677096,32,69856,164,4.3,203036,23.068812405411915,56.02852666729519,1.4450612388756718,27504.125,354.65625,47.25888787995783,Excellent service and quick response.,Positive,0.6666666666666666,Service Quality,1,0,0,0.0
2025-12,1063,Branch 1063,East,9902,717,6202329,4816846,657184,501885,31,70391,140,4.6,155299,23.630977017091105,77.66189120248217,1.4138557867097556,21199.483870967742,319.4193548387097,44.1040533202949,The ATM was not working properly.,Neutral,0.0,ATM Issue,0,0,1,0.0
2025-12,1064,Branch 1064,West,10096,954,7893577,5513697,857581,623112,32,68916,144,4.1,234469,27.340740991229985,69.8504239586185,1.4263074484944533,26799.40625,315.5,46.32274957571056,The loan process was very slow.,Negative,-0.39000000000000007,Loan Process,0,1,0,100.0
2025-12,1065,Branch 1065,Central,9263,786,6579642,4408956,671919,446236,29,71170,120,4.1,225683,33.587828294779584,67.00905611581906,1.2954766274425131,23169.620689655174,319.41379310344826,46.993322751363785,The mobile banking service was convenient.,Neutral,0.0,Digital Banking,0,0,1,0.0
2025-12,1066,Branch 1066,North,10438,886,6012203,4597388,857627,666562,29,102450,148,4.2,191065,22.278333121508535,76.46761095724813,1.4178961486874881,29573.344827586207,359.9310344827586,47.83540938819238,The account service was not satisfactory.,Neutral,0.0,Account Service,0,0,1,0.0
2025-12,1067,Branch 1067,South,10001,801,5773970,4426793,768280,567755,28,66251,134,4.0,200525,26.100510230645078,76.66809837945122,1.3398660133986602,27438.571428571428,357.17857142857144,47.48700728497202,The staff was very helpful and friendly.,Positive,0.2875,Staff Service,1,0,0,0.0
2025-12,1068,Branch 1068,East,10511,687,6172239,4291392,759890,489982,35,88614,140,4.1,269908,35.51935148508337,69.52731415617575,1.3319379697459803,21711.14285714286,300.3142857142857,46.26425597979144,The waiting time was too long.,Negative,-0.05,Waiting Time,0,1,0,100.0
2025-12,1069,Branch 1069,West,11005,709,8171008,4345652,987850,798994,31,95849,193,4.0,188856,19.11788226957534,53.18379323579172,1.753748296228987,31866.129032258064,355.0,46.99210692403148,Excellent service and quick response.,Positive,0.6666666666666666,Service Quality,1,0,0,0.0
2025-12,1070,Branch 1070,Central,12830,856,9359103,5409005,1068440,849830,40,117995,238,4.1,218610,20.460671633409458,57.794053554063886,1.8550272798129386,26711.0,320.75,44.076289130425025,The ATM was not working properly.,Neutral,0.0,ATM Issue,0,0,1,0.0
2025-12,1071,Branch 1071,North,9403,815,6732706,4833592,956939,778182,29,64123,104,4.4,178757,18.680083056495764,71.79270860780197,1.1060299904285866,32997.89655172414,324.2413793103448,47.37414148295386,The loan process was very slow.,Negative,-0.39000000000000007,Loan Process,0,1,0,100.0
2025-12,1072,Branch 1072,South,9426,717,6103256,3978807,669918,469308,28,83791,73,4.3,200610,29.94545601103419,65.19154693822445,0.7744536388712073,23925.64285714286,336.64285714285717,47.32903786246057,The mobile banking service was convenient.,Neutral,0.0,Digital Banking,0,0,1,0.0
2025-12,1073,Branch 1073,East,11048,726,6615854,3923421,924439,667187,32,71433,219,3.8,257252,27.827904274917003,59.30331896683331,1.9822592324402606,28888.71875,345.25,47.698109210535456,The account service was not satisfactory.,Neutral,0.0,Account Service,0,0,1,0.0
2025-12,1074,Branch 1074,West,11821,722,8846629,4740650,985236,701622,33,100178,176,4.4,283614,28.786402445708436,53.587078196678085,1.4888757296337027,29855.636363636364,358.2121212121212,50.77665929963469,The staff was very helpful and friendly.,Positive,0.2875,Staff Service,1,0,0,0.0
2025-12,1075,Branch 1075,Central,10872,647,6345156,4893284,784321,496998,29,77624,123,4.3,287323,36.63334272574622,77.11841915313036,1.131346578366446,27045.55172413793,374.8965517241379,52.57528916529063,The waiting time was too long.,Negative,-0.05,Waiting Time,0,1,0,100.0
2025-12,1076,Branch 1076,North,10011,904,6933380,3964367,859281,668779,27,85824,170,4.2,190502,22.169930441846148,57.17798534048328,1.698132054739786,31825.222222222223,370.77777777777777,49.24907740208129,Excellent service and quick response.,Positive,0.6666666666666666,Service Quality,1,0,0,0.0
2025-12,1077,Branch 1077,South,9581,506,7127542,4272490,791600,546975,25,68620,86,4.3,244625,30.902602324406264,59.94338581238806,0.8976098528337334,31664.0,383.24,53.011355408254445,The ATM was not working properly.,Neutral,0.0,ATM Issue,0,0,1,0.0
2025-12,1078,Branch 1078,East,10491,808,7236580,4762651,835294,605926,33,70031,111,3.8,229368,27.459553163317345,65.81356110206755,1.0580497569345153,25311.939393939392,317.90909090909093,44.874129418319924,The loan process was very slow.,Negative,-0.39000000000000007,Loan Process,0,1,0,100.0
2025-12,1079,Branch 1079,West,10490,480,7094683,3815116,834459,602013,28,65798,173,4.0,232446,27.8558922607342,53.774298301981915,1.6491897044804575,29802.10714285714,374.64285714285717,49.85908146464938,The mobile banking service was convenient.,Neutral,0.0,Digital Banking,0,0,1,0.0
2025-12,1080,Branch 1080,Central,10838,998,8670654,5566238,1149468,798073,29,90611,132,4.2,351395,30.570229010289978,64.19628784633777,1.217936888724857,39636.8275862069,373.7241379310345,55.889321837023886,The account service was not satisfactory.,Neutral,0.0,Account Service,0,0,1,0.0
2025-12,1081,Branch 1081,North,10413,820,7148173,3806660,783124,566586,31,76669,203,4.1,216538,27.65053810124578,53.25360760015182,1.9494862191491404,25262.064516129034,335.9032258064516,46.51095268775995,The staff was very helpful and friendly.,Positive,0.2875,Staff Service,1,0,0,0.0
2025-12,1082,Branch 1082,South,9368,634,6178110,4653488,748689,602843,31,91916,139,4.4,145846,19.48018469618226,75.32219400431524,1.4837745516652434,24151.25806451613,302.19354838709677,42.74328569395161,The waiting time was too long.,Negative,-0.05,Waiting Time,0,1,0,100.0
2025-12,1083,Branch 1083,East,11110,574,8821750,6682518,1154373,875306,34,91909,78,4.5,279067,24.174768467384457,75.75048034686995,0.7020702070207021,33952.14705882353,326.7647058823529,50.13258690356484,Excellent service and quick response.,Positive,0.6666666666666666,Service Quality,1,0,0,0.0
2025-12,1084,Branch 1084,West,10953,807,8704333,5936023,1110445,837396,32,77179,147,4.4,273049,24.589151196142087,68.19618458990482,1.3420980553273076,34701.40625,342.28125,50.91911911147768,The ATM was not working properly.,Neutral,0.0,ATM Issue,0,0,1,0.0
2025-12,1085,Branch 1085,Central,12052,1003,9411546,5009937,979939,733611,33,94606,118,4.2,246328,25.137074858741208,53.23181759936146,0.9790906073680716,29695.121212121212,365.2121212121212,49.09523491651044,The loan process was very slow.,Negative,-0.39000000000000007,Loan Process,0,1,0,100.0
2025-12,1086,Branch 1086,North,10453,989,6720839,4347690,772185,637760,35,85173,89,4.5,134425,17.40839306642838,64.68969127217599,0.8514302114225581,22062.428571428572,298.65714285714284,41.22290328347436,The mobile banking service was convenient.,Neutral,0.0,Digital Banking,0,0,1,0.0
2025-12,1087,Branch 1087,South,10862,800,7489195,4438220,719008,530625,36,97043,142,4.3,188383,26.20040388980373,59.261642940262604,1.3073098876818265,19972.444444444445,301.72222222222223,42.85851702687254,The account service was not satisfactory.,Neutral,0.0,Account Service,0,0,1,0.0
2025-12,1088,Branch 1088,East,10878,901,7314150,4976767,945985,632866,29,105302,182,3.9,313119,33.09978488030994,68.04299884470512,1.673101673101673,32620.172413793105,375.1034482758621,52.70609015009694,The staff was very helpful and friendly.,Positive,0.2875,Staff Service,1,0,0,0.0
2025-12,1089,Branch 1089,West,11954,740,8645088,5391288,900574,733155,35,118821,227,4.1,167419,18.590254659805858,62.36244211741974,1.8989459595114606,25730.685714285715,341.54285714285714,43.77217877457594,The waiting time was too long.,Negative,-0.05,Waiting Time,0,1,0,100.0
2025-12,1090,Branch 1090,Central,10989,929,8164850,4421505,898852,718302,29,90855,217,4.0,180550,20.086732854797006,54.15292381366468,1.9747019747019745,30994.896551724138,378.9310344827586,47.852662999117044,Excellent service and quick response.,Positive,0.6666666666666666,Service Quality,1,0,0,0.0
2025-12,1091,Branch 1091,North,11191,1039,7533138,4514648,910149,708862,34,102318,206,4.2,201287,22.115829386177428,59.930509702596716,1.8407649003663658,26769.08823529412,329.1470588235294,45.30560092903709,The ATM was not working properly.,Neutral,0.0,ATM Issue,0,0,1,0.0
2025-12,1092,Branch 1092,South,11797,673,6986259,3819326,776172,609561,38,71533,85,4.6,166611,21.465731822328042,54.66911547367482,0.7205221666525388,20425.57894736842,310.44736842105266,42.64540661152285,The loan process was very slow.,Negative,-0.39000000000000007,Loan Process,0,1,0,100.0
2025-12,1093,Branch 1093,East,9524,526,7411572,5608887,815725,543027,31,79289,178,4.1,272698,33.430138833552974,75.67742713691509,1.868962620747585,26313.709677419356,307.2258064516129,47.912427473890304,The mobile banking service was convenient.,Neutral,0.0,Digital Banking,0,0,1,0.0
2025-12,1094,Branch 1094,West,11276,840,8081599,5125579,1038560,809542,30,81767,93,4.5,229018,22.051494376829456,63.422832535987,0.8247605533877261,34618.666666666664,375.8666666666667,51.5861827273665,The account service was not satisfactory.,Neutral,0.0,Account Service,0,0,1,0.0
2025-12,1095,Branch 1095,Central,11416,965,8362727,4911440,887910,654364,33,97561,167,4.1,233546,26.30289105877848,58.73012475476001,1.4628591450595654,26906.363636363636,345.93939393939394,47.18070459220547,The staff was very helpful and friendly.,Positive,0.2875,Staff Service,1,0,0,0.0
2025-12,1096,Branch 1096,North,12642,915,9588294,7367623,1084028,708962,34,109413,188,4.3,375066,34.59929079322674,76.83976941049158,1.4871064704951749,31883.176470588234,371.8235294117647,53.96623064061926,The waiting time was too long.,Negative,-0.05,Waiting Time,0,1,0,100.0
2025-12,1097,Branch 1097,South,10614,863,6478439,4391871,838944,594880,29,82637,151,4.3,244064,29.091810657207155,67.79211782344483,1.4226493310721688,28929.103448275862,366.0,50.45801433215753,Excellent service and quick response.,Positive,0.6666666666666666,Service Quality,1,0,0,0.0
2025-12,1098,Branch 1098,East,9036,728,6545417,4652055,921368,656528,29,89901,175,4.1,264840,28.74421512359882,71.07347018532204,1.936697653829128,31771.310344827587,311.58620689655174,48.94610480383017,The ATM was not working properly.,Neutral,0.0,ATM Issue,0,0,1,0.0
2025-12,1099,Branch 1099,West,12212,736,8794939,6159945,1112726,784144,39,89946,156,4.0,328582,29.529461880103458,70.03965576111443,1.2774320340648542,28531.4358974359,313.12820512820514,47.49273309142089,The loan process was very slow.,Negative,-0.39000000000000007,Loan Process,0,1,0,100.0
2025-12,1100,Branch 1100,Central,13334,758,7898027,5015487,1030445,642180,42,112776,141,4.5,388265,37.67935212456754,63.5030368976961,1.0574471276436177,24534.404761904763,317.4761904761905,50.177385908486244,The mobile banking service was convenient.,Neutral,0.0,Digital Banking,0,0,1,0.0
2026-01,1001,Branch 1001,North,11522,880,7555914,4033281,816949,623370,36,110951,121,4.2,193579,23.695359196228896,53.37912792548989,1.050164901926749,22693.027777777777,320.05555555555554,43.63684315440517,The account service was not satisfactory.,Neutral,0.0,Account Service,0,0,1,0.0
2026-01,1002,Branch 1002,South,10288,665,6151129,4404834,845408,665446,33,79422,156,4.3,179962,21.28699988644536,71.61017107591144,1.516329704510109,25618.424242424244,311.75757575757575,44.11758887327619,The staff was very helpful and friendly.,Positive,0.2875,Staff Service,1,0,0,0.0
2026-01,1003,Branch 1003,East,10883,935,8628103,5459687,965501,792089,29,77741,194,4.3,173412,17.960830698259244,63.27795345048616,1.7825967104658642,33293.137931034486,375.2758620689655,48.92308631976641,The waiting time was too long.,Negative,-0.05,Waiting Time,0,1,0,100.0
2026-01,1004,Branch 1004,West,10747,522,7102693,5052433,759805,545656,32,102821,200,4.3,214149,28.184731608768036,71.13404732542995,1.8609844607797525,23743.90625,335.84375,46.598569947250596,Excellent service and quick response.,Positive,0.6666666666666666,Service Quality,1,0,0,0.0
2026-01,1005,Branch 1005,Central,11172,529,7520197,4546037,945315,744847,31,68750,220,4.2,200468,21.206476148162253,60.45103605663522,1.9692087361260293,30494.032258064515,360.38709677419354,47.90055287250269,The ATM was not working properly.,Neutral,0.0,ATM Issue,0,0,1,0.0
2026-01,1006,Branch 1006,North,12045,948,7560184,4147152,805163,570940,40,113959,219,4.4,234223,29.090134544185464,54.85517283706323,1.8181818181818181,20129.075,301.125,44.2188429443827,The loan process was very slow.,Negative,-0.39000000000000007,Loan Process,0,1,0,100.0
2026-01,1007,Branch 1007,South,9585,852,6903368,5174316,967730,711639,26,83331,77,4.4,256091,26.463063044444212,74.95350095779335,0.803338549817423,37220.38461538462,368.65384615384613,53.747071611841136,The mobile banking service was convenient.,Neutral,0.0,Digital Banking,0,0,1,0.0
2026-01,1008,Branch 1008,East,8902,832,6794867,3575786,754767,568801,25,70580,169,4.0,185966,24.638862059417015,52.624812229584485,1.898449786564817,30190.68,356.08,48.1967559660486,The account service was not satisfactory.,Neutral,0.0,Account Service,0,0,1,0.0
2026-01,1009,Branch 1009,West,10652,751,6620046,3635127,753122,529855,32,66028,146,4.2,223267,29.645528878455284,54.91090243179579,1.3706346226060835,23535.0625,332.875,46.59964457983128,The staff was very helpful and friendly.,Positive,0.2875,Staff Service,1,0,0,0.0
2026-01,1010,Branch 1010,Central,9716,796,6126351,3368424,675063,540705,30,59319,139,4.3,134358,19.903031272636778,54.98254997142671,1.4306298888431455,22502.1,323.8666666666667,42.66861402604545,The waiting time was too long.,Negative,-0.05,Waiting Time,0,1,0,100.0
2026-01,1011,Branch 1011,North,12708,752,7532369,5201593,931210,681549,42,110139,216,4.1,249661,26.810386486399416,69.0565345378061,1.69971671388102,22171.666666666668,302.57142857142856,43.514480198467375,Excellent service and quick response.,Positive,0.6666666666666666,Service Quality,1,0,0,0.0
2026-01,1012,Branch 1012,South,9064,510,5552072,3003857,696812,581269,27,55519,109,4.1,115543,16.581660476570438,54.103350965189215,1.202559576345984,25807.85185185185,335.7037037037037,42.879760274824186,The ATM was not working properly.,Neutral,0.0,ATM Issue,0,0,1,0.0
2026-01,1013,Branch 1013,East,9939,752,6246992,4215496,634400,521414,32,64215,153,4.1,112986,17.809899117276167,67.48041297315572,1.5393902807123452,19825.0,310.59375,39.59574669675242,The loan process was very slow.,Negative,-0.39000000000000007,Loan Process,0,1,0,100.0
2026-01,1014,Branch 1014,West,9891,826,7517221,4203583,806264,669029,29,73575,99,4.0,137235,17.021099788654833,55.91937499243404,1.0009099181073704,27802.206896551725,341.0689655172414,43.855863130154134,The mobile banking service was convenient.,Neutral,0.0,Digital Banking,0,0,1,0.0
2026-01,1015,Branch 1015,Central,11298,587,7151873,4607821,790802,571473,33,95159,107,4.2,219329,27.735008257439915,64.42817147340284,0.9470702779252965,23963.696969696968,342.3636363636364,46.49313681184206,The account service was not satisfactory.,Neutral,0.0,Account Service,0,0,1,0.0
2026-01,1016,Branch 1016,North,10147,768,7618173,5775739,1029066,736987,33,86484,121,4.2,292079,28.382921989454513,75.81527749501095,1.1924706809894552,31183.81818181818,307.4848484848485,48.69197990009695,The staff was very helpful and friendly.,Positive,0.2875,Staff Service,1,0,0,0.0
2026-01,1017,Branch 1017,South,11252,962,8303064,6285843,1216157,780350,32,79074,98,4.4,435807,35.83476475487951,75.70510115302014,0.8709562744400995,38004.90625,351.625,56.73166994271733,The waiting time was too long.,Negative,-0.05,Waiting Time,0,1,0,100.0
2026-01,1018,Branch 1018,East,10920,504,7886864,5243998,965923,696378,37,84794,79,4.3,269545,27.905433455875883,66.49028054750279,0.7234432234432234,26106.027027027027,295.13513513513516,46.017862437621076,Excellent service and quick response.,Positive,0.6666666666666666,Service Quality,1,0,0,0.0
2026-01,1019,Branch 1019,West,9702,868,7438418,4465414,1013010,837454,32,84485,148,4.5,175556,17.330134944373697,60.03177019629712,1.5254586683158111,31656.5625,303.1875,45.77509151287294,The ATM was not working properly.,Neutral,0.0,ATM Issue,0,0,1,0.0
2026-01,1020,Branch 1020,Central,10067,774,6326268,4642972,791179,537847,26,68994,123,3.9,253332,32.0195556252125,73.39195873459676,1.221813847223602,30429.96153846154,387.1923076923077,51.787868742581175,The loan process was very slow.,Negative,-0.39000000000000007,Loan Process,0,1,0,100.0
2026-01,1021,Branch 1021,North,11800,803,7025635,5428310,955443,619723,39,94249,189,4.1,335720,35.13762725772233,77.26433269021234,1.6016949152542375,24498.53846153846,302.56410256410254,47.49711239712549,The mobile banking service was convenient.,Neutral,0.0,Digital Banking,0,0,1,0.0
2026-01,1022,Branch 1022,South,9626,626,6543702,4060316,833672,548523,27,65790,146,4.2,285149,34.20397950273009,62.04921923400546,1.5167255350093496,30876.74074074074,356.51851851851853,52.47643643347257,The account service was not satisfactory.,Neutral,0.0,Account Service,0,0,1,0.0
2026-01,1023,Branch 1023,East,10044,741,6218874,3795747,853383,690649,30,79439,112,4.3,162734,19.06928073326982,61.03592065058723,1.1150935882118678,28446.1,334.8,45.52697758431008,The staff was very helpful and friendly.,Positive,0.2875,Staff Service,1,0,0,0.0
2026-01,1024,Branch 1024,West,9858,761,5665534,4349560,690872,440712,26,60659,186,3.9,250160,36.20931228939659,76.77228660175722,1.8867924528301887,26572.0,379.15384615384613,51.17337840131019,The waiting time was too long.,Negative,-0.05,Waiting Time,0,1,0,100.0
2026-01,1025,Branch 1025,Central,10523,508,6832258,5225269,745928,511197,29,95133,85,4.1,234731,31.46831865810105,76.4793864634503,0.8077544426494345,25721.655172413793,362.86206896551727,49.09626807690229,Excellent service and quick response.,Positive,0.6666666666666666,Service Quality,1,0,0,0.0
2026-01,1026,Branch 1026,North,11670,870,6872912,4149332,727753,531735,32,92981,91,4.5,196018,26.93468800540843,60.37225560286528,0.779777206512425,22742.28125,364.6875,47.41181153955588,The ATM was not working properly.,Neutral,0.0,ATM Issue,0,0,1,0.0
2026-01,1027,Branch 1027,South,11327,565,7070048,3943053,837706,566328,30,80403,160,4.3,271378,32.39537498836107,55.77123380209017,1.4125540743356582,27923.533333333333,377.56666666666666,51.59793942652466,The loan process was very slow.,Negative,-0.39000000000000007,Loan Process,0,1,0,100.0
2026-01,1028,Branch 1028,East,12682,1086,10150986,6144658,1291146,989491,36,122958,193,4.2,301655,23.363353176170627,60.53262215118808,1.5218419807601324,35865.166666666664,352.27777777777777,50.809353097585316,The mobile banking service was convenient.,Neutral,0.0,Digital Banking,0,0,1,0.0
2026-01,1029,Branch 1029,West,12900,645,9997738,7574045,1206492,902001,34,117268,158,4.0,304491,25.23771396743617,75.757586366036,1.2248062015503876,35485.05882352941,379.4117647058824,51.73566919448291,The account service was not satisfactory.,Neutral,0.0,Account Service,0,0,1,0.0
2026-01,1030,Branch 1030,Central,10647,962,6405462,4486297,773984,532992,30,90436,116,4.0,240992,31.136560962500514,70.03861704276756,1.0895087818164741,25799.466666666667,354.9,48.409294106040335,The staff was very helpful and friendly.,Positive,0.2875,Staff Service,1,0,0,0.0
2026-01,1031,Branch 1031,North,12380,980,7291358,4364518,982950,712507,40,121788,116,4.2,270443,27.513403530189734,59.85878076484518,0.9369951534733442,24573.75,309.5,45.43023963377475,The waiting time was too long.,Negative,-0.05,Waiting Time,0,1,0,100.0
2026-01,1032,Branch 1032,South,11795,896,8648329,5405002,960846,758198,31,79494,175,4.0,202648,21.09058059251951,62.49764549891661,1.483679525222552,30995.032258064515,380.48387096774195,48.26386522471865,Excellent service and quick response.,Positive,0.6666666666666666,Service Quality,1,0,0,0.0
2026-01,1033,Branch 1033,East,8941,807,6807902,5289560,943433,613595,25,69666,87,4.4,329838,34.96146520208642,77.69735815821086,0.9730455206352757,37737.32,357.64,56.53476561116225,The ATM was not working properly.,Neutral,0.0,ATM Issue,0,0,1,0.0
2026-01,1034,Branch 1034,West,11204,1058,7081245,5105751,803878,569446,33,89027,84,4.3,234432,29.162634131049735,72.10244808645938,0.7497322384862549,24359.939393939392,339.5151515151515,47.3650568560323,The loan process was very slow.,Negative,-0.39000000000000007,Loan Process,0,1,0,100.0
2026-01,1035,Branch 1035,Central,9700,619,6752971,5077146,670886,435341,31,64041,181,4.1,235545,35.10954171051416,75.18388572970326,1.865979381443299,21641.483870967742,312.9032258064516,46.57358591407114,The mobile banking service was convenient.,Neutral,0.0,Digital Banking,0,0,1,0.0
2026-01,1036,Branch 1036,North,9274,622,6293025,4399855,812428,679644,25,81006,86,4.2,132784,16.344094492065757,69.91637566988848,0.9273237006685358,32497.12,370.96,47.52555238331202,The account service was not satisfactory.,Neutral,0.0,Account Service,0,0,1,0.0
2026-01,1037,Branch 1037,South,12988,718,9937584,7531814,1180650,946734,35,98402,172,3.9,233916,19.81247617837632,75.7911983435813,1.324299353249153,33732.857142857145,371.0857142857143,48.411713732218274,The staff was very helpful and friendly.,Positive,0.2875,Staff Service,1,0,0,0.0
2026-01,1038,Branch 1038,East,11394,828,9136398,5842645,1100264,901862,37,74873,147,4.0,198402,18.032217722292103,63.949107733704246,1.29015271195366,29736.864864864863,307.94594594594594,43.82262168318037,The waiting time was too long.,Negative,-0.05,Waiting Time,0,1,0,100.0
2026-01,1039,Branch 1039,West,9547,438,7595811,4980883,1064285,667124,28,76256,113,3.9,397161,37.31716598467516,65.57407760672297,1.1836178904367864,38010.17857142857,340.9642857142857,55.342431841549015,Excellent service and quick response.,Positive,0.6666666666666666,Service Quality,1,0,0,0.0
2026-01,1040,Branch 1040,Central,11070,972,7098066,3879339,756181,529662,31,72917,86,4.1,226519,29.955658764237665,54.6534647606827,0.7768744354110207,24392.935483870966,357.0967741935484,47.734759998856504,The ATM was not working properly.,Neutral,0.0,ATM Issue,0,0,1,0.0
2026-01,1041,Branch 1041,North,12402,566,9393209,5795646,1187893,774676,39,118407,104,4.4,413217,34.78570881384098,61.70038375596668,0.8385744234800839,30458.79487179487,318.0,51.604956121300255,The loan process was very slow.,Negative,-0.39000000000000007,Loan Process,0,1,0,100.0
2026-01,1042,Branch 1042,South,10002,563,6458388,4091788,670419,478522,28,69389,134,4.4,191897,28.623442951348338,63.3561811399377,1.3397320535892823,23943.535714285714,357.2142857142857,47.96666804574363,The mobile banking service was convenient.,Neutral,0.0,Digital Banking,0,0,1,0.0
2026-01,1043,Branch 1043,East,10644,750,7587545,5081530,892905,591949,31,72342,89,4.4,300956,33.70526539777468,66.97199159939085,0.8361518226230741,28803.387096774193,343.35483870967744,51.44303099309907,The account service was not satisfactory.,Neutral,0.0,Account Service,0,0,1,0.0
2026-01,1044,Branch 1044,West,12057,897,8014083,6092114,920081,764676,38,98158,195,3.7,155405,16.890360739978327,76.01760550770437,1.6173177407315251,24212.657894736843,317.2894736842105,40.346319607990935,The staff was very helpful and friendly.,Positive,0.2875,Staff Service,1,0,0,0.0
2026-01,1045,Branch 1045,Central,12923,1071,8535107,4559530,1027132,650028,40,115791,120,4.2,377104,36.71426846792817,53.4208885723401,0.9285769558152132,25678.3,323.075,49.680411201269465,The waiting time was too long.,Negative,-0.05,Waiting Time,0,1,0,100.0
2026-01,1046,Branch 1046,North,12230,946,8504722,5057508,1051860,722159,33,114536,76,4.4,329701,31.344570570227976,59.46705841766492,0.6214227309893704,31874.545454545456,370.6060606060606,53.076236035379885,Excellent service and quick response.,Positive,0.6666666666666666,Service Quality,1,0,0,0.0
2026-01,1047,Branch 1047,South,9907,872,5812394,4187447,707907,516537,28,77310,63,4.2,191370,27.033211989710516,72.04341274868841,0.6359140002018775,25282.39285714286,353.82142857142856,47.29417697505511,The ATM was not working properly.,Neutral,0.0,ATM Issue,0,0,1,0.0
2026-01,1048,Branch 1048,East,11991,707,9254620,5444473,1091210,885431,40,93372,141,4.1,205779,18.857873369928797,58.829784475213465,1.175881911433575,27280.25,299.775,42.969020989071055,The loan process was very slow.,Negative,-0.39000000000000007,Loan Process,0,1,0,100.0
2026-01,1049,Branch 1049,West,9578,572,6395416,4299612,711009,493991,28,57522,123,4.3,217018,30.522539095848295,67.22959069433482,1.2841929421591145,25393.178571428572,342.07142857142856,48.41386544586878,The mobile banking service was convenient.,Neutral,0.0,Digital Banking,0,0,1,0.0
2026-01,1050,Branch 1050,Central,11204,769,8238818,4656144,1004313,772040,35,105960,148,4.5,232273,23.127550873084388,56.51470878468247,1.320956801142449,28694.657142857144,320.1142857142857,47.09601165984131,The account service was not satisfactory.,Neutral,0.0,Account Service,0,0,1,0.0
2026-01,1051,Branch 1051,North,11516,968,8108759,5133851,915063,593290,31,83876,141,4.4,321773,35.16402695770673,63.31241315717978,1.224383466481417,29518.16129032258,371.48387096774195,53.36491597273189,The staff was very helpful and friendly.,Positive,0.2875,Staff Service,1,0,0,0.0
2026-01,1052,Branch 1052,South,10725,492,7231465,5247712,828907,572471,30,97359,114,4.5,256436,30.936643073348396,72.56775770884599,1.062937062937063,27630.233333333334,357.5,50.780031946668444,The waiting time was too long.,Negative,-0.05,Waiting Time,0,1,0,100.0
2026-01,1053,Branch 1053,East,10664,819,6835190,4925309,865316,580616,29,90262,184,4.0,284700,32.901275372233954,72.05811396610775,1.72543135783946,29838.48275862069,367.7241379310345,51.37525656383305,Excellent service and quick response.,Positive,0.6666666666666666,Service Quality,1,0,0,0.0
2026-01,1054,Branch 1054,West,11031,666,6926182,4480992,967708,809728,31,81410,100,4.3,157980,16.32517246938126,64.6964229354643,0.9065361254645998,31216.387096774193,355.83870967741933,46.6486255526885,The ATM was not working properly.,Neutral,0.0,ATM Issue,0,0,1,0.0
2026-01,1055,Branch 1055,Central,9730,777,5985333,4101548,702808,554475,26,59160,179,4.2,148333,21.105764305471762,68.52664672124341,1.8396711202466598,27031.076923076922,374.2307692307692,46.80835414675707,The loan process was very slow.,Negative,-0.39000000000000007,Loan Process,0,1,0,100.0
2026-01,1056,Branch 1056,North,12823,1122,10000424,7399164,1080231,765121,40,82254,149,4.5,315110,29.170612581938492,73.98850288747757,1.1619745769320753,27005.775,320.575,48.45337548841824,The mobile banking service was convenient.,Neutral,0.0,Digital Banking,0,0,1,0.0
2026-01,1057,Branch 1057,South,12683,853,9199018,6525115,1218699,892579,36,113235,246,4.2,326120,26.75968389241314,70.93273434186128,1.939604194591185,33852.75,352.30555555555554,51.07514007609538,The account service was not satisfactory.,Neutral,0.0,Account Service,0,0,1,0.0
2026-01,1058,Branch 1058,East,10401,559,8151385,5102293,1114394,747853,29,65944,119,4.3,366541,32.89150874825241,62.59418491458813,1.1441207576194596,38427.379310344826,358.6551724137931,55.866210670791546,The staff was very helpful and friendly.,Positive,0.2875,Staff Service,1,0,0,0.0
2026-01,1059,Branch 1059,West,10385,857,6509966,4847595,801247,513117,28,79578,119,4.4,288130,35.96019704285944,74.46421379159277,1.1458834857968223,28615.964285714286,370.89285714285717,53.20657551497728,The waiting time was too long.,Negative,-0.05,Waiting Time,0,1,0,100.0
2026-01,1060,Branch 1060,Central,11653,1006,8560883,6178760,858549,615709,31,107699,105,4.2,242840,28.284931902547207,72.17433061519472,0.9010555221831288,27695.129032258064,375.9032258064516,49.69036070429948,Excellent service and quick response.,Positive,0.6666666666666666,Service Quality,1,0,0,0.0
2026-01,1061,Branch 1061,North,12896,945,9478036,6060558,1112021,837615,37,102103,140,4.3,274406,24.67633255127376,63.94318400985183,1.08560794044665,30054.62162162162,348.5405405405405,48.75708671569491,The ATM was not working properly.,Neutral,0.0,ATM Issue,0,0,1,0.0
2026-01,1062,Branch 1062,South,12236,593,7244445,4526997,817639,602774,38,99098,175,4.4,214865,26.27871224342283,62.48921760052012,1.4302059496567507,21516.815789473683,322.0,44.67583296993561,The loan process was very slow.,Negative,-0.39000000000000007,Loan Process,0,1,0,100.0
2026-01,1063,Branch 1063,East,10705,765,7085553,4903416,820853,641715,33,101629,201,4.1,179138,21.823395906453406,69.20301068949735,1.877627276973377,24874.333333333332,324.3939393939394,43.85025241620097,The mobile banking service was convenient.,Neutral,0.0,Digital Banking,0,0,1,0.0
2026-01,1064,Branch 1064,West,9988,682,6999872,5143119,767640,476959,27,97172,179,4.0,290681,37.866838622270855,73.47447210463277,1.792150580696836,28431.11111111111,369.9259259259259,52.55179252574465,The account service was not satisfactory.,Neutral,0.0,Account Service,0,0,1,0.0
2026-01,1065,Branch 1065,Central,9894,782,7946063,5820368,1059463,857359,27,87330,88,4.3,202104,19.07607910800094,73.24845020735425,0.8894279361229027,39239.37037037037,366.44444444444446,51.70356702381338,The staff was very helpful and friendly.,Positive,0.2875,Staff Service,1,0,0,0.0
2026-01,1066,Branch 1066,North,10935,856,7662377,5481714,1052495,860802,34,89896,204,4.2,191693,18.21319816246158,71.54064593793805,1.8655692729766804,30955.735294117647,321.61764705882354,45.57204729977748,The waiting time was too long.,Negative,-0.05,Waiting Time,0,1,0,100.0
2026-01,1067,Branch 1067,South,10701,933,6564970,4551911,846412,542579,32,68094,129,3.9,303833,35.89658464199468,69.33635644945826,1.2054948135688253,26450.375,334.40625,49.285037872793126,Excellent service and quick response.,Positive,0.6666666666666666,Service Quality,1,0,0,0.0
2026-01,1068,Branch 1068,East,10121,668,7869315,4260230,827856,683406,31,85102,121,4.4,144450,17.44868672812663,54.137240661989004,1.195534038138524,26705.032258064515,326.48387096774195,44.14014161021527,The ATM was not working properly.,Neutral,0.0,ATM Issue,0,0,1,0.0
2026-01,1069,Branch 1069,West,11796,951,7121712,5303935,892491,628124,36,102300,124,4.1,264367,29.62125108264397,74.47556149420251,1.0512037978975926,24791.416666666668,327.6666666666667,46.66744962832039,The loan process was very slow.,Negative,-0.39000000000000007,Loan Process,0,1,0,100.0
2026-01,1070,Branch 1070,Central,12528,860,8277760,5023076,1078134,718216,35,119686,210,4.2,359918,33.38341987174136,60.681585356424925,1.6762452107279693,30803.82857142857,357.9428571428571,52.21060833452431,The mobile banking service was convenient.,Neutral,0.0,Digital Banking,0,0,1,0.0
2026-01,1071,Branch 1071,North,9582,879,6086983,4172811,805748,616493,28,95209,84,4.3,189255,23.488112908750626,68.55302536576822,0.8766437069505322,28776.714285714286,342.2142857142857,47.510862933741954,The account service was not satisfactory.,Neutral,0.0,Account Service,0,0,1,0.0
2026-01,1072,Branch 1072,South,9763,885,6354957,3722074,793419,637164,31,59908,148,4.4,156255,19.693881795117083,58.56961738686823,1.5159274813069752,25594.16129032258,314.93548387096774,43.971225127701715,The staff was very helpful and friendly.,Positive,0.2875,Staff Service,1,0,0,0.0
2026-01,1073,Branch 1073,East,11383,777,7854500,6099191,1027836,855876,33,93404,176,4.1,171960,16.73029549461198,77.65218664459864,1.5461653342704031,31146.545454545456,344.93939393939394,45.738664066262174,The waiting time was too long.,Negative,-0.05,Waiting Time,0,1,0,100.0
2026-01,1074,Branch 1074,West,11757,692,8370465,5277855,899225,609026,33,103073,77,4.5,290199,32.272123217214826,63.053307074338164,0.654928978480905,27249.242424242424,356.27272727272725,51.025261423143334,Excellent service and quick response.,Positive,0.6666666666666666,Service Quality,1,0,0,0.0
2026-01,1075,Branch 1075,Central,12264,886,8300049,5692681,974299,670964,38,76152,126,4.3,303335,31.133666359095102,68.58611316631986,1.0273972602739725,25639.447368421053,322.7368421052632,47.99634029060154,The ATM was not working properly.,Neutral,0.0,ATM Issue,0,0,1,0.0
2026-01,1076,Branch 1076,North,10127,740,6485766,4004149,785457,488625,29,93247,132,4.3,296832,37.79099301425794,61.73748790813607,1.3034462328428953,27084.724137931036,349.2068965517241,52.009252054083504,The loan process was very slow.,Negative,-0.39000000000000007,Loan Process,0,1,0,100.0
2026-01,1077,Branch 1077,South,9310,879,7187524,4071453,791696,554553,30,87800,89,4.7,237143,29.95379539621269,56.64611345993419,0.9559613319011815,26389.866666666665,310.3333333333333,48.65033245132406,The mobile banking service was convenient.,Neutral,0.0,Digital Banking,0,0,1,0.0
2026-01,1078,Branch 1078,East,10975,830,6334880,3531088,797984,522033,30,95226,128,4.0,275951,34.58101916830413,55.74040865809613,1.1662870159453305,26599.466666666667,365.8333333333333,50.4031701156853,The account service was not satisfactory.,Neutral,0.0,Account Service,0,0,1,0.0
2026-01,1079,Branch 1079,West,10889,1024,7110790,4025572,859161,555458,36,85179,107,4.4,303703,35.348787945449104,56.612162642969345,0.9826430342547525,23865.583333333332,302.47222222222223,48.176860225000496,The staff was very helpful and friendly.,Positive,0.2875,Staff Service,1,0,0,0.0
2026-01,1080,Branch 1080,Central,11374,731,7776785,4361214,864753,680397,35,77774,69,4.3,184356,21.318919969054747,56.07990962846472,0.6066467381747845,24707.22857142857,324.9714285714286,44.21919659538945,The waiting time was too long.,Negative,-0.05,Waiting Time,0,1,0,100.0
2026-01,1081,Branch 1081,North,10261,832,7660171,4365470,931347,660772,34,97470,154,4.4,270575,29.05200746875225,56.989197760728835,1.500828379300263,27392.558823529413,301.79411764705884,47.56628210361265,Excellent service and quick response.,Positive,0.6666666666666666,Service Quality,1,0,0,0.0
2026-01,1082,Branch 1082,South,9233,531,5699989,2975557,547597,456129,25,91011,78,4.3,91468,16.703524672341157,52.20285512831692,0.8447958410050905,21903.88,369.32,43.024331687644235,The ATM was not working properly.,Neutral,0.0,ATM Issue,0,0,1,0.0
2026-01,1083,Branch 1083,East,11909,965,8390595,5834583,872058,657030,32,110638,186,4.2,215028,24.65753424657534,69.53717823348642,1.5618439835418592,27251.8125,372.15625,48.07294304786727,The loan process was very slow.,Negative,-0.39000000000000007,Loan Process,0,1,0,100.0
2026-01,1084,Branch 1084,West,11062,915,6461072,4467439,697408,499229,37,94979,216,4.2,198179,28.416507983848767,69.14392843788151,1.9526306273729885,18848.864864864863,298.97297297297297,42.71240138649982,The mobile banking service was convenient.,Neutral,0.0,Digital Banking,0,0,1,0.0
2026-01,1085,Branch 1085,Central,12883,919,9614875,5983714,1263230,850371,42,105688,163,4.0,412859,32.682805189870415,62.2339239979719,1.2652332531242723,30076.904761904763,306.73809523809524,49.0599468980827,The account service was not satisfactory.,Neutral,0.0,Account Service,0,0,1,0.0
2026-01,1086,Branch 1086,North,11671,1028,6703571,3712443,786416,592195,32,78461,83,4.2,194221,24.696979715570386,55.380080258715836,0.7111644246422757,24575.5,364.71875,46.57153684206294,The staff was very helpful and friendly.,Positive,0.2875,Staff Service,1,0,0,0.0
2026-01,1087,Branch 1087,South,10440,797,8174398,5220289,1146219,844168,32,80813,109,4.5,302051,26.351944959907314,63.861448879782955,1.0440613026819923,35819.34375,326.25,51.732100338491705,The waiting time was too long.,Negative,-0.05,Waiting Time,0,1,0,100.0
2026-01,1088,Branch 1088,East,11479,930,8964704,5796762,1182697,737700,34,76509,120,4.5,444997,37.62561332276991,64.66205688442139,1.0453872288526875,34785.205882352944,337.61764705882354,55.64078159030794,Excellent service and quick response.,Positive,0.6666666666666666,Service Quality,1,0,0,0.0
2026-01,1089,Branch 1089,West,12937,768,10383247,7240917,1252468,838672,42,124190,182,4.1,413796,33.03844888651846,69.73653809834246,1.4068176547885909,29820.666666666668,308.0238095238095,49.416278273273015,The ATM was not working properly.,Neutral,0.0,ATM Issue,0,0,1,0.0
2026-01,1090,Branch 1090,Central,11431,629,8423890,6424829,1177711,969922,34,85435,202,4.2,207789,17.643462615191673,76.26914643947154,1.7671244860467152,34638.55882352941,336.20588235294116,47.625334918299025,The loan process was very slow.,Negative,-0.39000000000000007,Loan Process,0,1,0,100.0
2026-01,1091,Branch 1091,North,10844,792,8321485,6092167,1181425,870664,36,98336,139,4.5,310761,26.303912647861694,73.21009411180816,1.281814828476577,32817.36111111111,301.22222222222223,49.373218224764436,The mobile banking service was convenient.,Neutral,0.0,Digital Banking,0,0,1,0.0
2026-01,1092,Branch 1092,South,11663,1096,7964349,4628124,1101122,828215,31,78364,198,4.1,272907,24.78444713664789,58.1105122339566,1.6976764125868131,35520.06451612903,376.2258064516129,51.7704207549186,The account service was not satisfactory.,Neutral,0.0,Account Service,0,0,1,0.0
2026-01,1093,Branch 1093,East,9524,515,5909692,3754398,696903,549330,32,76040,148,4.3,147573,21.17554379877831,63.5295037372506,1.5539689206215874,21778.21875,297.625,41.77116800215839,The staff was very helpful and friendly.,Positive,0.2875,Staff Service,1,0,0,0.0
2026-01,1094,Branch 1094,West,10988,712,8552839,6249907,932378,688407,31,72285,167,4.3,243971,26.166533315886902,73.0740634776359,1.5198398252639242,30076.709677419356,354.4516129032258,49.51640924246972,The waiting time was too long.,Negative,-0.05,Waiting Time,0,1,0,100.0
2026-01,1095,Branch 1095,Central,11798,1068,7284277,4980724,769435,538646,33,80037,137,4.3,230789,29.994606431992306,68.37636734572285,1.1612137650449228,23316.21212121212,357.5151515151515,47.870125566479835,Excellent service and quick response.,Positive,0.6666666666666666,Service Quality,1,0,0,0.0
2026-01,1096,Branch 1096,North,12864,636,9320220,5880509,1187266,818511,34,115963,78,4.3,368755,31.059172923338156,63.09410078302873,0.6063432835820896,34919.58823529412,378.3529411764706,54.3727739319805,The ATM was not working properly.,Neutral,0.0,ATM Issue,0,0,1,0.0
2026-01,1097,Branch 1097,South,10488,947,7769011,4378152,958615,770731,28,82699,92,4.2,187884,19.599526400066765,56.354045579289306,0.8771929824561403,34236.25,374.57142857142856,49.60253366623803,The loan process was very slow.,Negative,-0.39000000000000007,Loan Process,0,1,0,100.0
2026-01,1098,Branch 1098,East,9731,618,6680344,4735331,753607,565837,29,66123,135,4.2,187770,24.916169833878932,70.88453828126217,1.3873188778131744,25986.44827586207,335.55172413793105,46.172988760798575,The mobile banking service was convenient.,Neutral,0.0,Digital Banking,0,0,1,0.0
2026-01,1099,Branch 1099,West,12860,1137,8348818,4343210,1025652,640742,36,127647,208,4.1,384910,37.52832344693912,52.02185506978353,1.6174183514774496,28490.333333333332,357.22222222222223,52.271337768570405,The account service was not satisfactory.,Neutral,0.0,Account Service,0,0,1,0.0
2026-01,1100,Branch 1100,Central,12546,580,9479147,7315875,1088660,677606,34,80023,137,4.3,411054,37.75779398526629,77.17862166289858,1.0919815080503745,32019.41176470588,369.0,55.025536754811796,The staff was very helpful and friendly.,Positive,0.2875,Staff Service,1,0,0,0.0
2026-02,1001,Branch 1001,North,12345,640,7653501,4072596,834922,598909,33,92622,78,4.4,236013,28.26767051293414,53.21219661433375,0.6318347509113001,25300.666666666668,374.09090909090907,49.11512037542985,The waiting time was too long.,Negative,-0.05,Waiting Time,0,1,0,100.0
2026-02,1002,Branch 1002,South,10590,519,6442272,3619264,657490,447689,34,65466,134,4.4,209801,31.90938265220764,56.179931552098395,1.2653446647780924,19337.941176470587,311.47058823529414,45.24069689302243,Excellent service and quick response.,Positive,0.6666666666666666,Service Quality,1,0,0,0.0
2026-02,1003,Branch 1003,East,11872,1085,7022131,4491394,818148,517928,33,114747,139,4.2,300220,36.69507228521001,63.960555563546166,1.170822102425876,24792.363636363636,359.75757575757575,50.679407912141826,The ATM was not working properly.,Neutral,0.0,ATM Issue,0,0,1,0.0
2026-02,1004,Branch 1004,West,10971,683,6770343,4077072,783373,605443,30,66508,165,4.6,177930,22.713317921347812,60.21957823997987,1.503964998632759,26112.433333333334,365.7,47.82071987971708,The loan process was very slow.,Negative,-0.39000000000000007,Loan Process,0,1,0,100.0
2026-02,1005,Branch 1005,Central,12249,759,9372515,7107298,1185916,972472,33,75707,234,4.1,213444,17.998239335669645,75.83127901102318,1.9103600293901544,35936.84848484849,371.1818181818182,49.39239102398609,The mobile banking service was convenient.,Neutral,0.0,Digital Banking,0,0,1,0.0
2026-02,1006,Branch 1006,North,12702,1070,7988939,4874619,1009046,724513,41,104943,163,4.0,284533,28.19821891172454,61.017101269642936,1.283262478349866,24610.878048780487,309.8048780487805,45.09871188301419,The account service was not satisfactory.,Neutral,0.0,Account Service,0,0,1,0.0
2026-02,1007,Branch 1007,South,10026,723,5988201,3209283,748734,596880,28,89826,84,4.4,151854,20.281435062385306,53.59344150271509,0.8378216636744463,26740.5,358.07142857142856,46.364192605099824,The staff was very helpful and friendly.,Positive,0.2875,Staff Service,1,0,0,0.0
2026-02,1008,Branch 1008,East,9272,468,6055134,3315283,834085,547432,28,71448,159,3.9,286653,34.36736064070209,54.75160417589437,1.7148403796376186,29788.75,331.14285714285717,50.1569602706704,The waiting time was too long.,Negative,-0.05,Waiting Time,0,1,0,100.0
2026-02,1009,Branch 1009,West,10434,553,8309990,5270976,1117776,921211,27,63920,78,4.2,196565,17.585365940939866,63.42939040841205,0.7475560667050029,41399.11111111111,386.44444444444446,52.64357540140745,Excellent service and quick response.,Positive,0.6666666666666666,Service Quality,1,0,0,0.0
2026-02,1010,Branch 1010,Central,10082,646,7677799,5214214,876838,550790,31,69552,186,4.1,326048,37.18451983148541,67.91287450999954,1.844872049196588,28285.09677419355,325.2258064516129,50.82472489357395,The ATM was not working properly.,Neutral,0.0,ATM Issue,0,0,1,0.0
2026-02,1011,Branch 1011,North,13169,982,10158639,7690158,1402719,1157240,43,97875,199,4.2,245479,17.50022634611779,75.70067210774987,1.5111246108284606,32621.372093023256,306.25581395348837,45.49576239425926,The loan process was very slow.,Negative,-0.39000000000000007,Loan Process,0,1,0,100.0
2026-02,1012,Branch 1012,South,9751,586,7541884,4459370,835265,638424,27,89034,151,4.3,196841,23.566293332056294,59.128064022199226,1.5485591221413189,30935.74074074074,361.14814814814815,49.258603626888046,The mobile banking service was convenient.,Neutral,0.0,Digital Banking,0,0,1,0.0
2026-02,1013,Branch 1013,East,9598,898,7584749,5331081,907735,568793,29,63125,177,4.3,338942,37.33931158322638,70.28684798930064,1.8441341946238798,31301.206896551725,330.9655172413793,53.08475701479002,The account service was not satisfactory.,Neutral,0.0,Account Service,0,0,1,0.0
2026-02,1014,Branch 1014,West,10767,708,7087751,4952044,941769,762678,32,83438,196,4.4,179091,19.016446708269225,69.86763502273146,1.8203770781090367,29430.28125,336.46875,46.32462770943066,The staff was very helpful and friendly.,Positive,0.2875,Staff Service,1,0,0,0.0
2026-02,1015,Branch 1015,Central,12623,1156,7974636,5609101,832314,531190,34,110569,181,4.2,301124,36.179134317096675,70.33676521411134,1.4338905173096728,24479.823529411766,371.2647058823529,50.79841848606787,The waiting time was too long.,Negative,-0.05,Waiting Time,0,1,0,100.0
2026-02,1016,Branch 1016,North,9894,865,6875649,4115344,803553,552479,33,65207,74,4.3,251074,31.24548100747555,59.85389888285455,0.7479280371942592,24350.090909090908,299.8181818181818,46.56096784800445,Excellent service and quick response.,Positive,0.6666666666666666,Service Quality,1,0,0,0.0
2026-02,1017,Branch 1017,South,12247,752,8445248,6400441,1158195,959189,34,99768,223,3.8,199006,17.182426102685643,75.78748427518055,1.8208540867151137,34064.55882352941,360.20588235294116,46.924559970961184,The ATM was not working properly.,Neutral,0.0,ATM Issue,0,0,1,0.0
2026-02,1018,Branch 1018,East,10704,609,6865765,4219079,877846,600322,29,104113,178,4.3,277524,31.614201124115166,61.45096722652173,1.6629297458893872,30270.55172413793,369.1034482758621,52.07627590085403,The loan process was very slow.,Negative,-0.39000000000000007,Loan Process,0,1,0,100.0
2026-02,1019,Branch 1019,West,10010,806,7730506,5216593,931791,743845,33,75065,77,4.3,187946,20.170403019561252,67.48061511109363,0.7692307692307693,28236.090909090908,303.3333333333333,44.60429588543512,The mobile banking service was convenient.,Neutral,0.0,Digital Banking,0,0,1,0.0
2026-02,1020,Branch 1020,Central,10101,945,6660174,4209821,783613,576289,31,95553,136,4.1,207324,26.457447745251798,63.20887412250791,1.3464013464013465,25277.83870967742,325.83870967741933,45.713071537666146,The account service was not satisfactory.,Neutral,0.0,Account Service,0,0,1,0.0
2026-02,1021,Branch 1021,North,11522,661,8021206,6218419,1158527,951873,35,85804,166,4.2,206654,17.837650740984028,77.52473879862953,1.4407220968581844,33100.77142857143,329.2,46.717460679056586,The staff was very helpful and friendly.,Positive,0.2875,Staff Service,1,0,0,0.0
2026-02,1022,Branch 1022,South,9426,875,6951159,4211007,775665,574277,25,86519,123,4.3,201388,25.963270226193007,60.579926311569054,1.3049013367281985,31026.6,377.04,50.751191882494155,The waiting time was too long.,Negative,-0.05,Waiting Time,0,1,0,100.0
2026-02,1023,Branch 1023,East,9903,570,6455708,3649385,716267,546284,28,93547,165,4.3,169983,23.731792753261004,56.52958591063908,1.6661617691608603,25580.964285714286,353.67857142857144,46.57026807968943,Excellent service and quick response.,Positive,0.6666666666666666,Service Quality,1,0,0,0.0
2026-02,1024,Branch 1024,West,9438,682,6936533,4264313,894785,568137,28,71974,130,4.3,326648,36.505752778600446,61.47614377384206,1.3774104683195594,31956.60714285714,337.07142857142856,53.329050553866665,The ATM was not working properly.,Neutral,0.0,ATM Issue,0,0,1,0.0
2026-02,1025,Branch 1025,Central,10650,839,6374993,3541891,759947,507968,32,67835,125,4.1,251979,33.157443874375446,55.5591355159135,1.1737089201877933,23748.34375,332.8125,47.624336012121844,The loan process was very slow.,Negative,-0.39000000000000007,Loan Process,0,1,0,100.0
2026-02,1026,Branch 1026,North,12379,850,9787167,7279248,1197718,871882,34,75047,110,4.0,325836,27.204734336463176,74.37543468911892,0.8886016641085709,35227.0,364.0882352941176,51.715594237346146,The mobile banking service was convenient.,Neutral,0.0,Digital Banking,0,0,1,0.0
2026-02,1027,Branch 1027,South,11044,1019,7104730,5205904,780879,630817,36,76607,130,4.1,150062,19.21706179830678,73.27377676561953,1.1771097428467947,21691.083333333332,306.77777777777777,40.7981262060909,The account service was not satisfactory.,Neutral,0.0,Account Service,0,0,1,0.0
2026-02,1028,Branch 1028,East,12880,1154,8234638,5565343,1104540,847368,34,93041,251,4.0,257172,23.283176707045467,67.58454955761262,1.9487577639751552,32486.470588235294,378.8235294117647,49.652132970707726,The staff was very helpful and friendly.,Positive,0.2875,Staff Service,1,0,0,0.0
2026-02,1029,Branch 1029,West,12798,1037,9217444,7154387,1034473,807301,42,88350,156,4.5,227172,21.960167157576855,77.61790578819898,1.2189404594467885,24630.309523809523,304.7142857142857,44.22829838428548,The waiting time was too long.,Negative,-0.05,Waiting Time,0,1,0,100.0
2026-02,1030,Branch 1030,Central,10194,761,6393023,3458037,730307,453209,32,86488,91,4.2,277098,37.94267342364239,54.09079554382957,0.8926819697861487,22822.09375,318.5625,48.625172304124014,Excellent service and quick response.,Positive,0.6666666666666666,Service Quality,1,0,0,0.0
2026-02,1031,Branch 1031,North,12433,595,7625787,5697511,1017034,826188,35,121921,149,4.3,190846,18.7649577103617,74.71374429944083,1.1984235502292286,29058.114285714284,355.22857142857146,46.48808849871175,The ATM was not working properly.,Neutral,0.0,ATM Issue,0,0,1,0.0
2026-02,1032,Branch 1032,South,12799,876,9934310,7572293,1417855,1158299,39,101021,93,4.4,259556,18.306244291553085,76.2236431116001,0.7266192671302445,36355.256410256414,328.1794871794872,48.93646511780812,The loan process was very slow.,Negative,-0.39000000000000007,Loan Process,0,1,0,100.0
2026-02,1033,Branch 1033,East,10124,922,6767919,4766390,794174,494164,32,64741,105,4.1,300010,37.776356314862994,70.42622702783528,1.0371394705649941,24817.9375,316.375,49.09911882843688,The mobile banking service was convenient.,Neutral,0.0,Digital Banking,0,0,1,0.0
2026-02,1034,Branch 1034,West,11691,958,7222982,4178302,779125,519056,38,109005,135,4.3,260069,33.37962457885448,57.84732676891622,1.1547344110854503,20503.28947368421,307.6578947368421,45.843538848649246,The account service was not satisfactory.,Neutral,0.0,Account Service,0,0,1,0.0
2026-02,1035,Branch 1035,Central,9934,764,7359019,4749397,980758,613247,26,89060,145,4.2,367511,37.47213889664933,64.5384527475741,1.4596335816388162,37721.46153846154,382.0769230769231,57.74718323692371,The staff was very helpful and friendly.,Positive,0.2875,Staff Service,1,0,0,0.0
2026-02,1036,Branch 1036,North,9153,814,5891619,3907718,598571,487261,24,89351,72,4.1,111310,18.59595603529072,66.3267261511649,0.7866273352999017,24940.458333333332,381.375,44.945110874674235,The waiting time was too long.,Negative,-0.05,Waiting Time,0,1,0,100.0
2026-02,1037,Branch 1037,South,12787,760,10339274,5377407,1147527,851891,41,82786,166,4.2,295636,25.76287965337635,52.00952213859503,1.2981934777508408,27988.463414634145,311.8780487804878,46.47698596668138,Excellent service and quick response.,Positive,0.6666666666666666,Service Quality,1,0,0,0.0
2026-02,1038,Branch 1038,East,11055,1021,7633291,5883681,1099727,720535,35,102374,198,4.0,379192,34.48055744743923,77.07921786291129,1.791044776119403,31420.77142857143,315.85714285714283,50.65733094751633,The ATM was not working properly.,Neutral,0.0,ATM Issue,0,0,1,0.0
2026-02,1039,Branch 1039,West,10678,907,7553885,5265791,950329,636897,33,90931,137,4.2,313432,32.981420118716784,69.70970566801057,1.28301179996254,28797.848484848484,323.57575757575756,49.82553279653214,The loan process was very slow.,Negative,-0.39000000000000007,Loan Process,0,1,0,100.0
2026-02,1040,Branch 1040,Central,11206,555,8206977,5303859,1025523,817331,34,104245,169,4.2,208192,20.301056144035776,64.62621986146665,1.5081206496519721,30162.441176470587,329.5882352941176,46.24547153780334,The mobile banking service was convenient.,Neutral,0.0,Digital Banking,0,0,1,0.0
2026-02,1041,Branch 1041,North,13193,1187,9828580,5654975,1202205,913776,34,107163,162,4.0,288429,23.991665314983717,57.53603267206453,1.2279238990373684,35358.970588235294,388.02941176470586,51.57348830111787,The account service was not satisfactory.,Neutral,0.0,Account Service,0,0,1,0.0
2026-02,1042,Branch 1042,South,10653,986,8272940,4817464,971781,802136,29,75919,145,4.1,169645,17.457122540984027,58.23158393509441,1.3611189336337182,33509.68965517241,367.3448275862069,47.94082708284957,The staff was very helpful and friendly.,Positive,0.2875,Staff Service,1,0,0,0.0
2026-02,1043,Branch 1043,East,10423,944,8162036,4667442,987685,796876,32,69377,132,4.2,190809,19.31881115942836,57.184775955411126,1.2664300105535833,30865.15625,325.71875,46.07533884513191,The waiting time was too long.,Negative,-0.05,Waiting Time,0,1,0,100.0
2026-02,1044,Branch 1044,West,12588,829,7342176,3921547,973141,703989,33,103369,90,4.3,269152,27.658068049748184,53.411236668802275,0.7149666348903718,29489.121212121212,381.45454545454544,50.80842542021232,Excellent service and quick response.,Positive,0.6666666666666666,Service Quality,1,0,0,0.0
2026-02,1045,Branch 1045,Central,11997,1085,7588481,5313357,991593,690769,33,109347,84,4.5,300824,30.337446916224703,70.01871652574474,0.7001750437609402,30048.272727272728,363.54545454545456,51.91333784488806,The ATM was not working properly.,Neutral,0.0,ATM Issue,0,0,1,0.0
2026-02,1046,Branch 1046,North,12039,1136,7087584,4182577,798973,503362,37,99969,177,3.8,295611,36.998872302318105,59.01273268860023,1.470221779217543,21593.864864864863,325.3783783783784,46.793353124210626,The loan process was very slow.,Negative,-0.39000000000000007,Loan Process,0,1,0,100.0
2026-02,1047,Branch 1047,South,9650,514,7627570,5049890,916497,647334,27,78720,115,4.4,269163,29.368672237879668,66.2057509796698,1.1917098445595855,33944.333333333336,357.4074074074074,52.826787236879774,The mobile banking service was convenient.,Neutral,0.0,Digital Banking,0,0,1,0.0
2026-02,1048,Branch 1048,East,12417,657,8884517,6731453,1185228,915444,37,75528,223,4.0,269784,22.762202715426906,75.76611086455235,1.7959249416123055,32033.18918918919,335.5945945945946,47.59710390346543,The account service was not satisfactory.,Neutral,0.0,Account Service,0,0,1,0.0
2026-02,1049,Branch 1049,West,10250,674,6098337,4087580,771608,537486,33,83809,69,4.3,234122,30.342090802583694,67.027781508303,0.6731707317073171,23382.060606060608,310.6060606060606,46.215707359634344,The staff was very helpful and friendly.,Positive,0.2875,Staff Service,1,0,0,0.0
2026-02,1050,Branch 1050,Central,10619,761,7611057,5650745,1041257,656674,28,82774,99,4.0,384583,36.93449359764208,74.24389279964662,0.9322911761936152,37187.75,379.25,56.60510152572749,The waiting time was too long.,Negative,-0.05,Waiting Time,0,1,0,100.0
2026-02,1051,Branch 1051,North,12266,906,8480548,5578912,1134492,794394,33,95498,162,4.3,340098,29.9779989634127,65.78480541587642,1.3207239523887166,34378.545454545456,371.6969696969697,53.4896504952099,Excellent service and quick response.,Positive,0.6666666666666666,Service Quality,1,0,0,0.0
2026-02,1052,Branch 1052,South,10344,603,8409474,4664675,917746,730589,34,97391,127,4.2,187157,20.393115306413755,55.4692838101408,1.2277648878576952,26992.529411764706,304.2352941176471,43.845996334070165,The ATM was not working properly.,Neutral,0.0,ATM Issue,0,0,1,0.0
2026-02,1053,Branch 1053,East,10317,917,7534067,4044651,824370,660286,31,93388,99,4.0,164084,19.90416924439269,53.68482918986518,0.959581273626054,26592.58064516129,332.80645161290323,43.99138449882081,The loan process was very slow.,Negative,-0.39000000000000007,Loan Process,0,1,0,100.0
2026-02,1054,Branch 1054,West,11487,794,8869303,5459431,1117593,924179,36,106877,90,4.1,193414,17.30630023631143,61.55422810563581,0.7834943849569078,31044.25,319.0833333333333,44.89768866016047,The mobile banking service was convenient.,Neutral,0.0,Digital Banking,0,0,1,0.0
2026-02,1055,Branch 1055,Central,10236,904,6540560,4564244,855028,653714,28,73276,74,4.2,201314,23.54472602066833,69.78368824687794,0.7229386479093396,30536.714285714286,365.57142857142856,48.938164555817934,The account service was not satisfactory.,Neutral,0.0,Account Service,0,0,1,0.0
2026-02,1056,Branch 1056,North,13065,822,8982260,5501601,1165993,801951,43,111865,211,4.0,364042,31.221628260203964,61.24962982590127,1.615001913509376,27116.116279069767,303.83720930232556,47.077392036582886,The staff was very helpful and friendly.,Positive,0.2875,Staff Service,1,0,0,0.0
2026-02,1057,Branch 1057,South,12809,1080,9756386,7413559,1185199,810604,34,120467,134,4.4,374595,31.606084716575022,75.98673320223288,1.0461394332110237,34858.794117647056,376.7352941176471,54.77399073223198,The waiting time was too long.,Negative,-0.05,Waiting Time,0,1,0,100.0
2026-02,1058,Branch 1058,East,10394,874,8001188,4923986,869774,677211,34,95128,166,4.1,192563,22.139429323019545,61.540686208098094,1.5970752357129112,25581.58823529412,305.70588235294116,43.56600068966902,Excellent service and quick response.,Positive,0.6666666666666666,Service Quality,1,0,0,0.0
2026-02,1059,Branch 1059,West,10762,841,7220226,5427947,894849,735190,35,107146,153,4.2,159659,17.842004628713894,75.17696814476444,1.4216688347890727,25567.114285714284,307.48571428571427,42.42379020125856,The ATM was not working properly.,Neutral,0.0,ATM Issue,0,0,1,0.0
2026-02,1060,Branch 1060,Central,11636,1005,7118271,5443963,960162,621849,32,81124,193,4.2,338313,35.23499159516831,76.47872636487148,1.6586455826744586,30005.0625,363.625,52.7107015265922,The loan process was very slow.,Negative,-0.39000000000000007,Loan Process,0,1,0,100.0
2026-02,1061,Branch 1061,North,13569,1015,9170770,7145480,1054624,831806,39,134773,182,4.5,222818,21.12771945262008,77.91581295790866,1.3412926523693713,27041.641025641027,347.9230769230769,46.707890255762756,The mobile banking service was convenient.,Neutral,0.0,Digital Banking,0,0,1,0.0
2026-02,1062,Branch 1062,South,11707,901,9121811,5147795,1110942,708644,34,109766,151,4.1,402298,36.212331516856864,56.43391427425979,1.2898265994704023,32674.764705882353,344.3235294117647,53.23534211139058,The account service was not satisfactory.,Neutral,0.0,Account Service,0,0,1,0.0
2026-02,1063,Branch 1063,East,11392,518,7952697,5726751,918910,616908,31,98510,90,4.4,302002,32.865242515589124,72.01017466150162,0.7900280898876405,29642.25806451613,367.48387096774195,52.46329709121934,The staff was very helpful and friendly.,Positive,0.2875,Staff Service,1,0,0,0.0
2026-02,1064,Branch 1064,West,10434,583,6072597,3968999,866356,691732,28,85764,203,4.1,174624,20.156148280845287,65.35917005524983,1.9455625838604562,30941.285714285714,372.64285714285717,47.91021176864483,The waiting time was too long.,Negative,-0.05,Waiting Time,0,1,0,100.0
2026-02,1065,Branch 1065,Central,10494,899,7231147,5343923,804614,675221,32,98280,82,4.2,129393,16.081375665847226,73.90145712706435,0.7813988946064417,25144.1875,327.9375,42.400896134784425,Excellent service and quick response.,Positive,0.6666666666666666,Service Quality,1,0,0,0.0
2026-02,1066,Branch 1066,North,11679,855,7853509,4232605,891302,658798,31,75710,177,4.2,232504,26.085883348180527,53.89444387215957,1.5155407141022348,28751.677419354837,376.741935483871,49.43810165180203,The ATM was not working properly.,Neutral,0.0,ATM Issue,0,0,1,0.0
2026-02,1067,Branch 1067,South,10433,629,6357798,4214644,862993,541240,32,66981,152,4.6,321753,37.28338468562317,66.29093909557994,1.4569155564075529,26968.53125,326.03125,51.78584256784332,The loan process was very slow.,Negative,-0.39000000000000007,Loan Process,0,1,0,100.0
2026-02,1068,Branch 1068,East,10609,773,8542811,6162435,945124,774472,35,71462,173,4.2,170652,18.056043439802608,72.13591638630422,1.6306909228013948,27003.542857142857,303.1142857142857,42.989912666099094,The mobile banking service was convenient.,Neutral,0.0,Digital Banking,0,0,1,0.0
2026-02,1069,Branch 1069,West,11304,963,8915489,5408025,1028849,818684,37,107444,167,4.0,210165,20.427195827570422,60.65875915499419,1.4773531493276715,27806.72972972973,305.5135135135135,43.68098234384649,The account service was not satisfactory.,Neutral,0.0,Account Service,0,0,1,0.0
2026-02,1070,Branch 1070,Central,12220,1010,9506072,5901644,1335589,1042186,39,88514,86,4.3,293403,21.968060533592297,62.08288765328097,0.7037643207855974,34245.8717948718,313.3333333333333,48.37791672190123,The staff was very helpful and friendly.,Positive,0.2875,Staff Service,1,0,0,0.0
2026-02,1071,Branch 1071,North,9482,537,6433633,4572331,672412,484878,25,81550,97,4.4,187534,27.88974616752824,71.06919216560846,1.0229909301835056,26896.48,379.28,49.91537246421271,The waiting time was too long.,Negative,-0.05,Waiting Time,0,1,0,100.0
2026-02,1072,Branch 1072,South,9478,567,7201592,4912157,825935,568109,27,81143,148,4.2,257826,31.216257937973328,68.20932093903681,1.5615108672715763,30590.185185185186,351.037037037037,51.08809347323262,Excellent service and quick response.,Positive,0.6666666666666666,Service Quality,1,0,0,0.0
2026-02,1073,Branch 1073,East,10799,668,7959290,4564865,836638,681535,28,98105,100,4.5,155103,18.538842366710572,57.35266587848916,0.9260116677470136,29879.928571428572,385.67857142857144,48.55878458997782,The ATM was not working properly.,Neutral,0.0,ATM Issue,0,0,1,0.0
2026-02,1074,Branch 1074,West,12842,642,10213089,5944138,1437443,926072,33,90980,160,4.3,511371,35.57504541049627,58.20117694068856,1.2459118517364896,43558.878787878784,389.1515151515151,60.33585552728519,The loan process was very slow.,Negative,-0.39000000000000007,Loan Process,0,1,0,100.0
2026-02,1075,Branch 1075,Central,12748,1163,8293439,6369417,883707,587455,43,78317,76,4.3,296252,33.52378107223322,76.80067339978024,0.5961719485409477,20551.325581395347,296.4651162790698,45.485062468559676,The mobile banking service was convenient.,Neutral,0.0,Digital Banking,0,0,1,0.0
2026-02,1076,Branch 1076,North,11076,898,8747886,5123542,899676,618877,32,96623,107,4.3,280799,31.211124893850673,58.568915964382704,0.966052726616107,28114.875,346.125,50.06061969423406,The account service was not satisfactory.,Neutral,0.0,Account Service,0,0,1,0.0
2026-02,1077,Branch 1077,South,10517,598,8374179,4505570,852610,677205,35,100492,97,4.2,175405,20.5727120254278,53.80312505858783,0.9223162498811449,24360.285714285714,300.48571428571427,42.55588350559134,The staff was very helpful and friendly.,Positive,0.2875,Staff Service,1,0,0,0.0
2026-02,1078,Branch 1078,East,11978,826,8796461,5304358,1164384,853392,35,77961,180,4.3,310992,26.70871465083684,60.3010460684132,1.502755050926699,33268.114285714284,342.22857142857146,50.70084383259756,The waiting time was too long.,Negative,-0.05,Waiting Time,0,1,0,100.0
2026-02,1079,Branch 1079,West,11952,786,9089473,6104993,979246,747830,32,105585,157,4.3,231416,23.63205976843408,67.16553313927001,1.313587684069612,30601.4375,373.5,49.603744913270894,Excellent service and quick response.,Positive,0.6666666666666666,Service Quality,1,0,0,0.0
2026-02,1080,Branch 1080,Central,11213,971,7197845,3743903,797497,533349,32,88418,123,4.3,264148,33.122130866949966,52.014220923067946,1.0969410505663069,24921.78125,350.40625,49.42822007652812,The ATM was not working properly.,Neutral,0.0,ATM Issue,0,0,1,0.0
2026-02,1081,Branch 1081,North,11143,802,8208666,4938573,1146297,759314,31,71453,162,4.0,386983,33.759400923146444,60.16291806732056,1.4538275150318585,36977.32258064516,359.4516129032258,54.6348489317593,The loan process was very slow.,Negative,-0.39000000000000007,Loan Process,0,1,0,100.0
2026-02,1082,Branch 1082,South,10429,646,6842622,3939577,935070,617943,34,66611,145,4.1,317127,33.91478712823639,57.57408490488003,1.3903538210758464,27502.058823529413,306.7352941176471,48.60879570368047,The mobile banking service was convenient.,Neutral,0.0,Digital Banking,0,0,1,0.0
2026-02,1083,Branch 1083,East,11941,864,9054736,5663894,1017824,807974,33,101562,109,4.2,209850,20.61751344043764,62.551729835082995,0.91282137174441,30843.151515151516,361.8484848484849,47.9109854712335,The account service was not satisfactory.,Neutral,0.0,Account Service,0,0,1,0.0
2026-02,1084,Branch 1084,West,11303,668,7256167,4654628,1010134,752888,37,101469,157,4.0,257246,25.466522263382878,64.14720058124351,1.3890117667875785,27300.91891891892,305.4864864864865,45.211463552738394,The staff was very helpful and friendly.,Positive,0.2875,Staff Service,1,0,0,0.0
2026-02,1085,Branch 1085,Central,12009,777,7711530,5963448,951773,712510,37,75340,239,4.1,239263,25.1386622650569,77.331580114452,1.990174036139562,25723.594594594593,324.56756756756755,45.40721848707569,The waiting time was too long.,Negative,-0.05,Waiting Time,0,1,0,100.0
2026-02,1086,Branch 1086,North,12223,898,7998009,5305979,918373,639233,35,109923,194,4.2,279140,30.395057345980337,66.34124817814033,1.5871717254356539,26239.22857142857,349.22857142857146,48.73330103826415,Excellent service and quick response.,Positive,0.6666666666666666,Service Quality,1,0,0,0.0
2026-02,1087,Branch 1087,South,11456,744,9202231,4907586,915877,755077,34,75816,218,4.0,160800,17.556942689902684,53.33039346654088,1.9029329608938546,26937.558823529413,336.94117647058823,43.487462346683486,The ATM was not working properly.,Neutral,0.0,ATM Issue,0,0,1,0.0
2026-02,1088,Branch 1088,East,11860,650,8664811,4681431,1105830,714186,32,109655,233,4.1,391644,35.41629364368845,54.028079781543994,1.9645868465430019,34557.1875,370.625,54.83379983709361,The loan process was very slow.,Negative,-0.39000000000000007,Loan Process,0,1,0,100.0
2026-02,1089,Branch 1089,West,13402,749,8957906,4850736,1073950,680550,40,118563,162,4.1,393400,36.63112807858839,54.15033379452743,1.2087748097298912,26848.75,335.05,50.34982952293117,The mobile banking service was convenient.,Neutral,0.0,Digital Banking,0,0,1,0.0
2026-02,1090,Branch 1090,Central,11403,559,6810692,4097507,754386,556785,31,105130,69,4.4,197601,26.193619711924665,60.1628586346292,0.6051039200210471,24335.032258064515,367.83870967741933,47.705086940972265,The account service was not satisfactory.,Neutral,0.0,Account Service,0,0,1,0.0
2026-02,1091,Branch 1091,North,11295,547,8141496,4767562,1076299,757277,35,70105,133,4.1,319022,29.64064818419417,58.558795582531765,1.1775121735281098,30751.4,322.7142857142857,49.22006148132209,The staff was very helpful and friendly.,Positive,0.2875,Staff Service,1,0,0,0.0
2026-02,1092,Branch 1092,South,12168,808,8740943,6354376,1189938,958451,36,103593,168,4.3,231487,19.45370262988492,72.69668730250271,1.3806706114398422,33053.833333333336,338.0,47.90037829992638,The waiting time was too long.,Negative,-0.05,Waiting Time,0,1,0,100.0
2026-02,1093,Branch 1093,East,10496,712,7760752,4518457,873732,543177,35,94554,166,4.2,330555,37.832539039430856,58.221896537861284,1.5815548780487805,24963.77142857143,299.8857142857143,48.850809127284634,Excellent service and quick response.,Positive,0.6666666666666666,Service Quality,1,0,0,0.0
2026-02,1094,Branch 1094,West,12000,826,9728512,6258531,1226660,1012116,33,117257,165,4.0,214544,17.49009505486443,64.3318423207989,1.375,37171.51515151515,363.6363636363636,49.190892299280904,The ATM was not working properly.,Neutral,0.0,ATM Issue,0,0,1,0.0
2026-02,1095,Branch 1095,Central,12255,576,7656629,5238382,1054614,775772,32,87962,203,4.2,278842,26.44019518041672,68.41629651900334,1.656466748266014,32956.6875,382.96875,51.73260391904494,The loan process was very slow.,Negative,-0.39000000000000007,Loan Process,0,1,0,100.0
2026-02,1096,Branch 1096,North,12865,1211,8042929,4232148,1126315,712496,40,96202,230,3.7,413819,36.7409650053493,52.61948725395935,1.7877963466770306,28157.875,321.625,49.272415073835646,The mobile banking service was convenient.,Neutral,0.0,Digital Banking,0,0,1,0.0
2026-02,1097,Branch 1097,South,11000,502,8089872,4959375,988156,803070,35,101837,202,4.3,185086,18.730443371289553,61.30350393677427,1.8363636363636364,28233.02857142857,314.2857142857143,44.52063410892962,The account service was not satisfactory.,Neutral,0.0,Account Service,0,0,1,0.0
2026-02,1098,Branch 1098,East,10018,511,8063249,5930350,902312,591905,28,91968,99,4.3,310407,34.40129356586192,73.54789613963304,0.9882212018366939,32225.428571428572,357.7857142857143,53.51353892443255,The staff was very helpful and friendly.,Positive,0.2875,Staff Service,1,0,0,0.0
2026-02,1099,Branch 1099,West,13109,823,10479973,5836586,1395671,1055306,35,111111,173,4.2,340365,24.387194403265525,55.69275798706733,1.319704020138836,39876.31428571429,374.54285714285714,53.866745153776286,The waiting time was too long.,Negative,-0.05,Waiting Time,0,1,0,100.0
2026-02,1100,Branch 1100,Central,13149,805,8729175,6206319,1117352,873111,38,95252,94,4.4,244241,21.858912858257735,71.09857460756601,0.7148832610844931,29404.0,346.0263157894737,47.67544555936082,Excellent service and quick response.,Positive,0.6666666666666666,Service Quality,1,0,0,0.0
2026-03,1001,Branch 1001,North,13443,1098,8991978,6933615,962419,707486,40,113064,108,4.4,254933,26.48877463973592,77.10889639632126,0.8033920999776836,24060.475,336.075,46.45924158523001,The ATM was not working properly.,Neutral,0.0,ATM Issue,0,0,1,0.0
2026-03,1002,Branch 1002,South,11534,807,8319832,6013493,882050,569196,34,100704,191,4.2,312854,35.46896434442492,72.27901957635683,1.655973643142015,25942.647058823528,339.2352941176471,49.988194371767065,The loan process was very slow.,Negative,-0.39000000000000007,Loan Process,0,1,0,100.0
2026-03,1003,Branch 1003,East,11598,944,9094390,5793440,1147676,902772,31,99582,180,4.2,244904,21.33912358540215,63.703447949780035,1.5519917227108122,37021.8064516129,374.1290322580645,51.47334231728205,The mobile banking service was convenient.,Neutral,0.0,Digital Banking,0,0,1,0.0
2026-03,1004,Branch 1004,West,10945,936,7295057,5504768,1062292,724425,32,80251,150,4.3,337867,31.80547344797852,75.45887578397263,1.3704888076747372,33196.625,342.03125,52.4442871841441,The account service was not satisfactory.,Neutral,0.0,Account Service,0,0,1,0.0
2026-03,1005,Branch 1005,Central,12354,628,9367699,5904324,1154352,732712,33,94158,225,4.1,421640,36.52612028220162,63.02854094692838,1.8212724623603693,34980.36363636364,374.3636363636364,55.56049908511018,The staff was very helpful and friendly.,Positive,0.2875,Staff Service,1,0,0,0.0
2026-03,1006,Branch 1006,North,13538,1133,9944810,5869649,1055314,732729,45,129391,152,4.0,322585,30.567679382629247,59.022233707833536,1.1227655488255281,23451.422222222223,300.84444444444443,45.05063183438261,The waiting time was too long.,Negative,-0.05,Waiting Time,0,1,0,100.0
2026-03,1007,Branch 1007,South,10046,639,5945451,3192158,665328,444308,27,63414,130,4.4,221020,33.219705167977295,53.69076290427758,1.2940473820426042,24641.777777777777,372.0740740740741,50.468144725019066,Excellent service and quick response.,Positive,0.6666666666666666,Service Quality,1,0,0,0.0
2026-03,1008,Branch 1008,East,10289,845,6283832,4458242,851425,701392,30,96071,88,4.3,150033,17.62139941862172,70.947822920791,0.8552823403634949,28380.833333333332,342.96666666666664,45.30471603987472,The ATM was not working properly.,Neutral,0.0,ATM Issue,0,0,1,0.0
2026-03,1009,Branch 1009,West,10878,908,8194373,6077039,1110591,732459,33,84290,110,4.3,378132,34.047817783504456,74.16112251663428,1.0112152969295827,33654.27272727273,329.6363636363636,52.961961043078794,The loan process was very slow.,Negative,-0.39000000000000007,Loan Process,0,1,0,100.0
2026-03,1010,Branch 1010,Central,10656,898,8129730,5530639,1132431,915382,28,82087,89,4.5,217049,19.166642382626403,68.02979926762636,0.8352102102102102,40443.96428571428,380.57142857142856,53.43232262628403,The mobile banking service was convenient.,Neutral,0.0,Digital Banking,0,0,1,0.0
2026-03,1011,Branch 1011,North,14256,1277,11353137,7408950,1514964,1164431,46,106871,266,4.2,350533,23.138041564023965,65.25905571297167,1.865881032547699,32934.0,309.9130434782609,47.75336494047967,The account service was not satisfactory.,Neutral,0.0,Account Service,0,0,1,0.0
2026-03,1012,Branch 1012,South,10447,741,6094990,4468921,671113,472980,35,99611,148,4.1,198133,29.523046044406833,73.32121955901486,1.4166746434383077,19174.657142857144,298.48571428571427,42.93051450480647,The staff was very helpful and friendly.,Positive,0.2875,Staff Service,1,0,0,0.0
2026-03,1013,Branch 1013,East,10778,904,7265297,5355761,801816,544265,30,86446,123,4.2,257551,32.12096041984695,73.71702767278475,1.141213583225088,26727.2,359.26666666666665,49.94794339994228,The waiting time was too long.,Negative,-0.05,Waiting Time,0,1,0,100.0
2026-03,1014,Branch 1014,West,11123,549,8104070,5070693,1149042,859119,32,78205,221,4.0,289923,25.231714767606405,62.56970880063968,1.9868740447720938,35907.5625,347.59375,50.70238341641292,Excellent service and quick response.,Positive,0.6666666666666666,Service Quality,1,0,0,0.0
2026-03,1015,Branch 1015,Central,12649,1176,7740927,4125815,811280,567578,33,118938,106,4.3,243702,30.039197317818754,53.29871990783532,0.838010909953356,24584.242424242424,383.3030303030303,49.46092961837403,The ATM was not working properly.,Neutral,0.0,ATM Issue,0,0,1,0.0
2026-03,1016,Branch 1016,North,10184,512,6863592,3679965,785218,621064,30,91975,90,4.3,164154,20.90553196691874,53.61573065531867,0.8837391987431266,26173.933333333334,339.46666666666664,45.30609700290384,The loan process was very slow.,Negative,-0.39000000000000007,Loan Process,0,1,0,100.0
2026-03,1017,Branch 1017,South,11491,611,8816973,4857652,890177,607080,37,84920,120,4.5,283097,31.802326952954303,55.094327724492295,1.0442955356365853,24058.837837837837,310.56756756756755,47.636049153346214,The mobile banking service was convenient.,Neutral,0.0,Digital Banking,0,0,1,0.0
2026-03,1018,Branch 1018,East,10715,582,7076575,4350129,974081,740405,30,86295,84,4.3,233676,23.98938075991627,61.47223762907904,0.7839477368175455,32469.366666666665,357.1666666666667,49.957536364703124,The account service was not satisfactory.,Neutral,0.0,Account Service,0,0,1,0.0
2026-03,1019,Branch 1019,West,10570,551,8030659,6259819,1094048,750252,33,82613,98,4.4,343796,31.424215390915204,77.94900767172408,0.9271523178807948,33152.969696969696,320.3030303030303,51.754140152572475,The staff was very helpful and friendly.,Positive,0.2875,Staff Service,1,0,0,0.0
2026-03,1020,Branch 1020,Central,9617,796,7488837,4067171,735892,526056,29,57751,84,3.9,209836,28.51451028139999,54.3097813452209,0.8734532598523448,25375.58620689655,331.62068965517244,46.100563808890044,The waiting time was too long.,Negative,-0.05,Waiting Time,0,1,0,100.0
2026-03,1021,Branch 1021,North,13100,1000,8908523,5485669,1216821,779158,36,120967,111,4.2,437663,35.96773888682066,61.5777609823761,0.8473282442748092,33800.583333333336,363.8888888888889,54.720032563525095,Excellent service and quick response.,Positive,0.6666666666666666,Service Quality,1,0,0,0.0
2026-03,1022,Branch 1022,South,9870,482,6159879,3901177,669716,522632,33,61722,195,4.1,147084,21.962145148092624,63.33203947674946,1.9756838905775076,20294.424242424244,299.09090909090907,40.821642242045684,The ATM was not working properly.,Neutral,0.0,ATM Issue,0,0,1,0.0
2026-03,1023,Branch 1023,East,11027,984,8304136,5262772,852606,535098,31,89835,205,3.9,317508,37.23970978388611,63.37531080897519,1.8590731840029022,27503.41935483871,355.7096774193548,51.05894102982373,The loan process was very slow.,Negative,-0.39000000000000007,Loan Process,0,1,0,100.0
2026-03,1024,Branch 1024,West,10025,927,7460626,4773139,847325,548886,33,89681,162,4.3,298439,35.221314135662226,63.97772787430974,1.6159600997506234,25676.515151515152,303.7878787878788,48.71439168083492,The mobile banking service was convenient.,Neutral,0.0,Digital Banking,0,0,1,0.0
2026-03,1025,Branch 1025,Central,10224,876,6986130,3876268,709154,456154,30,88987,104,4.3,253000,35.67631290241612,55.485197097677826,1.0172143974960877,23638.466666666667,340.8,49.363055319964616,The account service was not satisfactory.,Neutral,0.0,Account Service,0,0,1,0.0
2026-03,1026,Branch 1026,North,12057,705,7085598,4017343,912584,607920,39,73543,132,4.3,304664,33.38476238899652,56.69730345977856,1.094799701418263,23399.589743589742,309.15384615384613,47.232772218204786,The staff was very helpful and friendly.,Positive,0.2875,Staff Service,1,0,0,0.0
2026-03,1027,Branch 1027,South,11707,1011,9597236,5306948,1119354,838618,31,109137,222,4.2,280736,25.080180175351142,55.296629154477394,1.8963013581617834,36108.1935483871,377.64516129032256,52.49861935508193,The waiting time was too long.,Negative,-0.05,Waiting Time,0,1,0,100.0
2026-03,1028,Branch 1028,East,13228,692,8134636,4461594,1093240,754693,40,81328,114,4.5,338547,30.96730818484505,54.846879442423734,0.8618082854550951,27331.0,330.7,49.6214167709573,Excellent service and quick response.,Positive,0.6666666666666666,Service Quality,1,0,0,0.0
2026-03,1029,Branch 1029,West,12877,1190,10485494,6302720,1093348,770067,43,94308,175,4.2,323281,29.567987502606673,60.10894670294027,1.3590121922808107,25426.697674418603,299.4651162790698,46.15457258418858,The ATM was not working properly.,Neutral,0.0,ATM Issue,0,0,1,0.0
2026-03,1030,Branch 1030,Central,10397,607,7970913,5590192,1101036,713746,30,76754,192,3.9,387290,35.17505331342481,70.13239261299175,1.846686544195441,36701.2,346.56666666666666,54.20740082367839,The loan process was very slow.,Negative,-0.39000000000000007,Loan Process,0,1,0,100.0
2026-03,1031,Branch 1031,North,13010,604,7896336,5799227,855127,614713,42,123624,259,3.8,240414,28.11442043111725,73.44199892203169,1.9907763259031515,20360.166666666668,309.76190476190476,42.516019339613436,The mobile banking service was convenient.,Neutral,0.0,Digital Banking,0,0,1,0.0
2026-03,1032,Branch 1032,South,12554,1182,8333030,5255514,981124,615616,38,82184,109,4.4,365508,37.25400662913149,63.06846369207839,0.8682491636131909,25819.052631578947,330.36842105263156,50.814784934978405,The account service was not satisfactory.,Neutral,0.0,Account Service,0,0,1,0.0
2026-03,1033,Branch 1033,East,9530,663,7782743,5964824,1076306,876893,31,65410,92,4.1,199413,18.527537707677926,76.64166734016528,0.9653725078698846,34719.54838709677,307.4193548387097,46.56349923514917,The staff was very helpful and friendly.,Positive,0.2875,Staff Service,1,0,0,0.0
2026-03,1034,Branch 1034,West,11804,994,7153907,3871202,793756,578656,39,94109,100,4.3,215100,27.09900775553193,54.11311609166851,0.8471704506946797,20352.71794871795,302.6666666666667,43.383997029581664,The waiting time was too long.,Negative,-0.05,Waiting Time,0,1,0,100.0
2026-03,1035,Branch 1035,Central,10193,743,6171328,4527653,803616,621058,33,78784,140,4.3,182558,22.71706884880341,73.36594327833491,1.373491611890513,24352.0,308.8787878787879,43.92578601568817,Excellent service and quick response.,Positive,0.6666666666666666,Service Quality,1,0,0,0.0
2026-03,1036,Branch 1036,North,9816,456,7451478,4856243,1048568,789959,26,78813,188,4.1,258609,24.663064293398236,65.17154046485811,1.915240423797881,40329.53846153846,377.53846153846155,53.986745017475265,The ATM was not working properly.,Neutral,0.0,ATM Issue,0,0,1,0.0
2026-03,1037,Branch 1037,South,13142,1172,9815733,5509582,1258979,884132,43,114240,111,4.2,374847,29.773888206236958,56.13011274858434,0.8446203013239993,29278.581395348836,305.6279069767442,48.23252818002587,The loan process was very slow.,Negative,-0.39000000000000007,Loan Process,0,1,0,100.0
2026-03,1038,Branch 1038,East,11270,792,9078430,5521768,1157577,869305,37,83602,102,4.2,288272,24.903051805625026,60.82293964925653,0.9050576752440106,31285.864864864863,304.5945945945946,47.40958839913326,The mobile banking service was convenient.,Neutral,0.0,Digital Banking,0,0,1,0.0
2026-03,1039,Branch 1039,West,10071,478,7313004,4301483,839121,675912,31,74304,176,4.1,163209,19.44999588855481,58.81964511437434,1.7475920961175653,27068.41935483871,324.8709677419355,44.04534238220919,The account service was not satisfactory.,Neutral,0.0,Account Service,0,0,1,0.0
2026-03,1040,Branch 1040,Central,11554,770,7432888,5728635,899225,590627,34,101834,200,4.0,308598,34.31821846590119,77.07145594014064,1.7310022503029254,26447.79411764706,339.8235294117647,49.2400213692715,The staff was very helpful and friendly.,Positive,0.2875,Staff Service,1,0,0,0.0
2026-03,1041,Branch 1041,North,12238,1088,8946681,5642546,983612,638296,38,107443,109,4.5,345316,35.10693240830734,63.06859493481437,0.890668409870894,25884.526315789473,322.05263157894734,50.073165001138285,The waiting time was too long.,Negative,-0.05,Waiting Time,0,1,0,100.0
2026-03,1042,Branch 1042,South,10011,683,6439537,3461201,822535,552065,29,80893,119,4.3,270470,32.882491322557705,53.749221411415135,1.1886924383178503,28363.275862068964,345.2068965517241,50.72429855660785,Excellent service and quick response.,Positive,0.6666666666666666,Service Quality,1,0,0,0.0
2026-03,1043,Branch 1043,East,11141,688,8567735,6298121,855402,571193,33,86346,179,4.1,284209,33.225197041858685,73.50975491188746,1.606678036082937,25921.272727272728,337.6060606060606,48.830326884093424,The ATM was not working properly.,Neutral,0.0,ATM Issue,0,0,1,0.0
2026-03,1044,Branch 1044,West,13593,1060,10437658,6002727,1166954,953378,39,83017,224,4.0,213576,18.30200676290582,57.51028631135452,1.6479070109615241,29921.897435897437,348.53846153846155,45.56505250662572,The loan process was very slow.,Negative,-0.39000000000000007,Loan Process,0,1,0,100.0
2026-03,1045,Branch 1045,Central,13141,639,8114169,4547679,802436,564714,35,80504,242,3.8,237722,29.625041747877713,56.04614594544432,1.8415645689064757,22926.742857142857,375.45714285714286,46.752824338044505,The mobile banking service was convenient.,Neutral,0.0,Digital Banking,0,0,1,0.0
2026-03,1046,Branch 1046,North,12988,884,8761649,4719795,887381,724748,42,101678,257,4.1,162633,18.327302477740677,53.86879798540206,1.9787496150292578,21128.119047619046,309.23809523809524,40.32296264430334,The account service was not satisfactory.,Neutral,0.0,Account Service,0,0,1,0.0
2026-03,1047,Branch 1047,South,10285,924,7634817,4069296,878100,604264,31,81464,203,3.9,273836,31.185058649356566,53.299194990528264,1.973748176956733,28325.8064516129,331.7741935483871,48.395756143663206,The staff was very helpful and friendly.,Positive,0.2875,Staff Service,1,0,0,0.0
2026-03,1048,Branch 1048,East,12876,1142,8162032,5324425,989204,764892,41,87446,144,4.1,224312,22.676010206185985,65.23406181205857,1.1183597390493942,24126.926829268294,314.0487804878049,43.40714814136111,The waiting time was too long.,Negative,-0.05,Waiting Time,0,1,0,100.0
2026-03,1049,Branch 1049,West,11110,763,7345696,4164092,861128,546262,34,88430,150,4.3,314866,36.5643667375814,56.687507895780065,1.3501350135013501,25327.29411764706,326.7647058823529,49.90885679115752,Excellent service and quick response.,Positive,0.6666666666666666,Service Quality,1,0,0,0.0
2026-03,1050,Branch 1050,Central,10840,959,6589402,4892405,697543,443820,29,83262,81,4.4,253723,36.37381494760896,74.24657047786734,0.7472324723247232,24053.206896551725,373.7931034482759,51.36803422546686,The ATM was not working properly.,Neutral,0.0,ATM Issue,0,0,1,0.0
2026-03,1051,Branch 1051,North,11948,633,9726683,7165613,1040644,695876,35,95153,192,4.2,344768,33.13025395812593,73.66964668222455,1.6069635085369935,29732.685714285715,341.37142857142857,50.99209039642474,The loan process was very slow.,Negative,-0.39000000000000007,Loan Process,0,1,0,100.0
2026-03,1052,Branch 1052,South,11638,677,7016957,5347535,972353,744003,37,102555,187,3.9,228350,23.48426960167758,76.20874689698113,1.606805293005671,26279.81081081081,314.5405405405405,44.09746829744641,The mobile banking service was convenient.,Neutral,0.0,Digital Banking,0,0,1,0.0
2026-03,1053,Branch 1053,East,11181,519,9017121,6752572,1056630,856404,29,73455,152,4.4,200226,18.949490360864257,74.88611941660758,1.3594490653787676,36435.51724137931,385.55172413793105,51.40761666070409,The account service was not satisfactory.,Neutral,0.0,Account Service,0,0,1,0.0
2026-03,1054,Branch 1054,West,12379,1028,8690114,5856725,875454,591757,40,120682,205,4.0,283697,32.40570035661497,67.39526086769403,1.6560303740205187,21886.35,309.475,45.3076648201847,The staff was very helpful and friendly.,Positive,0.2875,Staff Service,1,0,0,0.0
2026-03,1055,Branch 1055,Central,11163,578,6527123,4986400,808408,660281,37,110623,126,4.5,148127,18.323297146985183,76.3950671681842,1.1287288363343186,21848.864864864863,301.7027027027027,41.562333938236804,The waiting time was too long.,Negative,-0.05,Waiting Time,0,1,0,100.0
2026-03,1056,Branch 1056,North,14522,1193,10500950,6260980,1444892,1200230,48,140372,213,4.1,244662,16.93289187011901,59.62298649169837,1.466740118440986,30101.916666666668,302.5416666666667,43.69737458735994,Excellent service and quick response.,Positive,0.6666666666666666,Service Quality,1,0,0,0.0
2026-03,1057,Branch 1057,South,14224,644,9800256,5643903,1133136,821341,41,140458,85,4.4,311795,27.51611457053699,57.58934256411261,0.5975815523059618,27637.463414634145,346.9268292682927,48.87903827627919,The ATM was not working properly.,Neutral,0.0,ATM Issue,0,0,1,0.0
2026-03,1058,Branch 1058,East,10974,593,7638616,5626223,816029,576652,30,87608,83,4.5,239377,29.334374146016867,73.65500504279832,0.7563331510843813,27200.966666666667,365.8,50.34173873886093,The loan process was very slow.,Negative,-0.39000000000000007,Loan Process,0,1,0,100.0
2026-03,1059,Branch 1059,West,10167,870,6858573,4144915,890539,614488,30,74351,176,4.4,276051,30.998193229044436,60.434072802024566,1.7310907839087244,29684.633333333335,338.9,50.728641626492404,The mobile banking service was convenient.,Neutral,0.0,Digital Banking,0,0,1,0.0
2026-03,1060,Branch 1060,Central,11131,732,8913867,5271617,1078016,668838,34,103669,67,4.2,409178,37.9565794941819,59.13950701754918,0.60192255862007,31706.352941176472,327.38235294117646,53.04885043868779,The account service was not satisfactory.,Neutral,0.0,Account Service,0,0,1,0.0
2026-03,1061,Branch 1061,North,14496,970,10257790,5718870,1338636,965996,48,110650,243,4.1,372640,27.83729109332186,55.751482531812414,1.6763245033112582,27888.25,302.0,46.476654966550264,The staff was very helpful and friendly.,Positive,0.2875,Staff Service,1,0,0,0.0
2026-03,1062,Branch 1062,South,12778,1088,9862033,6158530,1083751,745640,35,107896,152,4.3,338111,31.19821804085994,62.44686060166297,1.1895445296603537,30964.314285714285,365.0857142857143,52.09451590561584,The waiting time was too long.,Negative,-0.05,Waiting Time,0,1,0,100.0
2026-03,1063,Branch 1063,East,11320,887,7084953,3783380,804550,529209,33,72208,158,4.3,275341,34.222981791063326,53.40021309950821,1.3957597173144876,24380.303030303032,343.030303030303,49.28088218717969,Excellent service and quick response.,Positive,0.6666666666666666,Service Quality,1,0,0,0.0
2026-03,1064,Branch 1064,West,10500,737,6947794,4074618,851162,614564,28,71090,176,4.0,236598,27.797058609289422,58.64621202067879,1.6761904761904762,30398.64285714286,375.0,50.12614031989458,The ATM was not working properly.,Neutral,0.0,ATM Issue,0,0,1,0.0
2026-03,1065,Branch 1065,Central,10042,522,6340047,4335932,736901,524486,29,70777,164,4.5,212415,28.825446023278566,68.38958764816726,1.6331408086038637,25410.379310344826,346.2758620689655,48.58967563332575,The loan process was very slow.,Negative,-0.39000000000000007,Loan Process,0,1,0,100.0
2026-03,1066,Branch 1066,North,11937,1120,9637571,5647403,1189596,800849,38,104806,165,4.1,388747,32.67890947851203,58.597783611659,1.3822568484543856,31305.157894736843,314.13157894736844,50.207226146102684,The mobile banking service was convenient.,Neutral,0.0,Digital Banking,0,0,1,0.0
2026-03,1067,Branch 1067,South,11369,589,8930811,5375068,1206028,890622,32,72424,141,3.9,315406,26.152460805221768,60.18566510924932,1.2402146186999736,37688.375,355.28125,51.83831549099344,The account service was not satisfactory.,Neutral,0.0,Account Service,0,0,1,0.0
2026-03,1068,Branch 1068,East,11069,896,7886818,5414817,986869,615535,33,97782,133,4.2,371334,37.62748652556722,68.65654817950661,1.2015538892402204,29905.121212121212,335.42424242424244,52.41629417107594,The staff was very helpful and friendly.,Positive,0.2875,Staff Service,1,0,0,0.0
2026-03,1069,Branch 1069,West,11764,995,9057233,6390843,960087,732227,35,104838,77,4.3,227860,23.733265839449967,70.56065577643857,0.6545392723563414,27431.057142857142,336.1142857142857,46.743924443262365,The waiting time was too long.,Negative,-0.05,Waiting Time,0,1,0,100.0
2026-03,1070,Branch 1070,Central,14009,1076,8746168,4720002,1084684,843333,41,139384,265,4.0,241351,22.250812218120668,53.96651424944044,1.8916410878720824,26455.70731707317,341.6829268292683,45.09166009867009,Excellent service and quick response.,Positive,0.6666666666666666,Service Quality,1,0,0,0.0
2026-03,1071,Branch 1071,North,10191,739,7028402,4163195,907937,595268,27,72691,66,4.1,312669,34.43730126649756,59.23387706053239,0.6476302619958787,33627.2962962963,377.44444444444446,54.3267823728421,The ATM was not working properly.,Neutral,0.0,ATM Issue,0,0,1,0.0
2026-03,1072,Branch 1072,South,9783,736,5828344,4189427,739964,532495,27,63921,111,4.4,207469,28.03771534831424,71.88022875794566,1.134621281815394,27406.074074074073,362.3333333333333,49.548596180641994,The loan process was very slow.,Negative,-0.39000000000000007,Loan Process,0,1,0,100.0
2026-03,1073,Branch 1073,East,11130,586,7209240,4007264,876850,639881,36,87822,186,3.9,236969,27.025032787820034,55.585110219662546,1.6711590296495957,24356.944444444445,309.1666666666667,44.24692863174567,The mobile banking service was convenient.,Neutral,0.0,Digital Banking,0,0,1,0.0
2026-03,1074,Branch 1074,West,12859,781,9233860,5887640,944319,618639,43,106426,116,4.4,325680,34.48834556966449,63.76141721880124,0.902091920055992,21960.906976744187,299.04651162790697,46.86926611260738,The account service was not satisfactory.,Neutral,0.0,Account Service,0,0,1,0.0
2026-03,1075,Branch 1075,Central,11769,782,8975590,4693251,1167040,975506,38,83148,230,4.2,191534,16.411948176583493,52.28905286449136,1.9542866853598437,30711.57894736842,309.7105263157895,44.37101256382621,The staff was very helpful and friendly.,Positive,0.2875,Staff Service,1,0,0,0.0
2026-03,1076,Branch 1076,North,11082,899,8764178,5861993,1012324,637070,33,98121,139,4.2,375254,37.068566980531926,66.8858277410614,1.2542862299223967,30676.484848484848,335.8181818181818,52.59001184641263,The waiting time was too long.,Negative,-0.05,Waiting Time,0,1,0,100.0
2026-03,1077,Branch 1077,South,10072,743,5865151,4547988,698885,477915,30,62773,107,4.3,220970,31.617505025862624,77.54255602285431,1.062351072279587,23296.166666666668,335.73333333333335,47.590209940150935,Excellent service and quick response.,Positive,0.6666666666666666,Service Quality,1,0,0,0.0
2026-03,1078,Branch 1078,East,12476,699,8450228,5483160,1094450,893833,40,111379,95,4.4,200617,18.330394261958062,64.887716639125,0.7614620070535428,27361.25,311.9,44.188477141947835,The ATM was not working properly.,Neutral,0.0,ATM Issue,0,0,1,0.0
2026-03,1079,Branch 1079,West,11442,687,6939950,4038496,770736,647309,31,81821,214,4.0,123427,16.014173465362976,58.19200426516041,1.8703023946862438,24862.451612903227,369.0967741935484,43.23288741282818,The loan process was very slow.,Negative,-0.39000000000000007,Loan Process,0,1,0,100.0
2026-03,1080,Branch 1080,Central,11607,1089,9091710,6374127,1149936,775793,32,103758,152,4.3,374143,32.535984611317495,70.10922037768472,1.3095545791332817,35935.5,362.71875,54.75410552161239,The mobile banking service was convenient.,Neutral,0.0,Digital Banking,0,0,1,0.0
2026-03,1081,Branch 1081,North,10571,614,7979300,5695555,866798,598357,30,81094,69,4.4,268441,30.9692685031576,71.37913100146629,0.6527291646958661,28893.266666666666,352.3666666666667,50.87370778927287,The account service was not satisfactory.,Neutral,0.0,Account Service,0,0,1,0.0
2026-03,1082,Branch 1082,South,10453,713,7692568,5132862,978009,643281,30,98338,84,4.5,334728,34.22545191301921,66.72494802775874,0.8035970534774706,32600.3,348.43333333333334,53.863995161158584,The staff was very helpful and friendly.,Positive,0.2875,Staff Service,1,0,0,0.0
2026-03,1083,Branch 1083,East,12432,1177,8381913,5331831,1159905,841474,40,118064,134,4.4,318431,27.45319659799725,63.611147001883694,1.077863577863578,28997.625,310.8,48.09044093921839,The waiting time was too long.,Negative,-0.05,Waiting Time,0,1,0,100.0
2026-03,1084,Branch 1084,West,12146,870,8557790,5658746,930196,683723,35,103820,82,4.4,246473,26.49688882773093,66.12391750673947,0.6751193808661288,26577.02857142857,347.0285714285714,48.03932971221606,Excellent service and quick response.,Positive,0.6666666666666666,Service Quality,1,0,0,0.0
2026-03,1085,Branch 1085,Central,13043,813,8816954,6043093,1175417,968020,41,79634,211,4.1,207397,17.644546573684064,68.53946385565808,1.6177259832860538,28668.70731707317,318.1219512195122,43.88832889820455,The ATM was not working properly.,Neutral,0.0,ATM Issue,0,0,1,0.0
2026-03,1086,Branch 1086,North,12090,1098,8175410,5306819,1060057,835084,39,79189,239,4.2,224973,21.22272670243204,64.91196160192577,1.9768403639371384,27180.94871794872,310.0,44.44484739128594,The loan process was very slow.,Negative,-0.39000000000000007,Loan Process,0,1,0,100.0
2026-03,1087,Branch 1087,South,11023,703,8814194,4662362,864842,548519,37,71545,72,4.1,316323,36.57581384807861,52.89606741126869,0.6531797151410687,23374.108108108107,297.9189189189189,47.3053305319342,The mobile banking service was convenient.,Neutral,0.0,Digital Banking,0,0,1,0.0
2026-03,1088,Branch 1088,East,11168,1051,7669864,4677136,819464,614566,30,83681,68,4.2,204898,25.003904991555455,60.980690140007695,0.6088825214899714,27315.466666666667,372.26666666666665,48.227651214593294,The account service was not satisfactory.,Neutral,0.0,Account Service,0,0,1,0.0
2026-03,1089,Branch 1089,West,13653,1113,10483631,7894214,1123762,800806,36,112058,205,4.0,322956,28.738825480840248,75.30038018316364,1.5015015015015014,31215.61111111111,379.25,50.99451823000469,The staff was very helpful and friendly.,Positive,0.2875,Staff Service,1,0,0,0.0
2026-03,1090,Branch 1090,Central,11681,846,6815544,3968626,869388,556181,32,89104,221,4.0,313207,36.02614712878485,58.22904231855887,1.8919613046828183,27168.375,365.03125,51.13929353115891,The waiting time was too long.,Negative,-0.05,Waiting Time,0,1,0,100.0
2026-03,1091,Branch 1091,North,12367,1051,8830709,5946261,1209626,968389,39,121981,152,4.0,241237,19.94310638164193,67.3361674583547,1.2290773833589392,31016.05128205128,317.1025641025641,45.431352308117795,Excellent service and quick response.,Positive,0.6666666666666666,Service Quality,1,0,0,0.0
2026-03,1092,Branch 1092,South,12531,934,8259371,5289651,863867,686765,39,95705,242,3.9,177102,20.50107250305892,64.0442353297848,1.9312105977176603,22150.4358974359,321.3076923076923,41.41792701215134,The ATM was not working properly.,Neutral,0.0,ATM Issue,0,0,1,0.0
2026-03,1093,Branch 1093,East,10044,596,6065738,3652744,710916,541798,30,77586,181,4.1,169118,23.788745787125343,60.21928411678843,1.8020708880923935,23697.2,334.8,44.39833937179886,The loan process was very slow.,Negative,-0.39000000000000007,Loan Process,0,1,0,100.0
2026-03,1094,Branch 1094,West,11602,897,9092686,6777942,1110751,818286,35,105508,110,4.1,292465,26.33038367734983,74.54279186590189,0.9481123944147561,31735.742857142857,331.48571428571427,48.85117944582395,The mobile banking service was convenient.,Neutral,0.0,Digital Banking,0,0,1,0.0
2026-03,1095,Branch 1095,Central,12203,709,7351469,5668212,959455,710858,38,113367,150,4.4,248597,25.91023028698584,77.1031204783697,1.229205932967303,25248.815789473683,321.13157894736844,46.22696776785452,The account service was not satisfactory.,Neutral,0.0,Account Service,0,0,1,0.0
2026-03,1096,Branch 1096,North,13076,1231,9856150,6331138,1061871,727581,39,83317,215,4.0,334290,31.481225120565494,64.23540631991193,1.644233710614867,27227.46153846154,335.28205128205127,48.43018369564021,The staff was very helpful and friendly.,Positive,0.2875,Staff Service,1,0,0,0.0
2026-03,1097,Branch 1097,South,11340,976,9088841,5991691,988974,616252,35,90001,78,4.4,372722,37.68774507722144,65.92359795929977,0.6878306878306878,28256.4,324.0,51.84047698909656,The waiting time was too long.,Negative,-0.05,Waiting Time,0,1,0,100.0
2026-03,1098,Branch 1098,East,10198,870,6333276,4081873,820818,521893,28,84549,187,4.1,298925,36.41793917774708,64.45120976884633,1.8336928809570503,29314.928571428572,364.2142857142857,52.53055004174465,Excellent service and quick response.,Positive,0.6666666666666666,Service Quality,1,0,0,0.0
2026-03,1099,Branch 1099,West,13962,1129,11066463,6403364,1170774,787465,46,104045,276,4.0,383309,32.739794358262145,57.862787776003955,1.9767941555651054,25451.608695652172,303.5217391304348,46.83234634528861,The ATM was not working properly.,Neutral,0.0,ATM Issue,0,0,1,0.0
2026-03,1100,Branch 1100,Central,13352,876,10174036,6371730,1133986,929923,39,83309,103,4.1,204063,17.995195707883518,62.62735850354766,0.7714200119832234,29076.5641025641,342.35897435897436,45.13158890108166,The loan process was very slow.,Negative,-0.39000000000000007,Loan Process,0,1,0,100.0
2026-04,1001,Branch 1001,North,13684,623,9974963,5329438,1331705,944732,36,131368,217,3.9,386973,29.05846264750827,53.42814805428351,1.5857936275942706,36991.805555555555,380.1111111111111,53.49168083829725,The mobile banking service was convenient.,Neutral,0.0,Digital Banking,0,0,1,0.0
2026-04,1002,Branch 1002,South,10832,980,8851961,6269332,1112023,720167,30,82113,131,4.3,391856,35.23812007485457,70.82421623863911,1.2093796159527326,37067.433333333334,361.06666666666666,56.15596379846893,The account service was not satisfactory.,Neutral,0.0,Account Service,0,0,1,0.0
2026-04,1003,Branch 1003,East,12041,785,8113178,6136291,1121663,747391,40,74397,110,4.5,374272,33.367597932712414,75.6336296331721,0.9135453865957978,28041.575,301.025,49.64511817267254,The staff was very helpful and friendly.,Positive,0.2875,Staff Service,1,0,0,0.0
2026-04,1004,Branch 1004,West,11517,1037,8266318,5246541,961534,648808,32,92306,185,4.1,312726,32.52365490975878,63.46889872855122,1.6063210905617784,30047.9375,359.90625,51.33822624837226,The waiting time was too long.,Negative,-0.05,Waiting Time,0,1,0,100.0
2026-04,1005,Branch 1005,Central,11609,1073,7943160,4225262,887311,739372,32,101937,106,4.3,147939,16.672733686385044,53.19371635470015,0.9130846756826599,27728.46875,362.78125,45.436127064978926,Excellent service and quick response.,Positive,0.6666666666666666,Service Quality,1,0,0,0.0
2026-04,1006,Branch 1006,North,13719,680,8935902,5495599,1142409,813340,36,98889,164,4.3,329069,28.804832594981306,61.500215646948675,1.195422406880968,31733.583333333332,381.0833333333333,52.2260409248748,The ATM was not working properly.,Neutral,0.0,ATM Issue,0,0,1,0.0
2026-04,1007,Branch 1007,South,10430,529,6835973,5291383,796595,609264,33,86659,139,4.5,187331,23.51646696250918,77.4049721963501,1.332694151486098,24139.242424242424,316.06060606060606,44.98442964388646,The loan process was very slow.,Negative,-0.39000000000000007,Loan Process,0,1,0,100.0
2026-04,1008,Branch 1008,East,10513,592,7733130,4055452,879254,662014,33,97150,132,4.5,217240,24.707308695780743,52.44256853305195,1.255588319223818,26644.060606060608,318.57575757575756,46.648156030906954,The mobile banking service was convenient.,Neutral,0.0,Digital Banking,0,0,1,0.0
2026-04,1009,Branch 1009,West,10924,812,8177708,6109184,994357,774455,37,72352,125,4.3,219902,22.114994916312753,74.7053330835486,1.144269498352252,26874.513513513513,295.2432432432432,44.348221263662765,The account service was not satisfactory.,Neutral,0.0,Account Service,0,0,1,0.0
2026-04,1010,Branch 1010,Central,10877,495,8669259,5966161,1103532,761904,30,107734,178,4.2,341628,30.957688585378584,68.81973418950801,1.6364806472372897,36784.4,362.56666666666666,54.28561710378695,The staff was very helpful and friendly.,Positive,0.2875,Staff Service,1,0,0,0.0
2026-04,1011,Branch 1011,North,14728,677,12106484,9438458,1718254,1083731,46,130903,264,3.9,634523,36.92835867106958,77.96200779681367,1.7925040738728952,37353.34782608696,320.17391304347825,54.10421644728464,The waiting time was too long.,Negative,-0.05,Waiting Time,0,1,0,100.0
2026-04,1012,Branch 1012,South,9592,866,6706718,4914745,830503,529152,25,71176,148,4.1,301351,36.285359595329574,73.2809251857615,1.542952460383653,33220.12,383.68,55.02675338746822,Excellent service and quick response.,Positive,0.6666666666666666,Service Quality,1,0,0,0.0
2026-04,1013,Branch 1013,East,10368,467,7769720,4660839,1056888,759013,31,94811,128,4.1,297875,28.184159532514325,59.98721961666572,1.2345679012345678,34093.16129032258,334.4516129032258,50.69661075810461,The ATM was not working properly.,Neutral,0.0,ATM Issue,0,0,1,0.0
2026-04,1014,Branch 1014,West,11434,585,7716859,5236580,1039927,687785,36,113144,89,4.3,352142,33.862184557185266,67.85895660397578,0.7783802693720482,28886.86111111111,317.6111111111111,50.24499690447267,The loan process was very slow.,Negative,-0.39000000000000007,Loan Process,0,1,0,100.0
2026-04,1015,Branch 1015,Central,13165,1138,8022764,5907908,902228,711621,36,117921,248,3.9,190607,21.12625633431904,73.63930934525807,1.883782757311052,25061.88888888889,365.69444444444446,44.68267834915464,The mobile banking service was convenient.,Neutral,0.0,Digital Banking,0,0,1,0.0
2026-04,1016,Branch 1016,North,9712,707,5885695,3774635,640955,413575,28,80743,157,4.3,227380,35.47518936586812,64.13235820068827,1.6165568369028007,22891.25,346.85714285714283,49.18281368443312,The account service was not satisfactory.,Neutral,0.0,Account Service,0,0,1,0.0
2026-04,1017,Branch 1017,South,11984,1129,7522127,4246635,816942,641550,32,82281,239,4.3,175392,21.469333196236697,56.45524198142361,1.9943257676902537,25529.4375,374.5,46.556494503725645,The staff was very helpful and friendly.,Positive,0.2875,Staff Service,1,0,0,0.0
2026-04,1018,Branch 1018,East,11650,944,9596788,5625082,1083778,760143,36,100868,186,4.2,323635,29.86174290306686,58.61421550627147,1.59656652360515,30104.944444444445,323.6111111111111,49.33515842068249,The waiting time was too long.,Negative,-0.05,Waiting Time,0,1,0,100.0
2026-04,1019,Branch 1019,West,11289,1059,7149069,4400714,717384,572764,36,78015,114,4.2,144620,20.15935677405685,61.55646280655566,1.0098325803879882,19927.333333333332,313.5833333333333,40.880159379493065,Excellent service and quick response.,Positive,0.6666666666666666,Service Quality,1,0,0,0.0
2026-04,1020,Branch 1020,Central,9931,870,7676262,4810473,820109,670601,30,97461,96,4.3,149508,18.23025963621909,62.666868327318696,0.9666700231598025,27336.966666666667,331.03333333333336,44.57902463182949,The ATM was not working properly.,Neutral,0.0,ATM Issue,0,0,1,0.0
2026-04,1021,Branch 1021,North,12421,975,9000170,5068502,1065436,755942,33,122814,169,4.1,309494,29.04857729605532,56.31562514930274,1.360598985588922,32285.939393939392,376.3939393939394,51.78439624906931,The loan process was very slow.,Negative,-0.39000000000000007,Loan Process,0,1,0,100.0
2026-04,1022,Branch 1022,South,9934,745,6244639,3632146,827746,694778,32,60221,198,4.1,132968,16.063865002065853,58.16422694730632,1.9931548218240387,25867.0625,310.4375,41.75282301135073,The mobile banking service was convenient.,Neutral,0.0,Digital Banking,0,0,1,0.0
2026-04,1023,Branch 1023,East,11047,617,6740985,4284606,877429,665701,32,91421,102,4.3,211728,24.130499447818572,63.56053306749681,0.9233276002534626,27419.65625,345.21875,47.22829616440865,The account service was not satisfactory.,Neutral,0.0,Account Service,0,0,1,0.0
2026-04,1024,Branch 1024,West,10105,470,5954329,3879414,835920,537496,28,62209,137,4.3,298424,35.700066992056655,65.15283250220133,1.355764473033152,29854.285714285714,360.89285714285717,52.99904561828155,The staff was very helpful and friendly.,Positive,0.2875,Staff Service,1,0,0,0.0
2026-04,1025,Branch 1025,Central,10143,612,6407580,3358683,665932,455612,27,68367,101,4.2,210320,31.582804250283814,52.41734008783347,0.9957606230898155,24664.14814814815,375.6666666666667,49.44383637364587,The waiting time was too long.,Negative,-0.05,Waiting Time,0,1,0,100.0
2026-04,1026,Branch 1026,North,12067,789,7262701,4310166,726236,541945,32,79956,73,4.3,184291,25.37618625350437,59.34659846247284,0.604955664208171,22694.875,377.09375,46.722281967556796,Excellent service and quick response.,Positive,0.6666666666666666,Service Quality,1,0,0,0.0
2026-04,1027,Branch 1027,South,11237,875,9101216,5071206,1035905,803105,32,75515,220,4.2,232800,22.47310322857791,55.720092787601125,1.9578179229331674,32372.03125,351.15625,48.85071191438935,The ATM was not working properly.,Neutral,0.0,ATM Issue,0,0,1,0.0
2026-04,1028,Branch 1028,East,13304,731,7988173,5402087,877897,632468,44,125325,259,4.1,245429,27.956468697352875,67.626064182636,1.9467829224293445,19952.204545454544,302.3636363636364,42.88854475076235,The loan process was very slow.,Negative,-0.39000000000000007,Loan Process,0,1,0,100.0
2026-04,1029,Branch 1029,West,13464,632,8551361,4759247,1153682,716253,38,95768,247,4.4,437429,37.91590750310744,55.654848391969416,1.8345216874628638,30360.052631578947,354.3157894736842,54.05355675080159,The mobile banking service was convenient.,Neutral,0.0,Digital Banking,0,0,1,0.0
2026-04,1030,Branch 1030,Central,10804,709,8136311,6282001,1051244,691599,30,104875,209,4.3,359645,34.21137243113873,77.20945032705853,1.934468715290633,35041.46666666667,360.1333333333333,54.8304435366082,The account service was not satisfactory.,Neutral,0.0,Account Service,0,0,1,0.0
2026-04,1031,Branch 1031,North,13408,926,8780174,5905296,1222952,760250,41,106177,195,4.3,462702,37.83484552132872,67.25716369630032,1.4543556085918854,29828.09756097561,327.0243902439024,52.43006150356065,The staff was very helpful and friendly.,Positive,0.2875,Staff Service,1,0,0,0.0
2026-04,1032,Branch 1032,South,13295,1260,9294947,6849407,1223335,841479,36,113659,263,4.2,381856,31.214344394626163,73.68957563717147,1.9781872884543064,33981.52777777778,369.30555555555554,53.34799795952172,The waiting time was too long.,Negative,-0.05,Waiting Time,0,1,0,100.0
2026-04,1033,Branch 1033,East,9930,590,8053747,5345457,1025983,773225,26,86150,122,4.1,252758,24.63569084478008,66.37229850900457,1.2286002014098691,39460.88461538462,381.9230769230769,53.74715619178213,Excellent service and quick response.,Positive,0.6666666666666666,Service Quality,1,0,0,0.0
2026-04,1034,Branch 1034,West,12237,781,8756086,6781339,1187033,854107,39,119725,87,4.4,332926,28.046903498049335,77.44714933133365,0.7109585682765384,30436.74358974359,313.7692307692308,49.07334029920412,The ATM was not working properly.,Neutral,0.0,ATM Issue,0,0,1,0.0
2026-04,1035,Branch 1035,Central,10827,960,8023930,5541085,871229,695983,34,89518,68,4.3,175246,20.114803341027446,69.05699576142862,0.6280594809273113,25624.382352941175,318.44117647058823,43.96741311969121,The loan process was very slow.,Negative,-0.39000000000000007,Loan Process,0,1,0,100.0
2026-04,1036,Branch 1036,North,10146,803,7235185,4337950,849569,646631,27,85825,196,4.1,202938,23.887171024366474,59.95631072322269,1.9317957815888034,31465.51851851852,375.77777777777777,49.57748312923375,The mobile banking service was convenient.,Neutral,0.0,Digital Banking,0,0,1,0.0
2026-04,1037,Branch 1037,South,12712,1088,8769537,5904315,957574,730549,34,78257,174,4.2,227025,23.70835047735214,67.32755674558418,1.368785399622404,28163.941176470587,373.88235294117646,48.22599634205922,The account service was not satisfactory.,Neutral,0.0,Account Service,0,0,1,0.0
2026-04,1038,Branch 1038,East,11435,559,7262760,3778149,813950,504760,32,101466,77,4.4,309190,37.98636279869771,52.02084331576425,0.6733712286838653,25435.9375,357.34375,51.93390936972284,The staff was very helpful and friendly.,Positive,0.2875,Staff Service,1,0,0,0.0
2026-04,1039,Branch 1039,West,10751,612,7576677,4886813,875461,688643,31,100626,109,4.1,186818,21.33938576361483,64.49810385212409,1.0138591758906148,28240.677419354837,346.80645161290323,46.089512846688734,The waiting time was too long.,Negative,-0.05,Waiting Time,0,1,0,100.0
2026-04,1040,Branch 1040,Central,12030,1113,8516370,5814802,973509,779152,33,91151,237,3.7,194357,19.964581734734864,68.27794001434884,1.970074812967581,29500.272727272728,364.54545454545456,45.66972737408474,Excellent service and quick response.,Positive,0.6666666666666666,Service Quality,1,0,0,0.0
2026-04,1041,Branch 1041,North,12572,1119,7434120,4639024,843045,550587,36,80466,169,4.0,292458,34.69067487500667,62.401790662512845,1.3442570792236717,23417.916666666668,349.22222222222223,48.34112116518891,The ATM was not working properly.,Neutral,0.0,ATM Issue,0,0,1,0.0
2026-04,1042,Branch 1042,South,10008,932,6308938,3453300,766313,491131,26,77162,115,4.4,275182,35.909869726860954,54.736629207641606,1.1490807354116708,29473.576923076922,384.9230769230769,54.12297744009349,The loan process was very slow.,Negative,-0.39000000000000007,Loan Process,0,1,0,100.0
2026-04,1043,Branch 1043,East,10530,916,7077910,4611204,732808,473124,33,68607,97,4.5,259684,35.436840209168025,65.14923190602876,0.9211775878442544,22206.303030303032,319.09090909090907,48.38573802066933,The mobile banking service was convenient.,Neutral,0.0,Digital Banking,0,0,1,0.0
2026-04,1044,Branch 1044,West,12862,1061,9051398,6147463,994526,726919,41,86721,103,4.2,267607,26.907994361132843,67.9172764251445,0.8008085834240399,24256.731707317074,313.7073170731707,45.234794007678836,The account service was not satisfactory.,Neutral,0.0,Account Service,0,0,1,0.0
2026-04,1045,Branch 1045,Central,13910,1019,9455141,6963421,1102037,921159,37,114631,110,4.3,180878,16.41306054152447,73.6469292208334,0.7907979870596693,29784.783783783783,375.94594594594594,46.79631284037656,The staff was very helpful and friendly.,Positive,0.2875,Staff Service,1,0,0,0.0
2026-04,1046,Branch 1046,North,13140,1197,9870314,7051490,1096608,683375,36,88620,134,4.2,413233,37.68283652864105,71.44139487355721,1.0197869101978692,30461.333333333332,365.0,53.82988885862098,The waiting time was too long.,Negative,-0.05,Waiting Time,0,1,0,100.0
2026-04,1047,Branch 1047,South,9725,757,7381971,4435342,883589,625735,31,93845,159,4.2,257854,29.182572440354054,60.083438420443535,1.6349614395886891,28502.870967741936,313.7096774193548,47.98059629344395,Excellent service and quick response.,Positive,0.6666666666666666,Service Quality,1,0,0,0.0
2026-04,1048,Branch 1048,East,12584,686,8376553,6515755,1197204,941123,34,108092,228,4.2,256081,21.389921851246736,77.78563569048032,1.8118245390972663,35211.882352941175,370.11764705882354,50.50563593188523,The ATM was not working properly.,Neutral,0.0,ATM Issue,0,0,1,0.0
2026-04,1049,Branch 1049,West,11179,958,8451131,5968347,1157308,727537,38,80684,102,4.2,429771,37.13540388556893,70.6218729777115,0.9124250827444315,30455.473684210527,294.1842105263158,50.908778498967536,The loan process was very slow.,Negative,-0.39000000000000007,Loan Process,0,1,0,100.0
2026-04,1050,Branch 1050,Central,11630,1058,8836267,5986603,1040884,674530,31,113475,206,4.1,366354,35.19642918903547,67.75036336045527,1.7712811693895099,33576.903225806454,375.16129032258067,54.481424564479774,The mobile banking service was convenient.,Neutral,0.0,Digital Banking,0,0,1,0.0
2026-04,1051,Branch 1051,North,11733,708,9099377,4806207,981590,781412,34,113222,115,4.3,200178,20.393239539930114,52.8190776137751,0.9801414812920822,28870.29411764706,345.0882352941176,46.58128802929566,The account service was not satisfactory.,Neutral,0.0,Account Service,0,0,1,0.0
2026-04,1052,Branch 1052,South,11435,963,7614577,4600060,787333,555536,30,106693,162,4.2,231797,29.440782997791278,60.411234924802784,1.4167031045037166,26244.433333333334,381.1666666666667,49.6314966194793,The staff was very helpful and friendly.,Positive,0.2875,Staff Service,1,0,0,0.0
2026-04,1053,Branch 1053,East,11040,879,7207758,4408667,840994,664073,29,66914,139,4.2,176921,21.03712987250801,61.16558019844729,1.259057971014493,28999.793103448275,380.6896551724138,47.93697001137053,The waiting time was too long.,Negative,-0.05,Waiting Time,0,1,0,100.0
2026-04,1054,Branch 1054,West,11849,1116,9201228,5995055,943911,724279,38,73585,233,4.0,219632,23.268295421920072,65.15494453566416,1.9664106675668833,24839.763157894737,311.8157894736842,43.55576269750532,Excellent service and quick response.,Positive,0.6666666666666666,Service Quality,1,0,0,0.0
2026-04,1055,Branch 1055,Central,10512,565,7344128,4186393,989726,625351,34,82972,95,4.4,364375,36.815744963757645,57.00326846155187,0.9037290715372907,29109.58823529412,309.1764705882353,51.356225338988914,The ATM was not working properly.,Neutral,0.0,ATM Issue,0,0,1,0.0
2026-04,1056,Branch 1056,North,13518,1095,9316473,5925412,1168407,749733,42,101684,250,4.0,418674,35.832890422601025,63.6014508924139,1.849386003846723,27819.214285714286,321.85714285714283,49.70803220910528,The loan process was very slow.,Negative,-0.39000000000000007,Loan Process,0,1,0,100.0
2026-04,1057,Branch 1057,South,13689,913,9401023,5398518,1195989,782897,42,107323,137,4.3,413092,34.53978255652853,57.4247930251846,1.0008035649061289,28475.928571428572,325.92857142857144,50.61374753394762,The mobile banking service was convenient.,Neutral,0.0,Digital Banking,0,0,1,0.0
2026-04,1058,Branch 1058,East,10772,725,7455595,5390511,892802,683766,35,80889,201,4.1,209036,23.41347801640229,72.3015533971467,1.8659487560341625,25508.628571428573,307.77142857142854,44.05795390728716,The account service was not satisfactory.,Neutral,0.0,Account Service,0,0,1,0.0
2026-04,1059,Branch 1059,West,11164,638,8418242,5078651,995599,797744,32,94940,194,4.2,197855,19.872960900924973,60.32911622165293,1.737728412755285,31112.46875,348.875,47.27449433786427,The staff was very helpful and friendly.,Positive,0.2875,Staff Service,1,0,0,0.0
2026-04,1060,Branch 1060,Central,12248,1024,8275907,5251974,915750,670856,40,97574,136,4.7,244894,26.742451542451544,63.461007959610946,1.1103853690398433,22893.75,306.2,45.761967587747186,The waiting time was too long.,Negative,-0.05,Waiting Time,0,1,0,100.0
2026-04,1061,Branch 1061,North,13366,1162,8455224,6091455,1232682,1029102,35,126191,137,4.3,203580,16.515208301897815,72.0436856551642,1.024988777495137,35219.485714285714,381.8857142857143,49.55611608212449,Excellent service and quick response.,Positive,0.6666666666666666,Service Quality,1,0,0,0.0
2026-04,1062,Branch 1062,South,12780,741,9246553,5496497,1129097,882025,33,94807,201,4.0,247072,21.882265208392194,59.443740818875966,1.572769953051643,34215.06060606061,387.27272727272725,50.280836809843656,The ATM was not working properly.,Neutral,0.0,ATM Issue,0,0,1,0.0
2026-04,1063,Branch 1063,East,11718,763,6895232,4553520,852200,618836,36,81193,123,4.5,233364,27.383712743487443,66.03867716126159,1.0496671786994367,23672.222222222223,325.5,46.48700537240806,The loan process was very slow.,Negative,-0.39000000000000007,Loan Process,0,1,0,100.0
2026-04,1064,Branch 1064,West,10990,855,6985254,3786532,833033,664507,37,71148,157,3.9,168526,20.230411040138865,54.207506269636006,1.4285714285714286,22514.405405405407,297.02702702702703,40.55536521249781,The mobile banking service was convenient.,Neutral,0.0,Digital Banking,0,0,1,0.0
2026-04,1065,Branch 1065,Central,10126,560,7968188,5729386,1092736,879961,32,88186,72,3.9,212775,19.471766282066298,71.90324826673266,0.7110408848508789,34148.0,316.4375,46.37880444688049,The account service was not satisfactory.,Neutral,0.0,Account Service,0,0,1,0.0
2026-04,1066,Branch 1066,North,11101,856,8193365,5108635,1118811,783598,37,70509,172,4.3,335213,29.961539527230247,62.350877813938475,1.5494099630663904,30238.135135135137,300.02702702702703,48.82311758602317,The staff was very helpful and friendly.,Positive,0.2875,Staff Service,1,0,0,0.0
2026-04,1067,Branch 1067,South,10559,914,8476257,5092786,1116457,746198,30,88631,63,4.4,370259,33.16374925321799,60.08295878711558,0.596647409792594,37215.23333333333,351.96666666666664,55.44739341824437,The waiting time was too long.,Negative,-0.05,Waiting Time,0,1,0,100.0
2026-04,1068,Branch 1068,East,11641,593,8535206,6233152,1156181,766331,38,89144,184,4.3,389850,33.718768947076626,73.02872361838718,1.5806202216304441,30425.815789473683,306.3421052631579,50.46748832726681,Excellent service and quick response.,Positive,0.6666666666666666,Service Quality,1,0,0,0.0
2026-04,1069,Branch 1069,West,12647,1126,8422473,5399641,971068,628275,37,117706,134,4.3,342793,35.3006174644824,64.10992353433487,1.059539811813078,26245.08108108108,341.81081081081084,50.467307459637496,The ATM was not working properly.,Neutral,0.0,ATM Issue,0,0,1,0.0
2026-04,1070,Branch 1070,Central,13363,930,8863771,5400284,1080918,813039,42,103126,98,4.3,267879,24.782545947056114,60.925355585111575,0.7333682556312205,25736.14285714286,318.1666666666667,45.64186749636697,The loan process was very slow.,Negative,-0.39000000000000007,Loan Process,0,1,0,100.0
2026-04,1071,Branch 1071,North,10694,513,7934370,4164259,1107798,852220,28,104090,183,3.8,255578,23.070812548858186,52.48380148644441,1.7112399476341873,39564.21428571428,381.92857142857144,52.34710403623752,The mobile banking service was convenient.,Neutral,0.0,Digital Banking,0,0,1,0.0
2026-04,1072,Branch 1072,South,9734,741,7405346,4342532,802976,640198,30,93131,157,4.0,162778,20.271838759813495,58.64050106504139,1.6129032258064515,26765.866666666665,324.46666666666664,43.878502796001996,The account service was not satisfactory.,Neutral,0.0,Account Service,0,0,1,0.0
2026-04,1073,Branch 1073,East,11524,749,7753905,5104908,863055,587525,38,72079,98,4.2,275530,31.924964225918394,65.83660749003243,0.8503991669559181,22711.973684210527,303.2631578947368,45.87929922973383,The staff was very helpful and friendly.,Positive,0.2875,Staff Service,1,0,0,0.0
2026-04,1074,Branch 1074,West,13279,991,10904875,7877054,1223605,882920,35,114377,122,4.1,340685,27.842727023835305,72.23424385882461,0.9187438813163642,34960.142857142855,379.4,52.70595630221598,The waiting time was too long.,Negative,-0.05,Waiting Time,0,1,0,100.0
2026-04,1075,Branch 1075,Central,12507,1014,9128541,5889192,1059006,722437,38,91614,158,4.3,336569,31.78159519398379,64.51405542243826,1.2632925561685457,27868.57894736842,329.13157894736844,49.49285256305265,Excellent service and quick response.,Positive,0.6666666666666666,Service Quality,1,0,0,0.0
2026-04,1076,Branch 1076,North,11358,532,8184591,5448906,1088208,805918,34,104246,128,4.2,282290,25.94081278579095,66.57517767228687,1.1269589716499384,32006.117647058825,334.05882352941177,49.2380514759039,The ATM was not working properly.,Neutral,0.0,ATM Issue,0,0,1,0.0
2026-04,1077,Branch 1077,South,10389,759,6108228,3182327,687100,565768,29,86489,89,4.2,121332,17.658564983262988,52.09902118912392,0.8566753296756183,23693.103448275862,358.2413793103448,43.453524180843075,The loan process was very slow.,Negative,-0.39000000000000007,Loan Process,0,1,0,100.0
2026-04,1078,Branch 1078,East,12670,1025,9538002,6875911,1195672,971599,37,79053,197,4.1,224073,18.740340160177706,72.08963680234078,1.5548539857932122,32315.45945945946,342.43243243243245,46.8823524226613,The mobile banking service was convenient.,Neutral,0.0,Digital Banking,0,0,1,0.0
2026-04,1079,Branch 1079,West,12442,659,7756794,5710777,898536,753798,33,87386,100,4.3,144738,16.108202676353535,73.62290399873969,0.8037293039704227,27228.363636363636,377.030303030303,45.55758978584099,The account service was not satisfactory.,Neutral,0.0,Account Service,0,0,1,0.0
2026-04,1080,Branch 1080,Central,12495,944,9307241,7229953,1161153,875361,36,102914,83,4.1,285792,24.612777127562,77.68094755470499,0.664265706282513,32254.25,347.0833333333333,49.08868777172279,The staff was very helpful and friendly.,Positive,0.2875,Staff Service,1,0,0,0.0
2026-04,1081,Branch 1081,North,11031,1002,7801233,5367547,1062801,800635,32,77547,68,4.3,262166,24.66745891281623,68.80382883064767,0.6164445653159278,33212.53125,344.71875,50.05676976203217,The waiting time was too long.,Negative,-0.05,Waiting Time,0,1,0,100.0
2026-04,1082,Branch 1082,South,10089,714,6277098,4441137,784561,601425,32,62026,200,4.1,183136,23.3424806993975,70.75143641217645,1.9823570224997522,24517.53125,315.28125,43.867215525019304,Excellent service and quick response.,Positive,0.6666666666666666,Service Quality,1,0,0,0.0
2026-04,1083,Branch 1083,East,12646,811,7485277,5556229,921639,703729,39,125060,144,4.4,217910,23.643747714669193,74.22876935616411,1.1386999841847223,23631.76923076923,324.2564102564103,44.81155826080978,The ATM was not working properly.,Neutral,0.0,ATM Issue,0,0,1,0.0
2026-04,1084,Branch 1084,West,11782,979,8997750,6575631,1260492,895623,35,87058,98,4.5,364869,28.94655420264468,73.08083687588564,0.8317772873875404,36014.05714285714,336.62857142857143,53.12925113812102,The loan process was very slow.,Negative,-0.39000000000000007,Loan Process,0,1,0,100.0
2026-04,1085,Branch 1085,Central,13198,1089,10365145,7343256,1046492,724905,44,118748,123,4.4,321587,30.730000802681722,70.84566593134973,0.9319593877860282,23783.909090909092,299.95454545454544,46.425838954572015,The mobile banking service was convenient.,Neutral,0.0,Digital Banking,0,0,1,0.0
2026-04,1086,Branch 1086,North,12274,970,7830768,5694737,912357,600577,34,106376,103,4.0,311780,34.17302656745112,72.72258608606461,0.8391722339905492,26834.029411764706,361.0,50.18196051403602,The account service was not satisfactory.,Neutral,0.0,Account Service,0,0,1,0.0
2026-04,1087,Branch 1087,South,11682,879,9003820,5322500,993004,833437,33,98413,110,4.2,159567,16.06911956044487,59.1137983655826,0.9416195856873822,30091.030303030304,354.0,45.671500008627326,The staff was very helpful and friendly.,Positive,0.2875,Staff Service,1,0,0,0.0
2026-04,1088,Branch 1088,East,12113,798,8199802,5709426,878877,632665,37,84001,225,3.9,246212,28.01438654100631,69.62882762291089,1.8575084619829936,23753.432432432433,327.3783783783784,45.0173572175994,The waiting time was too long.,Negative,-0.05,Waiting Time,0,1,0,100.0
2026-04,1089,Branch 1089,West,13819,1208,8583878,5202978,925009,776587,39,126717,130,4.3,148422,16.045465503578885,60.61337311643992,0.940733772342427,23718.17948717949,354.3333333333333,43.04997056317507,Excellent service and quick response.,Positive,0.6666666666666666,Service Quality,1,0,0,0.0
2026-04,1090,Branch 1090,Central,11358,935,8349582,5858920,986825,814021,31,81459,162,4.1,172804,17.511108859220226,70.17021929960087,1.4263074484944533,31833.064516129034,366.38709677419354,47.15302395094791,The ATM was not working properly.,Neutral,0.0,ATM Issue,0,0,1,0.0
2026-04,1091,Branch 1091,North,11877,730,7299650,5465867,947518,715417,33,108929,213,4.4,232101,24.495682403922668,74.87848047509127,1.793382167213943,28712.666666666668,359.90909090909093,48.81545747427673,The loan process was very slow.,Negative,-0.39000000000000007,Loan Process,0,1,0,100.0
2026-04,1092,Branch 1092,South,13531,1157,9038667,4701319,932091,702672,43,82479,173,4.4,229419,24.613369295487242,52.013410827061115,1.2785455620427166,21676.53488372093,314.6744186046512,43.88422038578946,The mobile banking service was convenient.,Neutral,0.0,Digital Banking,0,0,1,0.0
2026-04,1093,Branch 1093,East,10627,831,8240037,5314946,1034918,849466,32,87782,189,4.0,185452,17.919487341026052,64.50148221421821,1.7784887550578714,32341.1875,332.09375,45.90876771348473,The account service was not satisfactory.,Neutral,0.0,Account Service,0,0,1,0.0
2026-04,1094,Branch 1094,West,12289,1067,7734928,5115722,1023686,703895,40,120817,84,4.4,319791,31.23916904206954,66.13793948696096,0.6835381235251037,25592.15,307.225,47.71425384850311,The staff was very helpful and friendly.,Positive,0.2875,Staff Service,1,0,0,0.0
2026-04,1095,Branch 1095,Central,13088,1114,8798692,5354139,1039391,645842,38,118496,137,4.5,393549,37.863421946120376,60.85153338700798,1.0467603911980439,27352.394736842107,344.42105263157896,52.57322003272146,The waiting time was too long.,Negative,-0.05,Waiting Time,0,1,0,100.0
2026-04,1096,Branch 1096,North,14038,803,10334226,6295069,1294400,1021554,43,138189,102,4.3,272846,21.078955500618047,60.91476033134944,0.726599230659638,30102.325581395347,326.4651162790698,46.66987612890223,Excellent service and quick response.,Positive,0.6666666666666666,Service Quality,1,0,0,0.0
2026-04,1097,Branch 1097,South,10859,786,7130050,4832506,974838,669758,31,66342,107,4.2,305080,31.295456270682926,67.77660745717071,0.9853577677502532,31446.387096774193,350.2903225806452,51.48018399780844,The ATM was not working properly.,Neutral,0.0,ATM Issue,0,0,1,0.0
2026-04,1098,Branch 1098,East,9997,548,7430890,5631959,1004671,634381,29,83024,80,4.2,370290,36.856841692454545,75.7911770999167,0.8002400720216065,34643.8275862069,344.7241379310345,54.68043896916219,The loan process was very slow.,Negative,-0.39000000000000007,Loan Process,0,1,0,100.0
2026-04,1099,Branch 1099,West,13508,698,8477982,5166464,887248,742810,39,103645,211,4.3,144438,16.27932663697185,60.939784962978216,1.562037311222979,22749.94871794872,346.35897435897436,42.3802010621304,The mobile banking service was convenient.,Neutral,0.0,Digital Banking,0,0,1,0.0
2026-04,1100,Branch 1100,Central,13851,673,11104355,8000437,1387872,1136080,37,121833,144,4.3,251792,18.142307071545503,72.04774162929769,1.0396361273554255,37510.05405405405,374.35135135135135,50.88719533467402,The account service was not satisfactory.,Neutral,0.0,Account Service,0,0,1,0.0
2026-05,1001,Branch 1001,North,13674,1222,8212408,5569925,1069992,789180,38,90015,128,4.2,280812,26.2443083686607,67.82328642220406,0.9360830773731168,28157.684210526317,359.8421052631579,48.57007778565467,The staff was very helpful and friendly.,Positive,0.2875,Staff Service,1,0,0,0.0
2026-05,1002,Branch 1002,South,10777,837,6903948,3928422,921693,676456,29,77899,87,4.2,245237,26.607232560082373,56.90109485181522,0.8072747517862114,31782.51724137931,371.62068965517244,50.814982204027274,The waiting time was too long.,Negative,-0.05,Waiting Time,0,1,0,100.0
2026-05,1003,Branch 1003,East,11986,873,9907821,6760884,1247188,802301,37,117097,226,4.0,444887,35.67120594489363,68.2378496745147,1.8855331219756382,33707.78378378379,323.94594594594594,52.43560235432201,Excellent service and quick response.,Positive,0.6666666666666666,Service Quality,1,0,0,0.0
2026-05,1004,Branch 1004,West,11125,822,7970361,5374664,904946,572909,34,95224,212,4.0,332037,36.691360589471635,67.4331313224081,1.9056179775280897,26616.058823529413,327.20588235294116,49.66202705468375,The ATM was not working properly.,Neutral,0.0,ATM Issue,0,0,1,0.0
2026-05,1005,Branch 1005,Central,11704,751,8998401,6707071,978425,819561,38,99283,101,4.6,158864,16.236706952500192,74.53625371885516,0.8629528366370471,25748.026315789473,308.0,43.16480450916605,The loan process was very slow.,Negative,-0.39000000000000007,Loan Process,0,1,0,100.0
2026-05,1006,Branch 1006,North,13665,1148,10499370,5884801,1447520,1149839,43,116056,259,4.0,297681,20.564897203492873,56.049086754729096,1.8953530918404682,33663.25581395349,317.7906976744186,46.890936591416576,The mobile banking service was convenient.,Neutral,0.0,Digital Banking,0,0,1,0.0
2026-05,1007,Branch 1007,South,10590,917,8789675,6455263,1023709,761038,30,94237,90,4.3,262671,25.658756541165506,73.44142985946579,0.84985835694051,34123.63333333333,353.0,51.14093135503449,The account service was not satisfactory.,Neutral,0.0,Account Service,0,0,1,0.0
2026-05,1008,Branch 1008,East,10522,511,8687819,5001761,895710,747723,30,80533,106,4.1,147987,16.5217536926014,57.572113323263295,1.007413039346132,29857.0,350.73333333333335,45.296681652488964,The staff was very helpful and friendly.,Positive,0.2875,Staff Service,1,0,0,0.0
2026-05,1009,Branch 1009,West,10530,600,7853221,4457136,816780,545826,29,104623,188,3.9,270954,33.17343715566003,56.7555147117342,1.785375118708452,28164.827586206895,363.1034482758621,50.22413334759466,The waiting time was too long.,Negative,-0.05,Waiting Time,0,1,0,100.0
2026-05,1010,Branch 1010,Central,10718,485,7451600,4636279,755955,518144,32,88389,103,4.4,237811,31.45835400255306,62.218570508347206,0.9610001866019781,23623.59375,334.9375,47.95420058476509,Excellent service and quick response.,Positive,0.6666666666666666,Service Quality,1,0,0,0.0
2026-05,1011,Branch 1011,North,13754,1195,8545423,5859673,937427,786772,42,87089,217,4.2,150655,16.071118071060468,68.57089461808971,1.577722844263487,22319.690476190477,327.4761904761905,41.08267891521048,The ATM was not working properly.,Neutral,0.0,ATM Issue,0,0,1,0.0
2026-05,1012,Branch 1012,South,10147,568,6456666,4516263,807177,560844,33,73365,182,4.1,246333,30.517841811647262,69.94729168273534,1.7936335862816597,24459.909090909092,307.4848484848485,46.05192811640207,The loan process was very slow.,Negative,-0.39000000000000007,Loan Process,0,1,0,100.0
2026-05,1013,Branch 1013,East,10420,490,6727260,5132045,825433,609776,28,63485,156,4.0,215657,26.12652995458141,76.28729973272922,1.4971209213051824,29479.75,372.14285714285717,49.00953031842986,The mobile banking service was convenient.,Neutral,0.0,Digital Banking,0,0,1,0.0
2026-05,1014,Branch 1014,West,11136,760,7246617,4172517,807443,593067,33,75579,79,4.3,214376,26.54998557173695,57.57882609223035,0.7094109195402298,24467.969696969696,337.45454545454544,46.420886546372465,The account service was not satisfactory.,Neutral,0.0,Account Service,0,0,1,0.0
2026-05,1015,Branch 1015,Central,12581,631,8298912,6461492,1048762,875196,36,94574,96,4.4,173566,16.54960801402034,77.85950736674879,0.7630554010015101,29132.277777777777,349.47222222222223,45.825115351832764,The staff was very helpful and friendly.,Positive,0.2875,Staff Service,1,0,0,0.0
2026-05,1016,Branch 1016,North,10720,922,7508545,5064003,889943,555702,32,83115,67,4.2,334241,37.557573912037064,67.44319971445866,0.625,27810.71875,335.0,51.413846919008634,The waiting time was too long.,Negative,-0.05,Waiting Time,0,1,0,100.0
2026-05,1017,Branch 1017,South,12402,825,7342412,4586325,773931,568457,34,111445,93,4.2,205474,26.54939523032415,62.46346568402863,0.7498790517658442,22762.676470588234,364.7647058823529,46.389296380203106,Excellent service and quick response.,Positive,0.6666666666666666,Service Quality,1,0,0,0.0
2026-05,1018,Branch 1018,East,11515,774,8941463,5518976,1045564,668028,31,115043,86,3.9,377536,36.108358742267335,61.72341148199125,0.7468519322622666,33727.87096774193,371.4516129032258,54.12707245230626,The ATM was not working properly.,Neutral,0.0,ATM Issue,0,0,1,0.0
2026-05,1019,Branch 1019,West,10879,664,6990076,3877753,768540,561238,33,82761,95,4.2,207302,26.973482187003928,55.47511929770148,0.8732420259215001,23289.090909090908,329.6666666666667,45.42795128087849,The loan process was very slow.,Negative,-0.39000000000000007,Loan Process,0,1,0,100.0
2026-05,1020,Branch 1020,Central,10069,535,7124842,4694537,944879,789819,30,85623,119,4.2,155060,16.4105668556503,65.88969972948172,1.181845267653193,31495.966666666667,335.6333333333333,45.72885802744835,The mobile banking service was convenient.,Neutral,0.0,Digital Banking,0,0,1,0.0
2026-05,1021,Branch 1021,North,12021,828,9878207,5281386,953419,753461,33,83667,211,4.1,199958,20.972730772094955,53.46502659845051,1.755261625488728,28891.484848484848,364.27272727272725,46.93255382867061,The account service was not satisfactory.,Neutral,0.0,Account Service,0,0,1,0.0
2026-05,1022,Branch 1022,South,9878,801,7581182,4052222,914603,745630,33,67967,189,4.0,168973,18.47501046902317,53.45105815953238,1.9133427819396638,27715.242424242424,299.3333333333333,42.71773842675113,The staff was very helpful and friendly.,Positive,0.2875,Staff Service,1,0,0,0.0
2026-05,1023,Branch 1023,East,10340,949,7181470,3904756,789405,635291,33,79233,147,4.3,154114,19.522805150714778,54.37265629460264,1.4216634429400388,23921.363636363636,313.3333333333333,42.781593447670005,The waiting time was too long.,Negative,-0.05,Waiting Time,0,1,0,100.0
2026-05,1024,Branch 1024,West,9917,895,7218576,4344545,966981,703705,29,66680,155,4.2,263276,27.226594938266622,60.18562386819782,1.5629726731874558,33344.1724137931,341.9655172413793,50.6068948079493,Excellent service and quick response.,Positive,0.6666666666666666,Service Quality,1,0,0,0.0
2026-05,1025,Branch 1025,Central,10161,922,6385556,4101864,637793,509509,29,85171,146,4.3,128284,20.11373596135423,64.23659897431014,1.436866450152544,21992.862068965518,350.37931034482756,43.529435265007166,The ATM was not working properly.,Neutral,0.0,ATM Issue,0,0,1,0.0
2026-05,1026,Branch 1026,North,12133,614,7201870,4300108,776717,538567,35,92081,111,4.4,238150,30.661103078727514,59.708214672022685,0.914860298359845,22191.914285714287,346.65714285714284,47.46908328149991,The loan process was very slow.,Negative,-0.39000000000000007,Loan Process,0,1,0,100.0
2026-05,1027,Branch 1027,South,11005,663,8394828,6405185,895465,742202,34,82341,129,4.4,153263,17.115465149391657,76.29918087660641,1.1721944570649705,26337.20588235294,323.6764705882353,43.746525885200214,The mobile banking service was convenient.,Neutral,0.0,Digital Banking,0,0,1,0.0
2026-05,1028,Branch 1028,East,13153,1077,8774391,5213301,1125947,711756,42,128469,91,4.0,414191,36.78601213023348,59.41496110670245,0.6918573709419904,26808.261904761905,313.1666666666667,49.24281367421233,The account service was not satisfactory.,Neutral,0.0,Account Service,0,0,1,0.0
2026-05,1029,Branch 1029,West,13128,1035,9992349,7063133,1339751,1107485,44,104939,166,4.1,232266,17.336505066986327,70.68541140826846,1.2644728823887874,30448.886363636364,298.3636363636364,43.837071480219635,The staff was very helpful and friendly.,Positive,0.2875,Staff Service,1,0,0,0.0
2026-05,1030,Branch 1030,Central,10820,906,8240337,5131364,1187345,783324,31,66708,202,4.1,404021,34.02726250584287,62.271288176685005,1.8669131238447318,38301.45161290323,349.03225806451616,55.235366958701114,The waiting time was too long.,Negative,-0.05,Waiting Time,0,1,0,100.0
2026-05,1031,Branch 1031,North,12794,685,9622535,5234566,1244098,1044981,38,110204,164,4.0,199117,16.004928872162804,54.399033103023264,1.2818508675941847,32739.42105263158,336.6842105263158,45.59827998963455,Excellent service and quick response.,Positive,0.6666666666666666,Service Quality,1,0,0,0.0
2026-05,1032,Branch 1032,South,13267,1169,10158075,6366934,1294623,980100,38,126129,146,4.4,314523,24.294562973158982,62.67854883922397,1.1004748624406422,34069.02631578947,349.13157894736844,50.78943422870702,The ATM was not working properly.,Neutral,0.0,ATM Issue,0,0,1,0.0
2026-05,1033,Branch 1033,East,9649,618,8023232,4264972,795044,594549,26,79847,171,4.1,200495,25.21810113654087,53.1577798074392,1.7722043735102084,30578.615384615383,371.11538461538464,49.45655913053769,The loan process was very slow.,Negative,-0.39000000000000007,Loan Process,0,1,0,100.0
2026-05,1034,Branch 1034,West,11912,620,7933583,4865257,848166,634878,33,75006,139,4.5,213288,25.146964155601616,61.32483897880693,1.166890530557421,25702.0,360.969696969697,48.00190206151369,The mobile banking service was convenient.,Neutral,0.0,Digital Banking,0,0,1,0.0
2026-05,1035,Branch 1035,Central,10221,962,7590731,4436328,841087,673766,28,64367,135,4.4,167321,19.893423629184614,58.444015470973746,1.3208100968594072,30038.821428571428,365.0357142857143,48.0109737839946,The account service was not satisfactory.,Neutral,0.0,Account Service,0,0,1,0.0
2026-05,1036,Branch 1036,North,9936,522,7211455,3968204,892025,586992,30,90399,167,4.0,305033,34.19556626776155,55.02639897219077,1.680756843800322,29734.166666666668,331.2,50.37397070813289,The staff was very helpful and friendly.,Positive,0.2875,Staff Service,1,0,0,0.0
2026-05,1037,Branch 1037,South,12672,1112,7590196,5561167,962646,630274,34,89679,82,4.2,332372,34.526918514178625,73.26776541738843,0.6470959595959596,28313.117647058825,372.70588235294116,52.03568838986898,The waiting time was too long.,Negative,-0.05,Waiting Time,0,1,0,100.0
2026-05,1038,Branch 1038,East,12301,598,8505047,5017513,1031136,742276,33,93619,120,4.4,288860,28.01376346088198,58.99453583266501,0.9755304446792944,31246.545454545456,372.75757575757575,51.70495400836252,Excellent service and quick response.,Positive,0.6666666666666666,Service Quality,1,0,0,0.0
2026-05,1039,Branch 1039,West,10473,594,6275699,4095188,715316,451225,28,93781,161,4.2,264091,36.919487331473086,65.25469115073874,1.5372863553900507,25547.0,374.0357142857143,51.65423455713805,The ATM was not working properly.,Neutral,0.0,ATM Issue,0,0,1,0.0
2026-05,1040,Branch 1040,Central,11636,951,9326184,6942088,1230161,826472,31,103067,208,4.1,403689,32.81594848154022,74.43653266973931,1.78755586112066,39682.6129032258,375.35483870967744,56.45913735282958,The loan process was very slow.,Negative,-0.39000000000000007,Loan Process,0,1,0,100.0
2026-05,1041,Branch 1041,North,13607,657,9607980,6348302,1112921,923478,37,127586,241,4.1,189443,17.022142631866952,66.0732224671575,1.7711472036451827,30078.945945945947,367.7567567567568,46.229224464295626,The mobile banking service was convenient.,Neutral,0.0,Digital Banking,0,0,1,0.0
2026-05,1042,Branch 1042,South,10237,927,7145883,5141948,769710,603755,30,68562,102,4.3,165955,21.56071767288979,71.95678966476221,0.9963856598612875,25657.0,341.23333333333335,45.366089672292574,The account service was not satisfactory.,Neutral,0.0,Account Service,0,0,1,0.0
2026-05,1043,Branch 1043,East,11366,1030,9428466,6720042,965205,672130,37,92421,206,4.1,293075,30.364015934438797,71.27396969984301,1.8124230160126695,26086.62162162162,307.18918918918916,46.73360731007776,The staff was very helpful and friendly.,Positive,0.2875,Staff Service,1,0,0,0.0
2026-05,1044,Branch 1044,West,12919,842,10265707,5837372,1271983,931150,39,88078,135,4.4,340833,26.795405284504586,56.86283467860519,1.044972521092964,32614.94871794872,331.2564102564103,50.30879364986495,The waiting time was too long.,Negative,-0.05,Waiting Time,0,1,0,100.0
2026-05,1045,Branch 1045,Central,12916,1105,9056604,6927702,1184482,829368,36,127045,140,4.2,355114,29.98053157413958,76.49337433766564,1.083926912356767,32902.27777777778,358.77777777777777,52.01524681703145,Excellent service and quick response.,Positive,0.6666666666666666,Service Quality,1,0,0,0.0
2026-05,1046,Branch 1046,North,12963,769,10598986,6093429,1383586,996332,44,105028,127,4.5,387254,27.989152824616614,57.49067882531405,0.9797114865386098,31445.136363636364,294.6136363636364,49.07852828651276,The ATM was not working properly.,Neutral,0.0,ATM Issue,0,0,1,0.0
2026-05,1047,Branch 1047,South,9998,904,6072961,3432900,621829,501792,27,95069,187,4.1,120037,19.303860064422857,56.52761478296996,1.8703740748149629,23030.703703703704,370.2962962962963,43.88942171507525,The loan process was very slow.,Negative,-0.39000000000000007,Loan Process,0,1,0,100.0
2026-05,1048,Branch 1048,East,13110,1118,9833186,6104030,1239524,814766,41,127010,258,4.2,424758,34.267831845127645,62.07581144097142,1.9679633867276887,30232.29268292683,319.7560975609756,50.78732094799306,The mobile banking service was convenient.,Neutral,0.0,Digital Banking,0,0,1,0.0
2026-05,1049,Branch 1049,West,10911,751,8597171,4517762,1071865,755989,31,80365,196,4.2,315876,29.46975598606168,52.54940258836308,1.7963523050132892,34576.290322580644,351.96774193548384,52.34287008169566,The account service was not satisfactory.,Neutral,0.0,Account Service,0,0,1,0.0
2026-05,1050,Branch 1050,Central,12279,556,9585463,5648061,1028359,817455,32,73878,181,4.0,210904,20.508791190625065,58.92319442472419,1.4740614056519261,32136.21875,383.71875,48.708774759552,The staff was very helpful and friendly.,Positive,0.2875,Staff Service,1,0,0,0.0
2026-05,1051,Branch 1051,North,12989,798,8353063,5418980,1025262,845798,37,89392,113,4.6,179464,17.504208680317813,64.87416651831789,0.869966895065055,27709.783783783783,351.05405405405406,46.166999097814845,The waiting time was too long.,Negative,-0.05,Waiting Time,0,1,0,100.0
2026-05,1052,Branch 1052,South,11588,672,7102369,4324917,845454,526317,33,105473,95,4.2,319137,37.74741144994287,60.894005929570824,0.8198136002761477,25619.81818181818,351.1515151515151,51.096268018585064,Excellent service and quick response.,Positive,0.6666666666666666,Service Quality,1,0,0,0.0
2026-05,1053,Branch 1053,East,10984,841,8011681,4638746,815316,584300,31,77718,140,4.2,231016,28.334535321274206,57.89978407777344,1.2745812090313182,26300.516129032258,354.3225806451613,48.236407318303876,The ATM was not working properly.,Neutral,0.0,ATM Issue,0,0,1,0.0
2026-05,1054,Branch 1054,West,12811,804,9916962,7442430,1184351,882446,34,94375,202,4.3,301905,25.491176180034465,75.04747925826479,1.5767699633127783,34833.85294117647,376.79411764705884,52.32458608410192,The loan process was very slow.,Negative,-0.39000000000000007,Loan Process,0,1,0,100.0
2026-05,1055,Branch 1055,Central,10436,637,6753797,4152132,907748,639530,29,85008,92,4.5,268218,29.54762775572075,61.47848388099316,0.8815638175546185,31301.655172413793,359.86206896551727,52.070558283986784,The mobile banking service was convenient.,Neutral,0.0,Digital Banking,0,0,1,0.0
2026-05,1056,Branch 1056,North,13848,1065,9701230,7011768,1286320,869498,37,85194,211,4.2,416822,32.404222899434046,72.27710300652598,1.52368573079145,34765.40540540541,374.27027027027026,54.3155420855889,The account service was not satisfactory.,Neutral,0.0,Account Service,0,0,1,0.0
2026-05,1057,Branch 1057,South,13032,865,10219248,6557649,1287012,1004197,43,122723,171,4.0,282815,21.97454258390753,64.16958468959751,1.3121546961325967,29930.511627906977,303.06976744186045,45.10358688834766,The staff was very helpful and friendly.,Positive,0.2875,Staff Service,1,0,0,0.0
2026-05,1058,Branch 1058,East,10808,959,7202223,3813061,739336,591539,35,73414,114,4.3,147797,19.990504993669997,52.94283445541744,1.0547742413027388,21123.885714285716,308.8,41.48627058888898,The waiting time was too long.,Negative,-0.05,Waiting Time,0,1,0,100.0
2026-05,1059,Branch 1059,West,10197,642,8133321,4347003,1022316,693204,32,62594,177,4.1,329112,32.192785792259926,53.446839243157875,1.7358046484260075,31947.375,318.65625,50.50618203660531,Excellent service and quick response.,Positive,0.6666666666666666,Service Quality,1,0,0,0.0
2026-05,1060,Branch 1060,Central,11618,842,8113326,4602920,860164,549989,31,72453,128,4.3,310175,36.05998391004506,56.73283681686154,1.1017386813565158,27747.225806451614,374.7741935483871,52.69207478193253,The ATM was not working properly.,Neutral,0.0,ATM Issue,0,0,1,0.0
2026-05,1061,Branch 1061,North,13571,714,10647929,7361862,1327397,1095575,36,115409,89,4.1,231822,17.4644059011735,69.13890954757494,0.6558101834794783,36872.13888888889,376.97222222222223,49.85795076820583,The loan process was very slow.,Negative,-0.39000000000000007,Loan Process,0,1,0,100.0
2026-05,1062,Branch 1062,South,12122,986,9404761,7084528,1119856,867928,34,119957,225,4.4,251928,22.496463831063995,75.32916572786911,1.8561293515921464,32936.94117647059,356.52941176470586,49.92516363182987,The mobile banking service was convenient.,Neutral,0.0,Digital Banking,0,0,1,0.0
2026-05,1063,Branch 1063,East,11820,721,9229461,6841634,1077573,886009,33,103848,82,4.3,191564,17.777357079288365,74.12820748687274,0.6937394247038917,32653.727272727272,358.1818181818182,47.907066217395794,The account service was not satisfactory.,Neutral,0.0,Account Service,0,0,1,0.0
2026-05,1064,Branch 1064,West,10857,936,7556732,4276630,1026080,648421,29,106909,78,4.3,377659,36.80599953220022,56.59364391909095,0.7184305056645481,35382.06896551724,374.37931034482756,56.443502817736416,The staff was very helpful and friendly.,Positive,0.2875,Staff Service,1,0,0,0.0
2026-05,1065,Branch 1065,Central,11034,920,6644292,4133301,744539,624352,37,100777,101,4.1,120187,16.14247205317653,62.20829849139683,0.9153525466739169,20122.675675675677,298.2162162162162,38.67221779066007,The waiting time was too long.,Negative,-0.05,Waiting Time,0,1,0,100.0
2026-05,1066,Branch 1066,North,11639,1101,9372111,6083693,1029261,799285,33,92509,111,4.3,229976,22.343798123119406,64.91272883985262,0.9536901795686914,31189.727272727272,352.6969696969697,48.62192850446171,Excellent service and quick response.,Positive,0.6666666666666666,Service Quality,1,0,0,0.0
2026-05,1067,Branch 1067,South,11907,812,7755292,4441083,768942,538819,40,92648,189,4.3,230123,29.927224680144924,57.26519388309299,1.5873015873015872,19223.55,297.675,43.66320891570673,The ATM was not working properly.,Neutral,0.0,ATM Issue,0,0,1,0.0
2026-05,1068,Branch 1068,East,11210,967,9128129,6388503,1081762,907177,35,76377,95,4.2,174585,16.138947383990192,69.98699295332045,0.847457627118644,30907.485714285714,320.2857142857143,44.772618663992446,The loan process was very slow.,Negative,-0.39000000000000007,Loan Process,0,1,0,100.0
2026-05,1069,Branch 1069,West,12672,830,8920932,6331676,1126579,869450,35,87494,247,4.0,257129,22.82387653240474,70.97549897252888,1.9491792929292928,32187.97142857143,362.0571428571429,48.708719332223616,The mobile banking service was convenient.,Neutral,0.0,Digital Banking,0,0,1,0.0
2026-05,1070,Branch 1070,Central,13513,1042,8670464,5364787,1032131,685437,41,81527,176,4.2,346694,33.590115983339324,61.874278008650975,1.302449493080737,25173.926829268294,329.5853658536585,48.60606240821636,The account service was not satisfactory.,Neutral,0.0,Account Service,0,0,1,0.0
2026-05,1071,Branch 1071,North,10041,880,7048595,5426143,977580,791155,30,65174,142,3.9,186425,19.07005053294871,76.98190916061995,1.4142017727317995,32586.0,334.7,46.22422589337456,The staff was very helpful and friendly.,Positive,0.2875,Staff Service,1,0,0,0.0
2026-05,1072,Branch 1072,South,9702,673,7048239,4147114,879570,680336,26,80969,144,4.2,199234,22.651295519401526,58.83900929012197,1.4842300556586272,33829.61538461538,373.15384615384613,50.42936198473885,The waiting time was too long.,Negative,-0.05,Waiting Time,0,1,0,100.0
2026-05,1073,Branch 1073,East,11449,942,6921687,5208514,958579,744284,38,85498,105,4.3,214295,22.355486610910525,75.24919864189178,0.9171106646868722,25225.763157894737,301.2894736842105,43.90818679961929,Excellent service and quick response.,Positive,0.6666666666666666,Service Quality,1,0,0,0.0
2026-05,1074,Branch 1074,West,12450,856,8193499,6125510,1082041,814909,40,91345,208,4.2,267132,24.68778909486794,74.76061204132691,1.670682730923695,27051.025,311.25,45.64609717760486,The ATM was not working properly.,Neutral,0.0,ATM Issue,0,0,1,0.0
2026-05,1075,Branch 1075,Central,11901,784,7983464,4807102,853103,589056,35,78387,201,4.0,264047,30.951362262235627,60.213235758312436,1.688933703050164,24374.371428571427,340.0285714285714,47.117507794510935,The loan process was very slow.,Negative,-0.39000000000000007,Loan Process,0,1,0,100.0
2026-05,1076,Branch 1076,North,11336,557,8624121,6595806,998151,792741,34,91983,75,4.3,205410,20.57905066467899,76.48090744552401,0.6616090331686663,29357.382352941175,333.4117647058824,46.4203560064347,The mobile banking service was convenient.,Neutral,0.0,Digital Banking,0,0,1,0.0
2026-05,1077,Branch 1077,South,10081,687,6911819,4501064,763348,613848,32,65459,118,4.4,149500,19.584776537044704,65.12126547295293,1.1705187977383196,23854.625,315.03125,43.1380201148819,The account service was not satisfactory.,Neutral,0.0,Account Service,0,0,1,0.0
2026-05,1078,Branch 1078,East,11982,758,8858321,5905738,1127437,707949,38,102385,187,4.5,419488,37.20722310869699,66.66881906853455,1.5606743448506093,29669.394736842107,315.3157894736842,52.28667645699747,The staff was very helpful and friendly.,Positive,0.2875,Staff Service,1,0,0,0.0
2026-05,1079,Branch 1079,West,12634,913,8181564,5138036,903399,712004,36,121926,115,4.3,191395,21.186098279940534,62.80016876968756,0.9102422035776476,25094.416666666668,350.94444444444446,45.350597594592216,The waiting time was too long.,Negative,-0.05,Waiting Time,0,1,0,100.0
2026-05,1080,Branch 1080,Central,11529,533,8250796,6298536,847813,664690,34,90485,79,4.0,183123,21.599456483918033,76.33852539803432,0.685228554081013,24935.676470588234,339.0882352941176,44.06585482609704,Excellent service and quick response.,Positive,0.6666666666666666,Service Quality,1,0,0,0.0
2026-05,1081,Branch 1081,North,11306,645,6748124,3641026,898485,699907,34,89956,131,4.2,198578,22.10142628981007,53.95612173101739,1.1586768087741022,26426.029411764706,332.52941176470586,45.27328505180942,The ATM was not working properly.,Neutral,0.0,ATM Issue,0,0,1,0.0
2026-05,1082,Branch 1082,South,9978,669,6645540,3950089,793486,613441,33,83701,144,4.0,180045,22.69038143080029,59.43969940742212,1.4431749849669273,24045.030303030304,302.3636363636364,42.62462959200941,The loan process was very slow.,Negative,-0.39000000000000007,Loan Process,0,1,0,100.0
2026-05,1083,Branch 1083,East,12677,883,9413059,6761851,1186566,936899,38,92156,162,4.0,249667,21.041138883129975,71.83478824471408,1.2779048670821171,31225.42105263158,333.60526315789474,46.54724512554273,The mobile banking service was convenient.,Neutral,0.0,Digital Banking,0,0,1,0.0
2026-05,1084,Branch 1084,West,12396,1002,9869103,6856058,1139566,765281,37,89138,232,3.9,374285,32.84452151082078,69.46992041728615,1.871571474669248,30799.08108108108,335.02702702702703,50.237421779030484,The account service was not satisfactory.,Neutral,0.0,Account Service,0,0,1,0.0
2026-05,1085,Branch 1085,Central,13432,863,9886940,7542540,1065493,867181,38,116451,159,4.2,198312,18.612229268517012,76.28791112315842,1.1837403216200117,28039.28947368421,353.4736842105263,45.59926818345069,The staff was very helpful and friendly.,Positive,0.2875,Staff Service,1,0,0,0.0
2026-05,1086,Branch 1086,North,11890,800,8252894,6144789,934233,596377,39,100057,107,4.1,337856,36.16399763228231,74.45617258624672,0.8999158957106812,23954.69230769231,304.87179487179486,47.695495339601614,The waiting time was too long.,Negative,-0.05,Waiting Time,0,1,0,100.0
2026-05,1087,Branch 1087,South,11785,626,8678474,5257107,1123639,917531,34,91361,126,4.2,206108,18.34290194626566,60.57639856961028,1.069155706406449,33048.205882352944,346.61764705882354,47.54084360106734,Excellent service and quick response.,Positive,0.6666666666666666,Service Quality,1,0,0,0.0
2026-05,1088,Branch 1088,East,11184,1026,7806290,6021161,924833,613795,30,69689,83,4.3,311038,33.63180163337597,77.13217162057776,0.7421316165951359,30827.766666666666,372.8,53.1806192367001,The ATM was not working properly.,Neutral,0.0,ATM Issue,0,0,1,0.0
2026-05,1089,Branch 1089,West,13978,1283,9976186,7552757,1359581,861264,39,139026,204,4.2,498317,36.652248008761525,75.70786069946972,1.4594362569752468,34861.05128205128,358.4102564102564,55.2355640581726,The loan process was very slow.,Negative,-0.39000000000000007,Loan Process,0,1,0,100.0
2026-05,1090,Branch 1090,Central,11539,737,7369770,5258939,963888,693312,38,107711,90,4.1,270576,28.07131118968179,71.35825134298628,0.7799636016985874,25365.473684210527,303.6578947368421,45.46407124311425,The mobile banking service was convenient.,Neutral,0.0,Digital Banking,0,0,1,0.0
2026-05,1091,Branch 1091,North,12189,756,8004180,5278404,833111,533952,37,102093,73,4.5,299159,35.908660430602886,65.94559342743416,0.5989006481253589,22516.513513513513,329.43243243243245,49.09151642876463,The account service was not satisfactory.,Neutral,0.0,Account Service,0,0,1,0.0
2026-05,1092,Branch 1092,South,12878,1031,8936551,6140211,1239813,817778,43,83985,201,4.3,422035,34.040214129066236,68.70895718046035,1.5608013666718434,28832.86046511628,299.48837209302326,49.584682403580466,The staff was very helpful and friendly.,Positive,0.2875,Staff Service,1,0,0,0.0
2026-05,1093,Branch 1093,East,10496,863,7757962,4944008,809584,628223,35,75867,195,4.1,181361,22.401752010909306,63.728180158655064,1.8578506097560974,23130.97142857143,299.8857142857143,42.30850603803262,The waiting time was too long.,Negative,-0.05,Waiting Time,0,1,0,100.0
2026-05,1094,Branch 1094,West,11525,919,8575474,5888270,1000896,757349,30,83542,111,4.2,243547,24.33289772363962,68.66407617817977,0.963123644251627,33363.2,384.1666666666667,51.227826208294246,Excellent service and quick response.,Positive,0.6666666666666666,Service Quality,1,0,0,0.0
2026-05,1095,Branch 1095,Central,11934,1072,7179127,4894984,727911,598633,32,79558,130,4.0,129278,17.760138258660742,68.18355490855643,1.0893246187363834,22747.21875,372.9375,43.02065900810486,The ATM was not working properly.,Neutral,0.0,ATM Issue,0,0,1,0.0
2026-05,1096,Branch 1096,North,13509,992,9557467,7313767,1058739,758357,43,92366,264,4.2,300382,28.37167611658775,76.52411460065727,1.9542527204086164,24621.837209302324,314.16279069767444,45.93225869253433,The loan process was very slow.,Negative,-0.39000000000000007,Loan Process,0,1,0,100.0
2026-05,1097,Branch 1097,South,10835,567,8839433,5113429,1020536,819542,34,108157,65,4.4,200994,19.69494461733834,57.84792983893876,0.5999077065066913,30015.764705882353,318.6764705882353,46.14581999373597,The mobile banking service was convenient.,Neutral,0.0,Digital Banking,0,0,1,0.0
2026-05,1098,Branch 1098,East,10526,953,6272994,3705987,858962,611927,28,65121,132,4.5,247035,28.759712303920317,59.07844005589675,1.2540376211286337,30677.214285714286,375.92857142857144,52.12673018972884,The account service was not satisfactory.,Neutral,0.0,Account Service,0,0,1,0.0
2026-05,1099,Branch 1099,West,14166,1169,11168090,6167675,1406638,1094425,43,103479,154,4.4,312213,22.195689296037788,55.225871209848776,1.087109981646195,32712.511627906977,329.4418604651163,48.67381824369974,The staff was very helpful and friendly.,Positive,0.2875,Staff Service,1,0,0,0.0
2026-05,1100,Branch 1100,Central,14211,827,11095484,6342877,1567912,1102476,46,118450,191,4.3,465436,29.68508436697978,57.166293962480594,1.3440292730983041,34085.04347826087,308.9347826086956,50.83566125488339,The waiting time was too long.,Negative,-0.05,Waiting Time,0,1,0,100.0
2026-06,1001,Branch 1001,North,12470,978,8105288,5359462,966491,745079,39,122804,111,4.2,221412,22.908852746688797,66.12302980473982,0.8901363271852446,24781.82051282051,319.7435897435897,44.30861975020431,Excellent service and quick response.,Positive,0.6666666666666666,Service Quality,1,0,0,0.0
2026-06,1002,Branch 1002,South,10768,791,7617532,4912505,986764,620176,33,87393,126,4.2,366588,37.15052434016644,64.48945669017209,1.1701337295690937,29901.939393939392,326.3030303030303,51.8966769272418,The ATM was not working properly.,Neutral,0.0,ATM Issue,0,0,1,0.0
2026-06,1003,Branch 1003,East,12012,1060,7609557,5630511,1003545,796803,38,103288,112,4.3,206742,20.601168856404048,73.99262532628377,0.9324009324009324,26409.07894736842,316.10526315789474,44.4079872188579,The loan process was very slow.,Negative,-0.39000000000000007,Loan Process,0,1,0,100.0
2026-06,1004,Branch 1004,West,11960,925,9943325,7090345,1342735,947246,31,101116,152,4.1,395489,29.453987570146005,71.30758574219388,1.2709030100334449,43314.032258064515,385.80645161290323,57.35225999082566,The mobile banking service was convenient.,Neutral,0.0,Digital Banking,0,0,1,0.0
2026-06,1005,Branch 1005,Central,12505,1009,9122758,4798153,1133721,750680,35,107643,106,4.2,383041,33.78617843367107,52.59542125309034,0.8476609356257497,32392.02857142857,357.2857142857143,53.05548989276068,The account service was not satisfactory.,Neutral,0.0,Account Service,0,0,1,0.0
2026-06,1006,Branch 1006,North,13039,1012,8718675,5246622,1014938,676192,35,127116,224,4.1,338746,33.37602888058187,60.1768273275469,1.7179231536160748,28998.22857142857,372.54285714285714,51.64116735217712,The staff was very helpful and friendly.,Positive,0.2875,Staff Service,1,0,0,0.0
2026-06,1007,Branch 1007,South,10319,963,7970353,4499988,929901,578664,28,89926,149,4.3,351237,37.77144018556814,56.45908029418521,1.443938366120748,33210.75,368.5357142857143,55.55943656472479,The waiting time was too long.,Negative,-0.05,Waiting Time,0,1,0,100.0
2026-06,1008,Branch 1008,East,9991,662,6567197,4425524,726759,601279,27,88658,164,4.0,125480,17.265696056051596,67.38832412062558,1.641477329596637,26917.0,370.037037037037,44.650468990541285,Excellent service and quick response.,Positive,0.6666666666666666,Service Quality,1,0,0,0.0
2026-06,1009,Branch 1009,West,10364,781,8106955,6042795,1124899,776827,28,80993,117,4.0,348072,30.94251128323521,74.53840560358358,1.1289077576225395,40174.96428571428,370.14285714285717,55.52880529220994,The ATM was not working properly.,Neutral,0.0,ATM Issue,0,0,1,0.0
2026-06,1010,Branch 1010,Central,10854,600,7868998,4184245,987179,723215,30,103207,87,4.6,263964,26.73922358559086,53.1737967146516,0.8015478164731896,32905.96666666667,361.8,52.19885584775801,The loan process was very slow.,Negative,-0.39000000000000007,Loan Process,0,1,0,100.0
2026-06,1011,Branch 1011,North,13580,972,8715320,4738449,1150437,957307,39,120756,230,4.0,193130,16.787533780641617,54.36919126320089,1.6936671575846833,29498.384615384617,348.20512820512823,44.827696360838566,The mobile banking service was convenient.,Neutral,0.0,Digital Banking,0,0,1,0.0
2026-06,1012,Branch 1012,South,10704,979,6678798,4529003,939844,697922,36,103662,88,4.1,241922,25.740654832078512,67.81164814387259,0.8221225710014948,26106.777777777777,297.3333333333333,44.745178001261564,The account service was not satisfactory.,Neutral,0.0,Account Service,0,0,1,0.0
2026-06,1013,Branch 1013,East,10738,996,7158258,5556435,760873,501462,29,87144,81,4.2,259411,34.0938632334174,77.62272608782752,0.7543304153473646,26237.0,370.2758620689655,50.8373025751594,The staff was very helpful and friendly.,Positive,0.2875,Staff Service,1,0,0,0.0
2026-06,1014,Branch 1014,West,11671,901,7279125,4570219,857018,604688,38,95445,213,4.2,252330,29.442788832906658,62.78527982415469,1.82503641504584,22553.105263157893,307.13157894736844,45.08655026218125,The waiting time was too long.,Negative,-0.05,Waiting Time,0,1,0,100.0
2026-06,1015,Branch 1015,Central,12373,1132,10100463,7525961,1023367,760145,32,117936,117,4.4,263222,25.721173342505672,74.51104964198177,0.9456073708882243,31980.21875,386.65625,51.77459210633385,Excellent service and quick response.,Positive,0.6666666666666666,Service Quality,1,0,0,0.0
2026-06,1016,Branch 1016,North,10183,735,7175071,5010396,750079,503212,27,61874,80,4.3,246867,32.91213325529711,69.83061212913432,0.7856230973190612,27780.703703703704,377.14814814814815,51.697109400076705,The ATM was not working properly.,Neutral,0.0,ATM Issue,0,0,1,0.0
2026-06,1017,Branch 1017,South,12634,857,8597596,4514213,993208,752520,33,104394,182,4.2,240688,24.23339320665963,52.50552596330416,1.4405572265315814,30097.21212121212,382.8484848484849,49.64266808838623,The loan process was very slow.,Negative,-0.39000000000000007,Loan Process,0,1,0,100.0
2026-06,1018,Branch 1018,East,11237,791,7604458,5783917,911763,622041,30,83448,140,4.1,289722,31.776020742232358,76.05955611826641,1.2458841327756518,30392.1,374.56666666666666,51.799087076659276,The mobile banking service was convenient.,Neutral,0.0,Digital Banking,0,0,1,0.0
2026-06,1019,Branch 1019,West,10414,973,6377560,3445613,658046,456294,31,80577,168,4.0,201752,30.659254824130837,54.027135769792835,1.613212982523526,21227.290322580644,335.93548387096774,45.412684575477876,The account service was not satisfactory.,Neutral,0.0,Account Service,0,0,1,0.0
2026-06,1020,Branch 1020,Central,9768,568,7387728,5706591,848694,662561,29,95209,65,4.4,186133,21.931697408017495,77.24419469693524,0.6654381654381655,29265.310344827587,336.82758620689657,47.283036561921726,The staff was very helpful and friendly.,Positive,0.2875,Staff Service,1,0,0,0.0
2026-06,1021,Branch 1021,North,12953,1203,10546973,7134036,1183177,816893,41,104756,87,4.5,366284,30.95766736506879,67.64060171577191,0.6716590751177334,28857.975609756097,315.9268292682927,49.75029853212571,The waiting time was too long.,Negative,-0.05,Waiting Time,0,1,0,100.0
2026-06,1022,Branch 1022,South,9956,735,6388883,3585343,755858,627752,28,85765,102,4.3,128106,16.948421528911513,56.11846390049716,1.0245078344716754,26994.928571428572,355.57142857142856,44.91819390619453,Excellent service and quick response.,Positive,0.6666666666666666,Service Quality,1,0,0,0.0
2026-06,1023,Branch 1023,East,11404,836,8296300,5239938,1073581,692538,38,76906,211,4.4,381043,35.492710843429606,63.15993876788448,1.8502279901788845,28252.13157894737,300.10526315789474,50.15016925745121,The ATM was not working properly.,Neutral,0.0,ATM Issue,0,0,1,0.0
2026-06,1024,Branch 1024,West,9628,626,7296223,4689173,949317,754334,30,75017,139,4.2,194983,20.5392929864313,64.26849892060591,1.4437058579144162,31643.9,320.93333333333334,46.67580033159171,The loan process was very slow.,Negative,-0.39000000000000007,Loan Process,0,1,0,100.0
2026-06,1025,Branch 1025,Central,11130,604,7863967,5947895,1029732,684779,33,108013,196,4.3,344953,33.49929884669021,75.63479093948385,1.7610062893081762,31204.0,337.27272727272725,51.938984297959756,The mobile banking service was convenient.,Neutral,0.0,Digital Banking,0,0,1,0.0
2026-06,1026,Branch 1026,North,12320,1066,9876425,7543801,1275881,856483,33,94408,209,4.1,419398,32.87124739689673,76.3818993208575,1.6964285714285714,38663.06060606061,373.3333333333333,55.93252624383133,The account service was not satisfactory.,Neutral,0.0,Account Service,0,0,1,0.0
2026-06,1027,Branch 1027,South,11544,832,8359969,5949582,1176030,866355,33,110746,134,4.1,309675,26.33223642254024,71.16751270249925,1.1607761607761609,35637.27272727273,349.8181818181818,51.34911633606376,The staff was very helpful and friendly.,Positive,0.2875,Staff Service,1,0,0,0.0
2026-06,1028,Branch 1028,East,13334,981,10870300,7891981,1486942,1038639,43,126552,234,4.1,448303,30.149326604534675,72.60131735094708,1.7549122543872804,34580.04651162791,310.09302325581393,50.670024988493736,The waiting time was too long.,Negative,-0.05,Waiting Time,0,1,0,100.0
2026-06,1029,Branch 1029,West,13267,851,8746856,4623699,972260,634178,43,82020,197,4.2,338082,34.77279739987246,52.86126809450161,1.4848873143890857,22610.697674418603,308.5348837209302,47.03253210812541,Excellent service and quick response.,Positive,0.6666666666666666,Service Quality,1,0,0,0.0
2026-06,1030,Branch 1030,Central,11143,677,8467355,6414322,1007117,802800,30,86779,217,4.3,204317,20.287315177879034,75.75354995745425,1.9474109306290943,33570.566666666666,371.43333333333334,49.71677727927856,The ATM was not working properly.,Neutral,0.0,ATM Issue,0,0,1,0.0
2026-06,1031,Branch 1031,North,13848,767,9131771,6724844,1112615,808428,44,113363,131,4.3,304187,27.33982554612332,73.64227596158511,0.9459849797804737,25286.704545454544,314.72727272727275,46.19811975773361,The loan process was very slow.,Negative,-0.39000000000000007,Loan Process,0,1,0,100.0
2026-06,1032,Branch 1032,South,13425,980,9697990,7229116,1125043,818834,45,108676,259,4.2,306209,27.217537463012526,74.54241549022014,1.9292364990689013,25000.955555555556,298.3333333333333,45.09285594954006,The mobile banking service was convenient.,Neutral,0.0,Digital Banking,0,0,1,0.0
2026-06,1033,Branch 1033,East,10089,610,7002782,5358596,928317,576840,27,92542,138,4.1,351477,37.8617433484467,76.52095981282866,1.367826345524829,34382.11111111111,373.6666666666667,55.7264429499736,The account service was not satisfactory.,Neutral,0.0,Account Service,0,0,1,0.0
2026-06,1034,Branch 1034,West,12385,903,7687875,5942166,1013138,713291,33,121623,96,4.5,299847,29.5958694669433,77.29269791717476,0.7751312071053694,30701.151515151516,375.3030303030303,52.40628898293242,The staff was very helpful and friendly.,Positive,0.2875,Staff Service,1,0,0,0.0
2026-06,1035,Branch 1035,Central,10562,846,7770770,4863815,888210,737722,30,73587,105,4.2,150488,16.942840094121888,62.59115891990111,0.9941298996402196,29607.0,352.06666666666666,45.680615796764336,The waiting time was too long.,Negative,-0.05,Waiting Time,0,1,0,100.0
2026-06,1036,Branch 1036,North,9826,501,7866275,5301688,1057425,721426,27,71802,163,4.2,335999,31.77520864363903,67.39769458860769,1.658864237736617,39163.88888888889,363.9259259259259,55.716627576309975,Excellent service and quick response.,Positive,0.6666666666666666,Service Quality,1,0,0,0.0
2026-06,1037,Branch 1037,South,13367,803,9777523,6272693,1256974,862510,39,126730,157,4.3,394464,31.382033359480783,64.15421370013654,1.174534300890252,32230.102564102563,342.7435897435897,51.87973490048168,The ATM was not working properly.,Neutral,0.0,ATM Issue,0,0,1,0.0
2026-06,1038,Branch 1038,East,11598,642,7079903,4556082,868297,647250,31,73704,145,4.3,221047,25.45753353979111,64.35232234113943,1.2502155544059321,28009.58064516129,374.1290322580645,49.07683456968113,The loan process was very slow.,Negative,-0.39000000000000007,Loan Process,0,1,0,100.0
2026-06,1039,Branch 1039,West,11219,519,7547705,4513527,847911,535468,37,67750,86,4.7,312443,36.848560756966236,59.799992183054314,0.7665567341117747,22916.513513513513,303.2162162162162,49.19466467346953,The mobile banking service was convenient.,Neutral,0.0,Digital Banking,0,0,1,0.0
2026-06,1040,Branch 1040,Central,11627,834,9285532,6095970,1055823,822052,33,81177,185,4.1,233771,22.141116456072655,65.65019645616428,1.591124107680399,31994.636363636364,352.3333333333333,48.30656072787097,The account service was not satisfactory.,Neutral,0.0,Account Service,0,0,1,0.0
2026-06,1041,Branch 1041,North,12183,735,7728377,4168432,949572,739230,32,96369,154,4.3,210342,22.1512428757377,53.936706245049905,1.2640564721333005,29674.125,380.71875,48.93764845595591,The staff was very helpful and friendly.,Positive,0.2875,Staff Service,1,0,0,0.0
2026-06,1042,Branch 1042,South,10112,840,7654211,5043018,1058871,721016,29,71425,97,4.1,337855,31.90709727624989,65.88553673265605,0.9592563291139241,36512.793103448275,348.6896551724138,53.65885680671332,The waiting time was too long.,Negative,-0.05,Waiting Time,0,1,0,100.0
2026-06,1043,Branch 1043,East,11256,889,7551302,4017551,1002684,841281,30,93351,119,4.5,161403,16.09709539595725,53.203421078907986,1.0572139303482588,33422.8,375.2,48.927391997215224,Excellent service and quick response.,Positive,0.6666666666666666,Service Quality,1,0,0,0.0
2026-06,1044,Branch 1044,West,13335,1020,9936389,6533075,1096908,769915,38,128272,190,4.0,326993,29.810430774504333,65.74898587404337,1.4248218972628421,28866.0,350.92105263157896,49.19993060927868,The ATM was not working properly.,Neutral,0.0,ATM Issue,0,0,1,0.0
2026-06,1045,Branch 1045,Central,13231,679,10979834,6842060,1527343,1147503,44,104885,171,4.2,379840,24.869331905145078,62.314785451219024,1.2924193182677046,34712.34090909091,300.70454545454544,48.82125880677951,The loan process was very slow.,Negative,-0.39000000000000007,Loan Process,0,1,0,100.0
2026-06,1046,Branch 1046,North,13363,751,10744350,8081818,1506411,1171184,41,123607,260,4.2,335227,22.253355823875424,75.2192361566777,1.9456708822869115,36741.73170731707,325.9268292682927,49.808663371065464,The mobile banking service was convenient.,Neutral,0.0,Digital Banking,0,0,1,0.0
2026-06,1047,Branch 1047,South,9846,444,7231801,4978173,899005,691923,30,84654,143,4.2,207082,23.03457711581137,68.83725091439878,1.4523664432256753,29966.833333333332,328.2,47.05893569476359,The account service was not satisfactory.,Neutral,0.0,Account Service,0,0,1,0.0
2026-06,1048,Branch 1048,East,12298,985,8676177,5684539,1118407,918414,34,109188,175,4.1,199993,17.88195174028775,65.51893766113808,1.4229956090421207,32894.32352941176,361.70588235294116,47.58984069614824,The staff was very helpful and friendly.,Positive,0.2875,Staff Service,1,0,0,0.0
2026-06,1049,Branch 1049,West,10303,773,7963194,5353677,1014119,807947,27,92521,171,4.3,206172,20.330158492247953,67.23027217470778,1.6597107638551878,37559.96296296296,381.5925925925926,51.95468871212107,The waiting time was too long.,Negative,-0.05,Waiting Time,0,1,0,100.0
2026-06,1050,Branch 1050,Central,11146,726,7090833,3752537,937999,595983,30,83266,164,4.3,342016,36.462299000318765,52.920961472368624,1.4713798672169387,31266.633333333335,371.53333333333336,54.32402433792166,Excellent service and quick response.,Positive,0.6666666666666666,Service Quality,1,0,0,0.0
2026-06,1051,Branch 1051,North,12352,1054,8024248,6211219,866308,566534,38,85927,105,4.3,299774,34.603628270776674,77.40562106255938,0.8500647668393783,22797.57894736842,325.05263157894734,47.99515825787667,The ATM was not working properly.,Neutral,0.0,ATM Issue,0,0,1,0.0
2026-06,1052,Branch 1052,South,11162,975,7331175,5626082,990690,826938,30,72266,69,4.5,163752,16.52908578869273,76.74188653251355,0.6181687869557427,33023.0,372.06666666666666,48.774369507592766,The loan process was very slow.,Negative,-0.39000000000000007,Loan Process,0,1,0,100.0
2026-06,1053,Branch 1053,East,10667,750,7860861,5285057,876427,621412,31,78172,91,4.4,255015,29.09711818554198,67.23254615493137,0.8530983406768538,28271.83870967742,344.0967741935484,49.614688567114015,The mobile banking service was convenient.,Neutral,0.0,Digital Banking,0,0,1,0.0
2026-06,1054,Branch 1054,West,12554,824,10262281,6795539,1437197,960564,33,113928,109,4.5,476633,33.16406866977874,66.21860188782591,0.8682491636131909,43551.42424242424,380.42424242424244,59.75254032289651,The account service was not satisfactory.,Neutral,0.0,Account Service,0,0,1,0.0
2026-06,1055,Branch 1055,Central,11477,935,7532730,4682581,784962,561753,30,103626,91,4.3,223209,28.435644018436562,62.16313341909241,0.7928901280822515,26165.4,382.56666666666666,49.59731804630878,The staff was very helpful and friendly.,Positive,0.2875,Staff Service,1,0,0,0.0
2026-06,1056,Branch 1056,North,13843,1071,8540691,6492610,958155,742121,39,86458,253,3.9,216034,22.54687394002014,76.01972720942602,1.8276385176623566,24568.076923076922,354.94871794871796,44.53938864432391,The waiting time was too long.,Negative,-0.05,Waiting Time,0,1,0,100.0
2026-06,1057,Branch 1057,South,13936,716,11528274,6279647,1500999,1205201,39,94125,147,4.6,295798,19.706741976510312,54.47170148801113,1.0548220436280138,38487.153846153844,357.3333333333333,52.12808922894639,Excellent service and quick response.,Positive,0.6666666666666666,Service Quality,1,0,0,0.0
2026-06,1058,Branch 1058,East,10794,764,6848545,3650396,747317,620299,36,80508,67,4.7,127018,16.996535606710406,53.30177431848663,0.6207152121549009,20758.805555555555,299.8333333333333,41.12548658931196,The ATM was not working properly.,Neutral,0.0,ATM Issue,0,0,1,0.0
2026-06,1059,Branch 1059,West,10697,705,8389565,4909905,1090878,874987,29,102090,131,4.2,215891,19.790572364645726,58.52395207618035,1.224642423109283,37616.48275862069,368.86206896551727,51.00158558361588,The loan process was very slow.,Negative,-0.39000000000000007,Loan Process,0,1,0,100.0
2026-06,1060,Branch 1060,Central,11695,598,9254872,5282268,1174360,741616,31,116276,122,4.2,432744,36.84934772982731,57.07553815979303,1.043180846515605,37882.58064516129,377.258064516129,57.417629953090305,The mobile banking service was convenient.,Neutral,0.0,Digital Banking,0,0,1,0.0
2026-06,1061,Branch 1061,North,14345,715,10504799,6359768,1328446,1031324,43,93572,92,4.2,297122,22.36613306073412,60.54154867694279,0.6413384454513769,30894.093023255813,333.6046511627907,47.45884070792316,The account service was not satisfactory.,Neutral,0.0,Account Service,0,0,1,0.0
2026-06,1062,Branch 1062,South,12575,604,7564970,5563859,1005900,720706,34,95041,217,4.3,285194,28.35212247738344,73.5476677369507,1.7256461232604374,29585.29411764706,369.8529411764706,50.648773097958895,The staff was very helpful and friendly.,Positive,0.2875,Staff Service,1,0,0,0.0
2026-06,1063,Branch 1063,East,11017,925,8756118,6115713,1008851,724542,33,92637,160,4.3,284309,28.181465845798837,69.84502721411475,1.452300989380049,30571.242424242424,333.8484848484849,49.655359779551716,The waiting time was too long.,Negative,-0.05,Waiting Time,0,1,0,100.0
2026-06,1064,Branch 1064,West,11155,1000,6652447,3690238,861525,542609,30,75874,67,4.4,318916,37.01761411450625,55.47188876514161,0.6006275212909009,28717.5,371.8333333333333,53.65950526149717,Excellent service and quick response.,Positive,0.6666666666666666,Service Quality,1,0,0,0.0
2026-06,1065,Branch 1065,Central,10861,862,7267067,5539876,752914,620667,30,98139,183,3.8,132247,17.56468866298143,76.23262589983001,1.68492772304576,25097.133333333335,362.03333333333336,43.01133809805876,The ATM was not working properly.,Neutral,0.0,ATM Issue,0,0,1,0.0
2026-06,1066,Branch 1066,North,11530,571,7669540,5534019,1062437,732329,39,72680,227,3.9,330108,31.070830552776307,72.15581377761899,1.9687771032090198,27241.97435897436,295.64102564102564,46.466799812904775,The loan process was very slow.,Negative,-0.39000000000000007,Loan Process,0,1,0,100.0
2026-06,1067,Branch 1067,South,11386,745,6898796,4007783,778718,518310,36,107733,158,4.0,260408,33.440603658834135,58.09394856725725,1.3876690672756016,21631.055555555555,316.27777777777777,45.814609265680055,The mobile banking service was convenient.,Neutral,0.0,Digital Banking,0,0,1,0.0
2026-06,1068,Branch 1068,East,11627,663,8066843,5431219,894218,733062,31,94478,167,4.2,161156,18.022003583018904,67.32768940711999,1.4363120323385226,28845.74193548387,375.06451612903226,46.5943429579069,The account service was not satisfactory.,Neutral,0.0,Account Service,0,0,1,0.0
2026-06,1069,Branch 1069,West,11803,844,7025573,3860650,882520,644680,35,112198,135,4.0,237840,26.95009744821647,54.95138973006187,1.1437770058459715,25214.85714285714,337.22857142857146,45.9951567487204,The staff was very helpful and friendly.,Positive,0.2875,Staff Service,1,0,0,0.0
2026-06,1070,Branch 1070,Central,13584,896,10088731,5399268,1314423,841378,43,126657,237,4.0,473045,35.98879508347009,53.517811110237744,1.7446996466431095,30567.976744186046,315.90697674418607,50.795573493306776,The waiting time was too long.,Negative,-0.05,Waiting Time,0,1,0,100.0
2026-06,1071,Branch 1071,North,9847,702,6061192,4119011,694546,467233,28,87261,190,4.4,227313,32.728285815482344,67.95711140646922,1.9295216817304763,24805.214285714286,351.67857142857144,49.58584449719329,Excellent service and quick response.,Positive,0.6666666666666666,Service Quality,1,0,0,0.0
2026-06,1072,Branch 1072,South,9767,594,7537170,5090199,847618,679510,26,81671,188,4.2,168108,19.832990804820096,67.53461843105569,1.924848981263438,32600.69230769231,375.65384615384613,48.9749614689413,The ATM was not working properly.,Neutral,0.0,ATM Issue,0,0,1,0.0
2026-06,1073,Branch 1073,East,11402,564,6838752,4824217,769910,498779,31,76216,137,4.2,271131,35.215934329986624,70.54235919068275,1.2015435888440624,24835.8064516129,367.80645161290323,50.491584725205655,The loan process was very slow.,Negative,-0.39000000000000007,Loan Process,0,1,0,100.0
2026-06,1074,Branch 1074,West,13024,785,10359969,5735494,1270401,862487,42,90285,148,4.2,407914,32.10907422144661,55.36207685563538,1.1363636363636365,30247.64285714286,310.0952380952381,49.66680468824653,The mobile banking service was convenient.,Neutral,0.0,Digital Banking,0,0,1,0.0
2026-06,1075,Branch 1075,Central,12036,1005,7769789,5184021,917121,604315,33,96998,239,4.3,312806,34.10738604829679,66.72022882474671,1.9857095380525092,27791.545454545456,364.72727272727275,51.642150132859115,The account service was not satisfactory.,Neutral,0.0,Account Service,0,0,1,0.0
2026-06,1076,Branch 1076,North,10570,689,6367523,3336812,795356,606914,35,105544,198,4.3,188442,23.692786626366054,52.40361126296678,1.8732261116367075,22724.457142857143,302.0,43.25512993022722,The staff was very helpful and friendly.,Positive,0.2875,Staff Service,1,0,0,0.0
2026-06,1077,Branch 1077,South,10378,707,7606731,5829856,803561,551156,32,71893,191,4.3,252405,31.4108076424814,76.64075409002895,1.8404316824050877,25111.28125,324.3125,47.9115049488896,The waiting time was too long.,Negative,-0.05,Waiting Time,0,1,0,100.0
2026-06,1078,Branch 1078,East,12922,1169,8015472,6106362,1138347,727429,40,115411,178,4.3,410918,36.09778037803938,76.18218864715641,1.3774957436929267,28458.675,323.05,51.040283127646546,Excellent service and quick response.,Positive,0.6666666666666666,Service Quality,1,0,0,0.0
2026-06,1079,Branch 1079,West,11989,752,9669886,5141922,1044851,767416,34,119419,189,4.1,277435,26.552589795099973,53.174587580453384,1.5764450746517642,30730.91176470588,352.61764705882354,49.28128669118473,The ATM was not working properly.,Neutral,0.0,ATM Issue,0,0,1,0.0
2026-06,1080,Branch 1080,Central,12699,1038,9776705,6964939,981593,726054,39,125536,96,4.2,255539,26.033091108025424,71.24014685929461,0.7559650366170565,25169.05128205128,325.61538461538464,45.805997805354906,The loan process was very slow.,Negative,-0.39000000000000007,Loan Process,0,1,0,100.0
2026-06,1081,Branch 1081,North,10867,705,8813142,6161817,1135695,943605,31,81510,157,4.0,192090,16.913872122356793,69.91623418753493,1.4447409588662925,36635.32258064516,350.5483870967742,48.2390592018057,The mobile banking service was convenient.,Neutral,0.0,Digital Banking,0,0,1,0.0
2026-06,1082,Branch 1082,South,10333,729,7648240,5560071,934235,699018,34,67627,127,4.3,235217,25.17749816694943,72.69739181824838,1.2290719055453403,27477.5,303.9117647058824,46.03074616360637,The account service was not satisfactory.,Neutral,0.0,Account Service,0,0,1,0.0
2026-06,1083,Branch 1083,East,12031,880,9022670,6989980,1105061,853415,36,106896,125,4.2,251646,22.772136560787143,77.47130284051174,1.0389826282104564,30696.13888888889,334.19444444444446,47.53276202212679,The staff was very helpful and friendly.,Positive,0.2875,Staff Service,1,0,0,0.0
2026-06,1084,Branch 1084,West,12170,984,9901181,6844115,1104079,793581,35,107820,129,4.3,310498,28.122806429612375,69.12422871574613,1.0599835661462613,31545.114285714284,347.7142857142857,50.615894652852525,The waiting time was too long.,Negative,-0.05,Waiting Time,0,1,0,100.0
2026-06,1085,Branch 1085,Central,12369,1142,8702333,6559250,1021982,841770,40,108442,158,4.1,180212,17.633578673596993,75.37346594298333,1.277387015926914,25549.55,309.225,42.10974908342902,Excellent service and quick response.,Positive,0.6666666666666666,Service Quality,1,0,0,0.0
2026-06,1086,Branch 1086,North,12864,784,10615332,6083277,1400068,1066370,35,128500,91,4.1,333698,23.834413757046086,57.30651664969122,0.7074004975124378,40001.94285714286,367.54285714285714,53.16141352944847,The ATM was not working properly.,Neutral,0.0,ATM Issue,0,0,1,0.0
2026-06,1087,Branch 1087,South,11263,1036,7976233,4450353,1014000,755217,30,108483,144,4.2,258783,25.521005917159762,55.79517298454044,1.2785225961111604,33800.0,375.43333333333334,51.50793623323038,The loan process was very slow.,Negative,-0.39000000000000007,Loan Process,0,1,0,100.0
2026-06,1088,Branch 1088,East,12277,1022,9496919,5809246,1104696,765390,34,122016,154,4.3,339306,30.714875404636206,61.16979622549166,1.254378105400342,32491.058823529413,361.0882352941176,52.4724225441092,The mobile banking service was convenient.,Neutral,0.0,Digital Banking,0,0,1,0.0
2026-06,1089,Branch 1089,West,13423,984,10167534,7032614,1076759,886696,40,85649,133,4.3,190063,17.651396459189105,69.16735169019351,0.99083662370558,26918.975,335.575,44.35938271340707,The account service was not satisfactory.,Neutral,0.0,Account Service,0,0,1,0.0
2026-06,1090,Branch 1090,Central,11105,967,7013180,3809116,892882,562915,35,77226,186,4.4,329967,36.9552751651394,54.31367796063983,1.674921206663665,25510.914285714287,317.2857142857143,50.06498755577672,The staff was very helpful and friendly.,Positive,0.2875,Staff Service,1,0,0,0.0
2026-06,1091,Branch 1091,North,12459,605,10030705,7359587,1247123,1033819,34,120059,229,4.3,213304,17.103685843337026,73.37058561686342,1.8380287342483346,36680.08823529412,366.44117647058823,49.83801263092161,The waiting time was too long.,Negative,-0.05,Waiting Time,0,1,0,100.0
2026-06,1092,Branch 1092,South,12464,1057,8659252,5788800,1137493,906480,33,122082,84,4.5,231013,20.30896014305143,66.85103978957999,0.6739409499358151,34469.48484848485,377.6969696969697,50.97827639522312,Excellent service and quick response.,Positive,0.6666666666666666,Service Quality,1,0,0,0.0
2026-06,1093,Branch 1093,East,10666,844,6884165,4766497,727394,551115,28,97055,182,4.2,176279,24.234321426902063,69.2385641541131,1.7063566472904559,25978.35714285714,380.92857142857144,47.67789850125926,The ATM was not working properly.,Neutral,0.0,ATM Issue,0,0,1,0.0
2026-06,1094,Branch 1094,West,11580,601,7685424,4238074,1043177,843945,34,72622,230,4.1,199232,19.098580586036693,55.1443095397209,1.9861830742659756,30681.676470588234,340.5882352941176,46.18657505016383,The loan process was very slow.,Negative,-0.39000000000000007,Loan Process,0,1,0,100.0
2026-06,1095,Branch 1095,Central,12488,630,9192740,6898371,963377,701497,36,96797,127,4.1,261880,27.183542891308388,75.04151101847762,1.0169762972453555,26760.472222222223,346.8888888888889,47.458507949777555,The mobile banking service was convenient.,Neutral,0.0,Digital Banking,0,0,1,0.0
2026-06,1096,Branch 1096,North,13844,1032,8496743,5348672,995261,668771,45,86321,190,4.2,326490,32.804460337539595,62.94967377499826,1.3724357122219013,22116.911111111112,307.64444444444445,46.08260563189902,The account service was not satisfactory.,Neutral,0.0,Account Service,0,0,1,0.0
2026-06,1097,Branch 1097,South,10500,574,7647610,4563318,829927,522689,32,76311,164,3.9,307238,37.019882471590876,59.669857641799204,1.561904761904762,25935.21875,328.125,49.19979427736491,The staff was very helpful and friendly.,Positive,0.2875,Staff Service,1,0,0,0.0
2026-06,1098,Branch 1098,East,10633,893,8192104,6013329,1010507,784659,31,93334,69,4.5,225848,22.349968877009264,73.40396313328054,0.6489231637355403,32597.0,343.0,49.496846072242604,The waiting time was too long.,Negative,-0.05,Waiting Time,0,1,0,100.0
2026-06,1099,Branch 1099,West,13061,646,10742443,7939501,1249069,866899,36,81270,97,4.5,382170,30.596388189923857,73.90777870545834,0.7426690146236888,34696.36111111111,362.80555555555554,54.10964035443828,Excellent service and quick response.,Positive,0.6666666666666666,Service Quality,1,0,0,0.0
2026-06,1100,Branch 1100,Central,13298,984,10291382,7650650,1281196,839998,36,118321,213,4.2,441198,34.43641722265758,74.34035584336488,1.6017446232516168,35588.77777777778,369.3888888888889,55.216898919119096,The ATM was not working properly.,Neutral,0.0,ATM Issue,0,0,1,0.0
