Month,Branch_ID,Branch_Name,Region,Customers,New_Customers,Deposits,Loans,Revenue,Expenses,Employees,Transactions,Complaints,Customer_Satisfaction
2024-01,1001,Branch 1001,North,9099,736,4493846,2597163,495053,320696,24,88087,125,4.3
2024-01,1002,Branch 1002,South,8329,374,4809986,2701044,653480,499787,25,56608,149,4.2
2024-01,1003,Branch 1003,East,8318,729,5643967,3689443,612592,507430,22,58029,152,4.2
2024-01,1004,Branch 1004,West,8634,448,5183521,3364173,631728,521771,25,61875,169,4.3
2024-01,1005,Branch 1005,Central,8943,745,5857185,3831364,620820,426577,24,74036,174,4.1
2024-01,1006,Branch 1006,North,9578,610,5168820,3935659,620319,419577,26,64232,71,4.5
2024-01,1007,Branch 1007,South,6940,475,4576418,3022351,462926,316716,20,49457,92,3.9
2024-01,1008,Branch 1008,East,7444,369,4727716,3444956,547170,442743,21,55293,94,4.3
2024-01,1009,Branch 1009,West,7474,565,4830279,3196264,639603,524390,20,50006,48,4.4
2024-01,1010,Branch 1010,Central,8035,633,5183694,3020898,567814,377209,26,49077,82,4.5
2024-01,1011,Branch 1011,North,10606,850,6128301,4526739,791567,621658,32,70354,161,4.2
2024-01,1012,Branch 1012,South,7690,376,4069457,2364167,545374,376322,24,61770,56,4.4
2024-01,1013,Branch 1013,East,7566,635,4546925,3202642,483228,334388,23,60496,113,4.5
2024-01,1014,Branch 1014,West,8092,663,4313537,2976628,434606,270537,24,70541,118,4.0
2024-01,1015,Branch 1015,Central,8766,666,4649442,3130079,645901,488083,26,53241,116,4.0
2024-01,1016,Branch 1016,North,7595,655,4179173,2227567,532671,360367,24,54821,112,4.1
2024-01,1017,Branch 1017,South,8669,654,4997991,3866771,685885,572404,24,77398,145,4.1
2024-01,1018,Branch 1018,East,8124,576,5505835,3007822,735110,589907,25,79219,79,4.3
2024-01,1019,Branch 1019,West,8251,730,5248469,2880315,633011,509727,25,61459,78,4.2
2024-01,1020,Branch 1020,Central,7279,665,3772695,2734058,469638,299246,19,53326,72,3.9
2024-01,1021,Branch 1021,North,9316,622,4527465,2885419,585917,437540,29,88444,182,4.2
2024-01,1022,Branch 1022,South,7258,417,3779090,2539159,448683,320436,22,66629,53,4.4
2024-01,1023,Branch 1023,East,7968,613,4567253,3215192,564772,360327,21,70543,124,4.1
2024-01,1024,Branch 1024,West,7097,642,4239047,2853292,438173,285165,19,54659,65,4.3
2024-01,1025,Branch 1025,Central,8135,699,4131607,2345505,460572,374297,23,71086,159,3.7
2024-01,1026,Branch 1026,North,8639,603,5491054,3287934,716607,598960,24,64656,60,4.1
2024-01,1027,Branch 1027,South,8442,647,5563110,4271112,721721,512502,27,55559,150,4.2
2024-01,1028,Branch 1028,East,10397,674,5995419,3374087,736526,536207,32,77224,191,4.3
2024-01,1029,Branch 1029,West,10015,931,5002372,3464056,583369,467229,26,82948,146,4.1
2024-01,1030,Branch 1030,Central,7758,535,4647008,3174181,474198,397708,24,66472,153,4.1
2024-01,1031,Branch 1031,North,10220,913,6836485,4551924,885507,700711,29,97327,122,4.2
2024-01,1032,Branch 1032,South,9981,740,5649360,3073048,651518,437918,32,72605,165,4.3
2024-01,1033,Branch 1033,East,7050,441,4487923,3494424,554012,458384,22,67949,43,4.4
2024-01,1034,Branch 1034,West,8480,452,4594722,3351253,664883,453793,27,56073,145,4.4
2024-01,1035,Branch 1035,Central,7747,527,4614115,3262579,610983,392707,24,75931,140,4.0
2024-01,1036,Branch 1036,North,6915,560,4645617,2471451,534690,407269,20,45999,105,4.2
2024-01,1037,Branch 1037,South,9988,778,6172431,3690505,738316,557626,26,76659,191,3.8
2024-01,1038,Branch 1038,East,8837,611,5134714,3124484,560095,381925,27,63873,78,4.5
2024-01,1039,Branch 1039,West,7811,502,4208184,2403210,474981,378691,23,76481,112,4.3
2024-01,1040,Branch 1040,Central,8165,617,4805128,3424900,516472,417713,22,62296,127,4.6
2024-01,1041,Branch 1041,North,8879,473,5787453,4179132,704206,454025,24,85608,166,4.2
2024-01,1042,Branch 1042,South,7748,488,5105149,2803836,529743,422533,26,70982,113,4.1
2024-01,1043,Branch 1043,East,8074,387,4013068,3089180,559792,448413,25,63976,87,4.3
2024-01,1044,Branch 1044,West,9171,791,5273092,4081160,763016,545341,28,62889,106,4.1
2024-01,1045,Branch 1045,Central,10076,486,6382796,3481855,719530,446617,29,87649,155,4.4
2024-01,1046,Branch 1046,North,9145,706,4470181,3048187,603032,470835,30,59675,182,4.2
2024-01,1047,Branch 1047,South,7759,586,4198307,2885185,580282,467200,22,77099,81,4.2
2024-01,1048,Branch 1048,East,9005,616,4459158,3221965,533522,397207,25,75938,115,3.9
2024-01,1049,Branch 1049,West,8136,393,5128768,3834386,686557,432680,26,73288,81,4.4
2024-01,1050,Branch 1050,Central,8498,730,5754637,4395569,785289,585156,23,82483,78,4.4
2024-01,1051,Branch 1051,North,8487,773,5685820,3074625,572086,457929,25,66671,142,4.1
2024-01,1052,Branch 1052,South,8340,607,4639272,3111699,560536,455380,24,81613,151,4.1
2024-01,1053,Branch 1053,East,8164,547,4919350,2887451,600385,458705,23,76163,124,4.3
2024-01,1054,Branch 1054,West,8909,446,4868111,3776417,562911,429114,27,62729,63,4.1
2024-01,1055,Branch 1055,Central,8295,520,5382929,3875324,741860,596847,23,65684,113,4.1
2024-01,1056,Branch 1056,North,10049,788,5830827,3118388,629624,422936,30,67898,107,4.3
2024-01,1057,Branch 1057,South,10392,560,6456722,4095955,823001,651952,30,79778,205,3.9
2024-01,1058,Branch 1058,East,7755,613,4652162,3384409,642742,456079,22,65578,94,4.4
2024-01,1059,Branch 1059,West,7468,431,4795830,3398394,586416,382140,25,54827,106,4.2
2024-01,1060,Branch 1060,Central,8312,456,5189106,3684176,622429,415959,22,60077,145,4.4
2024-01,1061,Branch 1061,North,10665,504,5385425,3503209,724304,585555,30,83593,90,4.3
2024-01,1062,Branch 1062,South,8895,433,5941920,4037444,653415,439677,23,62896,139,4.1
2024-01,1063,Branch 1063,East,8419,771,5671527,3097920,547755,348665,27,68648,105,4.4
2024-01,1064,Branch 1064,West,7889,620,5123666,3589115,718513,565396,24,73764,104,4.1
2024-01,1065,Branch 1065,Central,7912,498,4805241,3476532,552213,397845,21,68359,59,4.4
2024-01,1066,Branch 1066,North,8066,454,4132291,2743856,536785,385663,27,70526,153,3.9
2024-01,1067,Branch 1067,South,8306,782,5279189,3647427,621193,413452,22,57004,55,4.4
2024-01,1068,Branch 1068,East,7626,457,5177535,3550878,613479,424730,20,70930,85,4.4
2024-01,1069,Branch 1069,West,9049,611,6049630,3633776,735838,496034,28,85997,160,4.0
2024-01,1070,Branch 1070,Central,9233,544,4609246,3366465,662533,411286,27,91811,111,4.3
2024-01,1071,Branch 1071,North,7761,486,4015193,2849721,497994,357846,24,48170,54,4.4
2024-01,1072,Branch 1072,South,7843,588,4233700,2495387,459621,289600,27,59182,86,4.2
2024-01,1073,Branch 1073,East,7933,753,5037382,3141923,556072,358255,25,56875,117,4.1
2024-01,1074,Branch 1074,West,9107,715,5193362,3396676,593612,376134,30,67178,118,4.3
2024-01,1075,Branch 1075,Central,9082,452,5264715,3449840,653388,427311,27,73950,107,4.1
2024-01,1076,Branch 1076,North,8410,789,4575384,3425411,615369,405620,24,72339,165,4.1
2024-01,1077,Branch 1077,South,7451,690,3935266,2475389,492716,409277,21,49649,110,3.8
2024-01,1078,Branch 1078,East,9050,472,4757006,3096523,537263,344542,25,71226,171,4.1
2024-01,1079,Branch 1079,West,8631,571,4804172,3539418,529066,362370,24,67621,74,4.4
2024-01,1080,Branch 1080,Central,8916,492,5748319,3032232,579639,450432,25,67582,174,4.1
2024-01,1081,Branch 1081,North,8021,382,5379577,3282044,731348,557111,23,51249,124,4.2
2024-01,1082,Branch 1082,South,7365,393,4296243,2255964,451967,353787,20,60667,100,4.0
2024-01,1083,Branch 1083,East,8731,741,5480079,3605673,666605,429369,29,83039,123,4.3
2024-01,1084,Branch 1084,West,9365,732,5771370,3624340,616428,465102,27,89814,183,3.8
2024-01,1085,Branch 1085,Central,9610,767,5953105,4255192,780007,582377,30,62706,61,4.1
2024-01,1086,Branch 1086,North,9072,585,5513272,3836343,673807,541008,27,69510,152,4.2
2024-01,1087,Branch 1087,South,8597,741,4856236,2923292,492339,341109,25,79800,162,4.3
2024-01,1088,Branch 1088,East,8188,417,3940102,2951483,429925,323440,23,77887,133,4.1
2024-01,1089,Branch 1089,West,9630,588,4693764,3114675,515429,322937,29,78088,71,4.3
2024-01,1090,Branch 1090,Central,8295,649,4225850,2606724,543501,395779,23,75509,58,4.5
2024-01,1091,Branch 1091,North,9048,442,5611734,3751912,586105,454372,28,78215,159,4.0
2024-01,1092,Branch 1092,South,9710,676,4975597,2755148,588401,473404,28,77865,107,4.3
2024-01,1093,Branch 1093,East,7933,433,4564854,2790431,491680,367937,24,74098,103,4.2
2024-01,1094,Branch 1094,West,8171,506,5060053,3194439,512925,396903,23,58914,60,4.2
2024-01,1095,Branch 1095,Central,8854,553,5401047,3051394,629079,455235,28,55858,62,4.0
2024-01,1096,Branch 1096,North,9694,489,6034229,3910901,702910,463084,28,78886,174,4.1
2024-01,1097,Branch 1097,South,7675,548,3809320,2285278,442507,285448,21,55450,69,4.5
2024-01,1098,Branch 1098,East,7358,519,4393764,3102463,615568,438276,23,60145,125,4.1
2024-01,1099,Branch 1099,West,10510,912,5297777,3733603,593009,487707,30,63567,198,4.2
2024-01,1100,Branch 1100,Central,10136,771,5388715,3806622,624548,446739,31,84105,202,4.0
2024-02,1001,Branch 1001,North,9872,802,6278624,3397858,735323,550896,32,80269,98,4.5
2024-02,1002,Branch 1002,South,8272,656,4134676,3067095,522286,373307,25,75364,138,4.4
2024-02,1003,Branch 1003,East,9103,739,5845433,3639898,794451,533504,26,72441,113,4.0
2024-02,1004,Branch 1004,West,8651,800,4206690,2229395,409738,343928,27,70913,55,4.2
2024-02,1005,Branch 1005,Central,9068,687,5242311,2839783,606207,400758,24,61493,54,4.3
2024-02,1006,Branch 1006,North,10280,830,6618891,4777898,936443,727632,31,80506,128,4.3
2024-02,1007,Branch 1007,South,7371,454,3793383,2587348,526139,388225,20,68916,124,3.7
2024-02,1008,Branch 1008,East,7900,417,5117401,2681221,605409,435228,26,68638,151,4.2
2024-02,1009,Branch 1009,West,8122,766,5066182,3935410,659658,468518,24,52273,67,4.1
2024-02,1010,Branch 1010,Central,7781,614,4985275,3140455,693692,446115,22,64306,118,4.3
2024-02,1011,Branch 1011,North,10604,610,5349007,3706108,654832,431905,31,93422,128,3.8
2024-02,1012,Branch 1012,South,8075,637,4756342,3182013,543334,360079,22,59059,123,4.0
2024-02,1013,Branch 1013,East,7468,618,4633305,2501638,475767,347643,20,58908,105,4.3
2024-02,1014,Branch 1014,West,8215,470,4025550,2765972,431587,313668,25,67892,93,4.0
2024-02,1015,Branch 1015,Central,9189,847,5171302,2777799,697635,489511,25,80897,168,4.4
2024-02,1016,Branch 1016,North,8035,413,5075803,2688173,675952,484627,23,65036,104,4.3
2024-02,1017,Branch 1017,South,9494,681,5033559,3164181,544517,392823,26,92936,63,4.4
2024-02,1018,Branch 1018,East,8836,686,4382915,3044563,580277,417758,24,68989,134,4.4
2024-02,1019,Branch 1019,West,8192,689,5146016,3131774,653980,503133,23,70779,144,4.4
2024-02,1020,Branch 1020,Central,8102,584,5192290,4043628,723012,482040,27,53079,151,4.5
2024-02,1021,Branch 1021,North,9974,761,5373812,4054173,659315,510465,32,73976,192,4.1
2024-02,1022,Branch 1022,South,8061,369,4988423,2721912,662540,465257,21,73802,118,4.3
2024-02,1023,Branch 1023,East,7880,578,5299359,3067274,640975,443905,26,72899,62,4.4
2024-02,1024,Branch 1024,West,7779,590,4738011,2952362,576624,411439,23,74590,129,3.9
2024-02,1025,Branch 1025,Central,8362,700,4514900,3204641,595373,444125,23,75109,106,4.5
2024-02,1026,Branch 1026,North,9363,780,6019796,3439272,655215,407607,26,92986,96,4.2
2024-02,1027,Branch 1027,South,8565,518,5604795,4317429,626642,398509,25,54984,135,4.3
2024-02,1028,Branch 1028,East,9972,919,6432376,3865916,829329,528204,32,86685,80,4.2
2024-02,1029,Branch 1029,West,9905,465,6774969,3893821,703389,442883,27,81709,164,4.1
2024-02,1030,Branch 1030,Central,8569,681,5068639,3234558,504466,338823,27,79373,78,4.4
2024-02,1031,Branch 1031,North,10383,945,7020623,4893153,935009,728549,34,81444,121,4.2
2024-02,1032,Branch 1032,South,10491,732,5240041,3364244,507408,318457,29,103320,100,4.5
2024-02,1033,Branch 1033,East,7032,340,3914408,2275250,533388,421774,20,50462,46,4.1
2024-02,1034,Branch 1034,West,9414,763,4716271,2587734,508919,373255,28,72666,107,4.5
2024-02,1035,Branch 1035,Central,8342,526,5023568,3472625,641037,413877,24,66444,137,4.2
2024-02,1036,Branch 1036,North,7273,558,4144916,2767660,542454,388272,23,62419,130,4.2
2024-02,1037,Branch 1037,South,10103,854,6063379,3767039,669257,540271,33,64420,150,4.5
2024-02,1038,Branch 1038,East,9374,614,5817277,3258283,718302,465180,31,79851,177,4.2
2024-02,1039,Branch 1039,West,7878,506,5391516,3616977,538666,351837,24,50640,120,4.1
2024-02,1040,Branch 1040,Central,8850,548,4819585,3065357,536794,403572,29,73357,162,4.1
2024-02,1041,Branch 1041,North,9928,781,5074801,3790308,643676,439203,29,86202,139,4.4
2024-02,1042,Branch 1042,South,8146,590,5433273,3744220,584427,373695,24,74656,142,4.0
2024-02,1043,Branch 1043,East,8320,393,4777734,3278760,609888,431762,26,80299,53,4.1
2024-02,1044,Branch 1044,West,10502,600,6017946,4549002,736367,601926,29,88003,149,4.1
2024-02,1045,Branch 1045,Central,9340,632,5123681,3323419,667710,467004,30,65866,143,4.2
2024-02,1046,Branch 1046,North,9275,754,6221091,4416756,778843,517239,29,86606,80,4.5
2024-02,1047,Branch 1047,South,7589,583,3978332,2417574,445695,278951,21,63222,61,4.5
2024-02,1048,Branch 1048,East,9921,495,6091698,4608702,706485,539300,29,82657,103,4.2
2024-02,1049,Branch 1049,West,8348,511,4650216,3348293,563693,385241,28,66794,98,3.9
2024-02,1050,Branch 1050,Central,8976,846,4516219,2771677,618497,454069,28,57160,94,4.2
2024-02,1051,Branch 1051,North,8720,419,5004850,3400295,652244,411026,25,55864,114,4.3
2024-02,1052,Branch 1052,South,8487,740,4528070,2643842,615151,425319,26,61694,150,4.1
2024-02,1053,Branch 1053,East,8419,779,4687736,2580685,619232,472104,23,83887,152,4.0
2024-02,1054,Branch 1054,West,9543,583,5601563,4351970,734477,611227,32,66143,89,4.3
2024-02,1055,Branch 1055,Central,8516,695,5098511,2795352,524976,411277,28,76635,91,4.3
2024-02,1056,Branch 1056,North,10206,528,5268334,3854116,742250,529189,27,93825,190,4.5
2024-02,1057,Branch 1057,South,10024,640,6146497,4073416,662130,430789,28,92353,152,4.1
2024-02,1058,Branch 1058,East,8115,380,4445754,3237746,473786,393252,24,70783,93,4.3
2024-02,1059,Branch 1059,West,8323,509,5253355,3500283,677463,565231,23,66875,113,4.3
2024-02,1060,Branch 1060,Central,9103,780,5403696,2926480,664270,429773,30,76169,149,4.2
2024-02,1061,Branch 1061,North,10624,673,6135503,3278246,680392,525266,34,95909,104,4.2
2024-02,1062,Branch 1062,South,9794,835,6136870,4409957,786802,630330,30,65582,109,4.2
2024-02,1063,Branch 1063,East,8218,681,4356904,2469044,450076,370349,27,61001,70,4.2
2024-02,1064,Branch 1064,West,8247,402,5051576,3889524,593851,401769,23,52206,164,4.3
2024-02,1065,Branch 1065,Central,8083,620,4179723,2229247,407803,299990,23,73179,87,4.4
2024-02,1066,Branch 1066,North,8318,611,5645499,4135996,688389,545294,24,71282,124,4.2
2024-02,1067,Branch 1067,South,8396,624,5309279,3444705,744437,544625,27,61172,160,4.0
2024-02,1068,Branch 1068,East,8466,451,4211667,3284743,431287,287753,25,65311,131,4.5
2024-02,1069,Branch 1069,West,9817,565,5144586,2929793,543952,343512,30,72186,171,3.8
2024-02,1070,Branch 1070,Central,10373,786,5867692,4356521,773492,481323,34,71901,189,4.1
2024-02,1071,Branch 1071,North,7670,504,4869843,3119528,617580,503844,22,60260,125,3.9
2024-02,1072,Branch 1072,South,8044,647,4564951,2425982,477809,389638,24,59501,49,4.4
2024-02,1073,Branch 1073,East,8945,462,5169750,3972551,562427,469840,27,67516,134,4.0
2024-02,1074,Branch 1074,West,9506,500,5755990,3561705,726507,465605,30,92292,84,4.4
2024-02,1075,Branch 1075,Central,8988,647,4897525,3160896,509169,391573,26,76254,142,4.2
2024-02,1076,Branch 1076,North,8038,703,4671657,3371862,672842,450302,22,57016,132,4.1
2024-02,1077,Branch 1077,South,7458,380,4317004,2732605,505939,314763,21,61507,78,4.3
2024-02,1078,Branch 1078,East,8885,568,5820150,3542405,834490,674373,24,69647,54,4.4
2024-02,1079,Branch 1079,West,8970,703,5026842,3358148,589755,412843,26,66396,87,4.6
2024-02,1080,Branch 1080,Central,8779,695,5648921,3016197,768957,522798,25,78807,142,4.2
2024-02,1081,Branch 1081,North,8055,666,4669659,3400230,502846,375591,23,77424,116,4.2
2024-02,1082,Branch 1082,South,7786,446,4839451,3061909,657352,485291,21,57261,105,4.4
2024-02,1083,Branch 1083,East,9390,854,5644983,3112061,571012,373248,25,83273,110,4.3
2024-02,1084,Branch 1084,West,9894,627,6276411,4028974,697915,463420,29,64290,152,4.2
2024-02,1085,Branch 1085,Central,10114,943,5503103,3879787,704000,437557,33,82151,111,4.2
2024-02,1086,Branch 1086,North,8746,557,4826141,3578965,604691,384342,26,66698,115,4.3
2024-02,1087,Branch 1087,South,8645,814,5832857,3622909,630055,483633,29,76457,170,4.2
2024-02,1088,Branch 1088,East,9056,491,5935105,4398113,618675,423383,29,90524,134,4.2
2024-02,1089,Branch 1089,West,10863,666,7362270,4457868,860227,717927,35,75046,103,4.4
2024-02,1090,Branch 1090,Central,8382,424,4071484,2924439,504149,414998,28,63064,120,4.3
2024-02,1091,Branch 1091,North,8749,400,4339073,2993511,456711,378589,25,82024,93,4.1
2024-02,1092,Branch 1092,South,9910,833,5262437,2761789,711988,509425,32,80823,128,4.3
2024-02,1093,Branch 1093,East,8275,583,5127760,3069182,729837,481576,22,61584,133,4.2
2024-02,1094,Branch 1094,West,9446,581,6212359,4234095,633355,408838,31,85969,102,4.3
2024-02,1095,Branch 1095,Central,9119,533,6043451,3993182,694535,478228,25,80204,133,4.1
2024-02,1096,Branch 1096,North,9672,800,5647158,3722119,759830,484583,29,72491,192,4.0
2024-02,1097,Branch 1097,South,8664,442,5846922,4087326,791833,515297,29,81450,116,4.3
2024-02,1098,Branch 1098,East,7877,386,4437817,2441185,600167,397938,23,62514,144,4.2
2024-02,1099,Branch 1099,West,10794,487,5861039,3245638,765466,497704,29,99636,152,4.4
2024-02,1100,Branch 1100,Central,10758,977,7083279,4477147,774091,614683,30,67091,193,4.1
2024-03,1001,Branch 1001,North,9624,908,5029661,3901765,584002,477995,29,89176,107,4.2
2024-03,1002,Branch 1002,South,8337,740,4704807,3220238,529314,417186,25,79955,163,3.9
2024-03,1003,Branch 1003,East,9374,508,4854775,3299057,555372,397096,28,64245,144,3.8
2024-03,1004,Branch 1004,West,8548,808,5480478,3628733,609211,497817,27,82257,77,4.5
2024-03,1005,Branch 1005,Central,9326,531,5868428,4068391,679535,533039,29,92373,95,4.5
2024-03,1006,Branch 1006,North,10490,648,5384599,2896686,685433,446142,28,72027,113,4.1
2024-03,1007,Branch 1007,South,7877,487,4595906,2751531,605820,457749,21,76220,105,4.1
2024-03,1008,Branch 1008,East,8125,688,5600602,3362555,589786,380588,27,66760,60,4.3
2024-03,1009,Branch 1009,West,8460,518,5728725,4076277,729126,519211,24,72102,138,3.9
2024-03,1010,Branch 1010,Central,7726,681,4604961,3334856,504278,326749,26,70320,83,4.4
2024-03,1011,Branch 1011,North,10237,515,6508587,4360512,649751,426488,30,81940,138,4.1
2024-03,1012,Branch 1012,South,7632,721,4094256,3033165,540208,423999,21,58091,135,4.5
2024-03,1013,Branch 1013,East,7522,577,4123545,2757404,538382,432716,22,45279,91,3.9
2024-03,1014,Branch 1014,West,8958,446,4861343,3329125,537439,389357,30,70086,176,4.1
2024-03,1015,Branch 1015,Central,9599,555,5152969,3897435,633764,440053,25,79430,182,4.2
2024-03,1016,Branch 1016,North,7591,639,3783739,2578158,414286,327909,20,53307,62,4.4
2024-03,1017,Branch 1017,South,9420,517,4718293,3548634,588513,444662,27,72190,143,4.3
2024-03,1018,Branch 1018,East,9222,533,4601334,2550113,489995,315683,26,58189,133,4.3
2024-03,1019,Branch 1019,West,8471,497,4627458,2919224,508910,325068,25,70533,123,4.4
2024-03,1020,Branch 1020,Central,7569,479,4851218,3357744,640778,415338,22,48603,100,4.4
2024-03,1021,Branch 1021,North,9662,456,5356181,3012632,574432,466901,31,72523,106,4.4
2024-03,1022,Branch 1022,South,8070,390,5112151,2794067,528961,356879,25,54848,70,4.2
2024-03,1023,Branch 1023,East,8470,473,5105786,2776460,663451,517041,23,82389,119,4.2
2024-03,1024,Branch 1024,West,7537,591,4379096,2673169,520986,389060,20,51361,88,3.9
2024-03,1025,Branch 1025,Central,8656,718,5438624,3262395,607998,413032,23,71446,126,4.2
2024-03,1026,Branch 1026,North,10065,838,5557862,3714572,570083,421792,32,97073,161,4.3
2024-03,1027,Branch 1027,South,8772,793,4637202,3049570,556105,363594,28,72349,113,4.2
2024-03,1028,Branch 1028,East,10418,814,6644080,4703063,744189,513754,33,100944,66,4.2
2024-03,1029,Branch 1029,West,9977,558,6385851,4236724,664946,434577,30,89635,88,4.3
2024-03,1030,Branch 1030,Central,8455,545,4331417,2318622,567456,401175,23,55921,52,4.4
2024-03,1031,Branch 1031,North,10358,786,6982964,4105925,869701,601679,32,73636,201,4.1
2024-03,1032,Branch 1032,South,10477,940,7182902,5106343,973319,681353,34,87987,168,4.1
2024-03,1033,Branch 1033,East,8070,594,3967767,2913063,420384,266950,27,55472,53,4.5
2024-03,1034,Branch 1034,West,9612,892,6002823,3491572,722377,508801,31,59892,85,4.4
2024-03,1035,Branch 1035,Central,8228,757,5314581,3708362,769249,484112,22,75196,54,4.1
2024-03,1036,Branch 1036,North,7741,411,4922549,2585317,601805,414544,22,74396,153,4.4
2024-03,1037,Branch 1037,South,10059,610,6332930,3729213,638476,515668,32,97558,91,4.4
2024-03,1038,Branch 1038,East,9661,795,6441352,4202581,888883,715849,27,76871,161,4.2
2024-03,1039,Branch 1039,West,8661,456,5637857,3762646,635344,425262,26,72792,137,4.1
2024-03,1040,Branch 1040,Central,9192,470,6251999,4143325,689101,445773,26,71521,107,4.3
2024-03,1041,Branch 1041,North,9438,549,6310424,4690236,678120,498299,26,60408,135,4.2
2024-03,1042,Branch 1042,South,8256,632,5236358,2802413,582649,403997,25,75356,89,4.5
2024-03,1043,Branch 1043,East,8236,376,4766844,3204325,598041,433587,23,72231,118,4.4
2024-03,1044,Branch 1044,West,9712,701,5711568,3103478,753394,485710,31,58694,164,4.1
2024-03,1045,Branch 1045,Central,9971,771,6090017,3221210,710204,494971,27,76099,121,4.3
2024-03,1046,Branch 1046,North,10032,454,6730711,5132892,825764,513205,32,68767,66,4.5
2024-03,1047,Branch 1047,South,7483,437,4439955,3061840,513109,430167,21,55218,59,4.3
2024-03,1048,Branch 1048,East,10002,472,6179971,4750775,751042,617527,33,90227,104,4.1
2024-03,1049,Branch 1049,West,8224,442,5519545,3163272,723553,502946,26,55738,159,4.3
2024-03,1050,Branch 1050,Central,8840,821,5118150,3766516,713901,457288,26,53830,139,4.2
2024-03,1051,Branch 1051,North,9351,624,6307900,3555442,794162,511194,30,59198,115,4.1
2024-03,1052,Branch 1052,South,8272,478,4280062,2704260,490340,334247,22,58536,71,4.1
2024-03,1053,Branch 1053,East,8528,706,4347263,2524640,510801,419289,23,59995,66,4.5
2024-03,1054,Branch 1054,West,9644,608,6167184,4763904,700950,527620,27,59079,97,4.4
2024-03,1055,Branch 1055,Central,8201,589,4738026,3175058,492679,337983,24,54680,62,4.5
2024-03,1056,Branch 1056,North,10743,821,5882204,4189465,730986,607183,31,92789,213,3.9
2024-03,1057,Branch 1057,South,10024,834,6615634,5093643,917578,571860,31,75291,120,4.1
2024-03,1058,Branch 1058,East,7942,531,5048303,3313477,655929,432983,23,57768,49,4.4
2024-03,1059,Branch 1059,West,7853,623,5305424,3465644,603877,458639,25,53481,105,4.0
2024-03,1060,Branch 1060,Central,9315,577,4780550,2876683,577351,409410,26,81300,90,4.3
2024-03,1061,Branch 1061,North,10106,715,4999092,2849729,672902,455783,28,100342,111,4.4
2024-03,1062,Branch 1062,South,9852,734,6290427,3714149,812791,601768,33,67401,130,4.0
2024-03,1063,Branch 1063,East,9160,793,4730551,2729108,575080,398311,27,61398,149,4.1
2024-03,1064,Branch 1064,West,8324,772,4195105,2455966,538445,393369,23,60447,129,4.4
2024-03,1065,Branch 1065,Central,8161,544,4754588,2858630,549312,455954,23,77688,89,4.4
2024-03,1066,Branch 1066,North,9412,802,5406855,3163950,695393,480477,25,60163,150,4.5
2024-03,1067,Branch 1067,South,8673,442,5515757,3897236,702852,572900,25,69341,141,4.3
2024-03,1068,Branch 1068,East,8827,638,4959775,2746949,576891,374288,26,74801,131,4.1
2024-03,1069,Branch 1069,West,9699,799,6282978,3543281,718198,569598,29,65578,150,4.3
2024-03,1070,Branch 1070,Central,10015,786,6196321,3352037,776027,592650,29,78604,102,4.2
2024-03,1071,Branch 1071,North,7960,531,4667258,2846075,611991,389841,24,62290,94,4.3
2024-03,1072,Branch 1072,South,7456,610,4074890,2139368,407755,316036,23,52583,139,4.2
2024-03,1073,Branch 1073,East,8752,589,5188657,3027530,561861,443676,25,73240,159,4.0
2024-03,1074,Branch 1074,West,9323,699,4858188,3434151,529867,371660,27,56675,161,4.1
2024-03,1075,Branch 1075,Central,10121,764,6250446,3259369,779569,633169,28,90782,155,4.1
2024-03,1076,Branch 1076,North,8698,573,4764342,3553917,530418,331106,23,61444,167,4.2
2024-03,1077,Branch 1077,South,7983,657,5118061,3570396,643262,427278,23,76956,136,4.4
2024-03,1078,Branch 1078,East,9622,802,6045171,3857773,792247,596448,26,70351,87,4.2
2024-03,1079,Branch 1079,West,9487,458,4973141,3780433,570807,404150,30,92114,147,4.4
2024-03,1080,Branch 1080,Central,8920,665,5653299,4111202,770535,614841,25,85793,57,4.3
2024-03,1081,Branch 1081,North,8337,464,5523678,3428684,612624,512493,27,53072,157,4.1
2024-03,1082,Branch 1082,South,7752,431,3996072,3025776,479336,352171,25,51789,121,3.9
2024-03,1083,Branch 1083,East,9296,663,4731896,3510373,556811,460331,25,81147,68,3.9
2024-03,1084,Branch 1084,West,9175,848,5286741,2973677,539286,349970,27,64124,144,4.1
2024-03,1085,Branch 1085,Central,9781,505,6669816,5136049,951047,631087,30,70583,88,4.5
2024-03,1086,Branch 1086,North,9377,528,6173970,3212722,685914,560493,30,59908,70,4.1
2024-03,1087,Branch 1087,South,8609,801,4345618,2764390,524459,433198,27,67991,120,4.4
2024-03,1088,Branch 1088,East,8821,516,4358424,2680121,435875,344682,27,57028,123,4.1
2024-03,1089,Branch 1089,West,10829,521,5705862,3582901,809856,652435,36,76207,112,4.1
2024-03,1090,Branch 1090,Central,9208,716,4853824,2570830,495351,331573,29,84828,180,4.0
2024-03,1091,Branch 1091,North,9636,890,6656994,4507475,716736,483361,29,83756,63,4.2
2024-03,1092,Branch 1092,South,9386,479,5556535,2914499,699729,580528,29,87809,126,4.2
2024-03,1093,Branch 1093,East,8429,657,5647533,4029178,802380,514169,28,59204,81,4.1
2024-03,1094,Branch 1094,West,9266,447,5274945,4097495,626138,485388,27,83757,102,4.1
2024-03,1095,Branch 1095,Central,9494,586,4946557,3426049,610991,485747,31,63869,150,4.1
2024-03,1096,Branch 1096,North,10741,507,6926724,5101168,805386,576125,30,107048,122,4.2
2024-03,1097,Branch 1097,South,8124,599,5447968,3956260,705505,585494,25,62657,79,4.2
2024-03,1098,Branch 1098,East,7671,416,3921032,2652520,498012,407366,24,54476,69,4.3
2024-03,1099,Branch 1099,West,10119,641,6129874,3841291,742194,530249,27,70462,191,4.0
2024-03,1100,Branch 1100,Central,10651,635,6234120,3761856,647865,543941,29,94549,159,4.3
2024-04,1001,Branch 1001,North,10328,718,5416994,3457909,674575,528491,33,63747,126,4.2
2024-04,1002,Branch 1002,South,9021,451,5695392,3116985,589160,382864,25,77573,75,4.3
2024-04,1003,Branch 1003,East,9417,594,6308147,4803726,809535,505022,31,92221,170,4.0
2024-04,1004,Branch 1004,West,9560,795,6461431,3425545,809535,506649,26,59112,61,4.5
2024-04,1005,Branch 1005,Central,9552,825,6526449,4843463,742496,595626,30,84979,176,3.9
2024-04,1006,Branch 1006,North,10939,888,6418189,4252371,822326,671931,31,74268,109,4.3
2024-04,1007,Branch 1007,South,8341,534,5079500,3405115,535987,422355,26,65080,62,4.4
2024-04,1008,Branch 1008,East,7642,635,4381088,3231598,496597,342642,26,72782,138,4.1
2024-04,1009,Branch 1009,West,8284,380,5474868,3583898,649118,451528,24,72669,158,4.3
2024-04,1010,Branch 1010,Central,8297,573,4893816,3669460,672561,473388,28,62609,128,4.1
2024-04,1011,Branch 1011,North,10757,659,6091010,4645764,815976,577355,29,89757,156,4.2
2024-04,1012,Branch 1012,South,8199,532,4690431,3548760,518396,428063,22,60246,106,4.2
2024-04,1013,Branch 1013,East,8289,668,5179779,2760196,518280,402032,27,80853,159,4.0
2024-04,1014,Branch 1014,West,8542,418,4878673,3136958,614451,495005,23,80821,93,4.4
2024-04,1015,Branch 1015,Central,9745,518,6266924,3875851,612948,403929,26,83292,88,4.2
2024-04,1016,Branch 1016,North,8407,525,4957698,3454304,564895,470972,25,56785,62,4.4
2024-04,1017,Branch 1017,South,10001,930,6748423,3945244,791878,636185,29,84764,115,4.3
2024-04,1018,Branch 1018,East,8347,382,4223204,2345376,555839,436092,23,71652,112,4.3
2024-04,1019,Branch 1019,West,8166,464,4235649,2307099,573310,369348,22,69031,81,4.3
2024-04,1020,Branch 1020,Central,7998,464,5363880,4160473,564022,373288,24,61439,103,3.9
2024-04,1021,Branch 1021,North,10407,494,5146098,2979312,604124,436373,32,81316,164,4.4
2024-04,1022,Branch 1022,South,8051,584,4806527,2555053,491357,380173,25,48476,87,4.1
2024-04,1023,Branch 1023,East,8119,563,4699248,3541044,626670,461958,26,65021,57,4.1
2024-04,1024,Branch 1024,West,7683,571,4806266,2840065,631237,451805,23,56235,153,4.2
2024-04,1025,Branch 1025,Central,8464,570,5286508,2854054,634003,481392,23,53722,163,4.0
2024-04,1026,Branch 1026,North,9471,773,5670795,3896535,791863,630516,30,94436,139,4.0
2024-04,1027,Branch 1027,South,9439,563,5878516,4438842,614169,407495,27,67924,142,4.4
2024-04,1028,Branch 1028,East,10515,968,6013224,4082163,644386,413815,29,72074,113,4.4
2024-04,1029,Branch 1029,West,10093,654,6400926,4750999,729245,465989,28,69859,103,4.3
2024-04,1030,Branch 1030,Central,9023,618,4615985,3444251,606094,417555,29,78527,134,4.1
2024-04,1031,Branch 1031,North,10343,703,5338705,2868036,567273,450286,28,101281,195,4.1
2024-04,1032,Branch 1032,South,10621,790,5543905,3210971,748736,484190,35,93069,73,4.3
2024-04,1033,Branch 1033,East,7405,615,4076996,2971656,534422,372723,23,45282,67,4.0
2024-04,1034,Branch 1034,West,9987,866,6321361,4675379,851474,605753,29,62527,143,4.2
2024-04,1035,Branch 1035,Central,7934,645,4299946,2904429,528104,368793,23,75697,71,4.2
2024-04,1036,Branch 1036,North,8008,502,5475282,4180673,621647,418907,22,57173,98,4.1
2024-04,1037,Branch 1037,South,10119,605,6574903,4625190,830082,563758,29,77345,111,4.1
2024-04,1038,Branch 1038,East,8900,578,5119806,2802823,677174,442316,28,88569,124,4.5
2024-04,1039,Branch 1039,West,8059,514,4868150,3553861,517799,372046,26,52454,66,4.2
2024-04,1040,Branch 1040,Central,9121,709,5088580,3337162,689443,539326,28,62339,106,4.1
2024-04,1041,Branch 1041,North,9892,872,6524417,4850200,872961,623322,31,90926,141,4.1
2024-04,1042,Branch 1042,South,8254,402,4696002,3643895,519253,404191,23,65307,162,4.2
2024-04,1043,Branch 1043,East,8521,762,4832799,2983476,517998,390023,24,79964,143,4.5
2024-04,1044,Branch 1044,West,9929,811,5626340,3613448,761794,584467,29,63004,147,4.5
2024-04,1045,Branch 1045,Central,10683,808,6619918,4603946,893682,679527,32,79344,156,4.2
2024-04,1046,Branch 1046,North,10052,634,5854651,4342526,731899,458003,28,62787,126,4.1
2024-04,1047,Branch 1047,South,7683,416,3837341,2372949,470679,333310,25,72109,99,4.3
2024-04,1048,Branch 1048,East,10229,658,5188590,2847933,563366,411855,29,63757,86,4.4
2024-04,1049,Branch 1049,West,8260,541,4071518,3159226,524053,334268,23,66512,63,4.4
2024-04,1050,Branch 1050,Central,9417,883,5455126,3715008,627949,432089,25,84205,156,4.1
2024-04,1051,Branch 1051,North,9802,643,5632930,3491606,704533,487684,27,71938,104,4.1
2024-04,1052,Branch 1052,South,9122,824,5341254,3454605,597545,493342,28,67267,63,4.4
2024-04,1053,Branch 1053,East,8242,432,4595407,3108061,485773,341580,22,78396,56,4.2
2024-04,1054,Branch 1054,West,9277,706,5632061,2929015,745026,545650,26,89267,182,3.8
2024-04,1055,Branch 1055,Central,8804,461,4711743,3344483,671136,472560,26,69371,85,4.2
2024-04,1056,Branch 1056,North,10411,921,5859960,4405015,701162,450735,32,89830,100,4.1
2024-04,1057,Branch 1057,South,10216,777,6062616,3781703,785957,654664,33,92113,93,4.5
2024-04,1058,Branch 1058,East,8307,737,4753475,3045778,576865,369561,26,65761,145,4.1
2024-04,1059,Branch 1059,West,7964,615,5260058,2821479,708331,556731,23,76286,69,4.2
2024-04,1060,Branch 1060,Central,9917,539,6529440,3776678,863292,626573,26,75619,73,4.1
2024-04,1061,Branch 1061,North,11084,658,5514501,3388226,594410,475184,33,100604,139,4.1
2024-04,1062,Branch 1062,South,9980,791,6749284,4973433,990994,710901,26,62267,72,4.5
2024-04,1063,Branch 1063,East,8708,747,5016795,3458923,596110,393078,26,80226,71,4.4
2024-04,1064,Branch 1064,West,7901,537,3965754,2335002,506829,425501,23,64899,84,4.2
2024-04,1065,Branch 1065,Central,8582,473,5817890,4336897,714923,520250,27,51762,117,4.3
2024-04,1066,Branch 1066,North,9260,448,5036692,3125487,530203,372436,30,70106,94,4.5
2024-04,1067,Branch 1067,South,9039,766,4666496,3393779,516162,345276,27,61085,121,4.3
2024-04,1068,Branch 1068,East,8643,566,5659744,4377069,781548,540389,27,71494,80,4.3
2024-04,1069,Branch 1069,West,9712,680,6276250,3294662,747550,582568,27,73922,158,4.2
2024-04,1070,Branch 1070,Central,10352,672,7010865,4426785,886614,619867,34,91290,128,4.2
2024-04,1071,Branch 1071,North,8408,512,5491627,3200619,610594,402979,24,69820,135,4.2
2024-04,1072,Branch 1072,South,7595,633,5218486,3648482,554218,462365,21,73124,82,4.4
2024-04,1073,Branch 1073,East,8828,765,5118403,3261280,709059,461797,30,54210,106,4.2
2024-04,1074,Branch 1074,West,9573,804,4815516,3390027,654399,418967,31,75851,148,4.5
2024-04,1075,Branch 1075,Central,9679,803,4930038,3555426,522975,400592,28,76234,104,3.9
2024-04,1076,Branch 1076,North,8770,397,5828331,3578828,618838,388196,28,52969,73,4.3
2024-04,1077,Branch 1077,South,8656,798,4861075,3127545,655627,409788,24,68591,168,4.2
2024-04,1078,Branch 1078,East,10083,869,5291222,3725802,546397,424177,28,90484,67,4.6
2024-04,1079,Branch 1079,West,9667,767,5489182,3012115,594543,390063,29,69256,114,4.3
2024-04,1080,Branch 1080,Central,9531,530,6582441,4662594,851009,643835,31,86557,166,4.2
2024-04,1081,Branch 1081,North,9154,651,5678759,3209531,724336,579897,24,82502,142,4.1
2024-04,1082,Branch 1082,South,7707,404,5201490,2857603,606650,412847,25,62283,59,4.5
2024-04,1083,Branch 1083,East,9451,456,5750181,3545828,707693,501590,30,83831,63,4.4
2024-04,1084,Branch 1084,West,10076,908,5535610,4093037,666103,438473,34,66642,158,4.5
2024-04,1085,Branch 1085,Central,9841,777,5850199,3713763,724520,606176,29,87564,137,4.2
2024-04,1086,Branch 1086,North,9448,477,6575263,3881137,736406,505047,28,57432,125,4.0
2024-04,1087,Branch 1087,South,8396,419,5179758,3265291,680813,522908,28,59404,166,4.2
2024-04,1088,Branch 1088,East,8647,820,4772157,3713469,552266,396809,25,67078,61,4.3
2024-04,1089,Branch 1089,West,10206,930,6011726,4110877,640167,463469,29,65691,65,4.2
2024-04,1090,Branch 1090,Central,9537,587,5552315,4081421,789109,530539,31,83778,104,4.1
2024-04,1091,Branch 1091,North,9031,845,5648498,3100427,631379,442265,26,66499,93,4.3
2024-04,1092,Branch 1092,South,10489,780,6524737,3547814,779533,495387,29,97541,140,4.3
2024-04,1093,Branch 1093,East,8292,637,4599030,2957623,544643,447261,28,59099,137,4.2
2024-04,1094,Branch 1094,West,9069,408,5577882,3651234,593350,483650,25,86192,148,4.2
2024-04,1095,Branch 1095,Central,9177,665,4598896,3107424,671502,536434,25,73028,65,4.5
2024-04,1096,Branch 1096,North,10913,957,7389764,4906501,948609,765671,31,77669,154,4.6
2024-04,1097,Branch 1097,South,8372,430,5387163,4048746,598958,434177,23,54456,115,4.1
2024-04,1098,Branch 1098,East,8218,525,5400920,3874217,623659,389596,24,59876,96,4.5
2024-04,1099,Branch 1099,West,10763,744,6075015,3729878,669128,513943,31,93220,161,4.3
2024-04,1100,Branch 1100,Central,11123,1001,5637814,3076154,675740,559609,31,74875,89,4.5
2024-05,1001,Branch 1001,North,9787,826,6726929,5067644,869134,666086,30,68572,58,4.2
2024-05,1002,Branch 1002,South,8564,481,4490075,3038082,478485,347065,23,79298,143,4.2
2024-05,1003,Branch 1003,East,9477,875,6045461,4689756,617936,455006,32,78984,179,4.2
2024-05,1004,Branch 1004,West,9697,577,5155327,3471096,599804,476065,27,90470,173,4.2
2024-05,1005,Branch 1005,Central,10202,523,6694188,3533884,787010,513273,33,80212,200,4.2
2024-05,1006,Branch 1006,North,10076,840,6271618,4154671,649045,513117,33,96049,182,4.2
2024-05,1007,Branch 1007,South,7893,479,5254713,3731838,715576,557724,23,52930,82,4.2
2024-05,1008,Branch 1008,East,8002,415,5223611,3565197,610235,496666,23,79085,149,3.9
2024-05,1009,Branch 1009,West,8064,590,4713491,3227415,485568,342324,22,62060,67,4.3
2024-05,1010,Branch 1010,Central,8099,425,5606811,3630283,638530,421327,22,79765,55,4.4
2024-05,1011,Branch 1011,North,10585,956,5953827,3560712,650111,471010,31,101801,74,4.2
2024-05,1012,Branch 1012,South,7726,645,3962276,2130970,512573,324669,26,62907,60,4.2
2024-05,1013,Branch 1013,East,7984,481,4039053,2898219,545814,400653,23,51382,128,4.1
2024-05,1014,Branch 1014,West,9217,587,4597866,2805207,504191,419779,31,70162,56,4.3
2024-05,1015,Branch 1015,Central,9881,450,5541943,3533186,581264,451898,33,85556,105,4.3
2024-05,1016,Branch 1016,North,8444,743,5270875,3772208,755966,470730,25,67059,98,4.4
2024-05,1017,Branch 1017,South,9988,830,5413478,3872974,744806,462768,30,91254,142,4.4
2024-05,1018,Branch 1018,East,8911,456,4428771,3130755,575605,474739,25,55318,106,4.2
2024-05,1019,Branch 1019,West,8917,429,5527593,2919603,607897,469706,29,71148,139,4.4
2024-05,1020,Branch 1020,Central,8082,493,4237075,2244871,597309,471456,27,68346,148,4.1
2024-05,1021,Branch 1021,North,9685,597,5719466,3576765,722089,542898,27,77297,128,4.3
2024-05,1022,Branch 1022,South,7956,405,4481255,2588141,587197,378210,23,67728,73,4.2
2024-05,1023,Branch 1023,East,8884,747,6027011,4466576,824364,635754,28,60457,163,4.4
2024-05,1024,Branch 1024,West,7823,439,4807315,2557869,662558,462877,22,75708,153,4.1
2024-05,1025,Branch 1025,Central,8636,600,5238565,3050686,666469,516819,23,59081,163,4.2
2024-05,1026,Branch 1026,North,10289,879,7085580,4403557,886671,658764,29,84942,113,4.3
2024-05,1027,Branch 1027,South,9282,634,5581490,4056024,651742,511580,29,87420,165,4.4
2024-05,1028,Branch 1028,East,10953,925,6523628,5004704,876702,578289,32,98824,109,4.1
2024-05,1029,Branch 1029,West,10595,827,6275858,4854645,902919,723667,32,68923,127,4.2
2024-05,1030,Branch 1030,Central,9140,678,6263982,4495334,682978,442168,29,90796,167,3.8
2024-05,1031,Branch 1031,North,10888,537,6780140,4283465,809083,567602,33,101636,190,3.9
2024-05,1032,Branch 1032,South,9893,664,6408140,3340379,727931,580477,32,90390,113,4.2
2024-05,1033,Branch 1033,East,7811,623,4326551,3124334,548381,375028,24,73365,141,4.3
2024-05,1034,Branch 1034,West,9210,430,5354994,3420778,695592,516869,27,73938,175,4.3
2024-05,1035,Branch 1035,Central,8317,575,4132066,3118846,433105,274951,24,57931,110,4.2
2024-05,1036,Branch 1036,North,8079,581,4343700,2606285,591817,401761,21,77215,104,4.1
2024-05,1037,Branch 1037,South,10478,688,5963629,3355389,804813,553002,28,64198,114,4.4
2024-05,1038,Branch 1038,East,9733,812,5175678,3933747,663849,433331,28,92120,106,4.0
2024-05,1039,Branch 1039,West,8952,831,5123120,3066376,670428,428229,30,79748,139,4.5
2024-05,1040,Branch 1040,Central,9733,521,5655202,3114366,665694,466812,27,85121,135,4.3
2024-05,1041,Branch 1041,North,10235,517,5865208,3945229,600261,485879,28,67601,95,4.5
2024-05,1042,Branch 1042,South,8679,636,5647669,4025274,764387,537736,23,54333,86,4.7
2024-05,1043,Branch 1043,East,8766,709,5703314,3581725,555423,366447,25,62520,79,4.5
2024-05,1044,Branch 1044,West,10632,968,6922147,4039257,909252,664224,35,101845,211,4.1
2024-05,1045,Branch 1045,Central,10213,629,6958169,4269590,754504,535991,32,89668,199,4.0
2024-05,1046,Branch 1046,North,9525,751,5666906,3541949,782192,589650,28,63676,161,4.4
2024-05,1047,Branch 1047,South,7682,706,4821895,3087861,545225,353348,21,73802,47,4.6
2024-05,1048,Branch 1048,East,10750,588,5410012,4133275,610435,379393,36,101223,183,4.0
2024-05,1049,Branch 1049,West,8824,793,6124591,4184025,757537,573746,30,61996,74,4.2
2024-05,1050,Branch 1050,Central,9217,773,4698005,3186785,627231,443553,28,56002,116,4.2
2024-05,1051,Branch 1051,North,9699,671,6557787,4169178,815604,623805,30,78618,100,4.3
2024-05,1052,Branch 1052,South,8698,799,5238598,3014497,520642,415932,26,82035,76,4.4
2024-05,1053,Branch 1053,East,8292,478,4261985,3218658,489657,348228,25,79822,142,4.1
2024-05,1054,Branch 1054,West,9339,457,4779622,2705773,541123,394758,28,60221,152,4.2
2024-05,1055,Branch 1055,Central,8675,723,5193436,3063863,641258,442195,24,56851,66,4.3
2024-05,1056,Branch 1056,North,11412,917,7665654,4442001,825182,663203,30,94425,119,4.2
2024-05,1057,Branch 1057,South,11296,988,7510095,5397953,1094289,752065,37,69241,220,4.3
2024-05,1058,Branch 1058,East,8333,466,4752561,3178310,669431,449234,24,57911,139,4.0
2024-05,1059,Branch 1059,West,8207,541,5258137,4085681,662899,428372,22,76949,141,4.1
2024-05,1060,Branch 1060,Central,9935,632,5041809,3815907,681830,555041,28,66846,73,4.4
2024-05,1061,Branch 1061,North,11590,569,6753876,4547579,775896,527054,34,99132,123,4.2
2024-05,1062,Branch 1062,South,9982,938,5254557,3634084,537863,403913,32,92977,80,4.4
2024-05,1063,Branch 1063,East,9213,693,5575891,3348432,753764,613457,31,84495,146,4.4
2024-05,1064,Branch 1064,West,7945,552,3980091,2601634,520674,342991,22,50390,85,4.1
2024-05,1065,Branch 1065,Central,8087,682,5181580,3551768,546455,447674,26,71568,77,4.1
2024-05,1066,Branch 1066,North,9240,684,5612521,4350879,755732,572584,24,78392,117,4.1
2024-05,1067,Branch 1067,South,9314,625,5832029,3809382,746034,589058,26,84639,79,4.4
2024-05,1068,Branch 1068,East,8958,818,5602574,3660757,779420,645993,30,62497,132,4.3
2024-05,1069,Branch 1069,West,9184,662,5895867,4080570,818812,549510,28,70086,153,4.4
2024-05,1070,Branch 1070,Central,11085,764,6568976,4301825,780620,544507,37,106773,128,4.3
2024-05,1071,Branch 1071,North,8370,563,4595683,3475251,509295,349221,24,67874,128,4.1
2024-05,1072,Branch 1072,South,7847,396,4700594,3098567,542829,365352,23,57563,109,4.6
2024-05,1073,Branch 1073,East,8712,756,5300314,3247357,691977,489097,28,76399,103,4.0
2024-05,1074,Branch 1074,West,9839,688,6701433,3688167,813398,586191,32,72562,130,4.3
2024-05,1075,Branch 1075,Central,9332,597,4898407,3812240,561935,390247,28,69216,109,4.3
2024-05,1076,Branch 1076,North,8888,541,5757564,4458910,821272,531379,28,83810,110,4.0
2024-05,1077,Branch 1077,South,8494,761,5702256,2977865,683959,454662,24,53057,133,4.4
2024-05,1078,Branch 1078,East,10155,709,5497559,2871890,612163,443288,31,66110,77,4.3
2024-05,1079,Branch 1079,West,8956,668,5492452,3430854,685559,510379,24,76115,170,4.1
2024-05,1080,Branch 1080,Central,9402,517,6365041,3538114,888174,593094,27,76692,64,4.0
2024-05,1081,Branch 1081,North,9337,795,6106604,4178573,667686,465907,29,86578,126,4.3
2024-05,1082,Branch 1082,South,8374,677,5165850,3831300,685903,439107,24,54395,139,4.3
2024-05,1083,Branch 1083,East,9603,751,5797344,3913551,750903,593883,26,84068,118,4.5
2024-05,1084,Branch 1084,West,9388,524,4677115,2516006,467549,302888,28,74655,116,4.2
2024-05,1085,Branch 1085,Central,10326,649,5286496,2866343,522616,410100,28,103154,204,3.8
2024-05,1086,Branch 1086,North,9693,658,5673051,3256101,759271,506744,25,78450,103,4.3
2024-05,1087,Branch 1087,South,8429,608,4587964,3165969,651707,483541,23,73341,66,4.5
2024-05,1088,Branch 1088,East,8752,708,4937026,3427725,585465,386333,23,53931,154,4.1
2024-05,1089,Branch 1089,West,10682,973,6262643,3556125,736269,473450,30,106676,138,4.4
2024-05,1090,Branch 1090,Central,9396,456,6046901,4483189,746924,621418,32,63997,86,4.2
2024-05,1091,Branch 1091,North,9329,729,4664553,3014597,654056,472074,26,83845,175,4.2
2024-05,1092,Branch 1092,South,10731,820,6678380,3822615,808245,645840,28,89457,194,4.0
2024-05,1093,Branch 1093,East,8418,562,5198196,3984208,711424,574054,23,57124,101,4.4
2024-05,1094,Branch 1094,West,9638,879,5009670,3325749,511814,349953,27,72084,185,4.2
2024-05,1095,Branch 1095,Central,9379,696,5689905,3294437,754800,477785,26,88193,148,3.8
2024-05,1096,Branch 1096,North,10270,532,5854736,3819983,626703,513867,32,94541,161,4.2
2024-05,1097,Branch 1097,South,9018,569,5670625,3816001,619825,459990,30,76427,136,4.0
2024-05,1098,Branch 1098,East,7717,604,4953693,3724404,716795,490336,24,63103,74,4.2
2024-05,1099,Branch 1099,West,11180,631,6721095,5036388,702030,589178,31,73914,195,3.8
2024-05,1100,Branch 1100,Central,10334,795,6950998,3801240,695846,475223,29,77740,82,4.3
2024-06,1001,Branch 1001,North,10677,774,5357702,3732921,763645,584270,29,81674,77,4.6
2024-06,1002,Branch 1002,South,8783,523,5501829,4220531,683076,567287,29,76315,135,4.2
2024-06,1003,Branch 1003,East,9145,789,4593478,2456837,507647,352770,25,79774,90,4.3
2024-06,1004,Branch 1004,West,9271,694,5892790,4497345,638209,469567,29,91385,107,4.3
2024-06,1005,Branch 1005,Central,9184,445,6381166,4435575,878021,658852,31,64535,98,4.0
2024-06,1006,Branch 1006,North,10596,939,5653169,3053569,632926,407913,28,91752,144,4.3
2024-06,1007,Branch 1007,South,8316,485,5767705,3174170,573587,435958,24,52733,114,4.2
2024-06,1008,Branch 1008,East,7774,675,4366294,2978827,499895,401935,22,60635,54,4.2
2024-06,1009,Branch 1009,West,8646,579,5749083,3173330,675941,503478,28,69528,110,4.6
2024-06,1010,Branch 1010,Central,8831,815,5344249,3505564,569065,391449,27,76347,126,4.0
2024-06,1011,Branch 1011,North,11158,929,6543569,5093757,882971,626665,37,109022,93,4.2
2024-06,1012,Branch 1012,South,8163,660,5506579,3809661,662913,475929,22,67448,146,3.9
2024-06,1013,Branch 1013,East,7745,542,5136325,3754469,620407,416005,24,54808,153,4.2
2024-06,1014,Branch 1014,West,9193,475,6383364,3773971,744041,569748,28,65524,152,4.3
2024-06,1015,Branch 1015,Central,9725,564,6440271,4173751,877186,565551,28,79331,92,4.3
2024-06,1016,Branch 1016,North,8267,635,5395489,3928907,714768,502965,26,60038,147,4.1
2024-06,1017,Branch 1017,South,9736,730,5001111,2993177,530849,416050,26,75578,119,4.3
2024-06,1018,Branch 1018,East,9216,480,4623051,3374049,512239,361722,27,58240,86,4.3
2024-06,1019,Branch 1019,West,8863,803,4817938,2730733,565386,441653,27,73101,177,4.1
2024-06,1020,Branch 1020,Central,8122,639,4267063,3266888,527261,358094,24,78452,161,4.1
2024-06,1021,Branch 1021,North,10351,948,7096603,4978016,945898,683864,28,89520,75,4.1
2024-06,1022,Branch 1022,South,8021,393,4883868,3612194,568335,385775,23,49342,119,4.2
2024-06,1023,Branch 1023,East,8145,589,4832957,3126432,592395,380211,24,58382,87,4.2
2024-06,1024,Branch 1024,West,7989,718,5247552,2761118,670699,436119,26,79815,55,4.4
2024-06,1025,Branch 1025,Central,8726,768,4495452,2616482,582130,462425,28,84611,79,4.6
2024-06,1026,Branch 1026,North,9495,678,5963892,3907957,693067,542998,26,60036,141,4.2
2024-06,1027,Branch 1027,South,8690,439,5644686,3060014,605197,407643,28,69994,53,4.6
2024-06,1028,Branch 1028,East,10817,487,6009248,3906936,704293,560496,35,83184,65,4.6
2024-06,1029,Branch 1029,West,10588,708,6648542,4011381,706087,564629,29,101960,209,4.2
2024-06,1030,Branch 1030,Central,8415,422,4683363,2941883,573083,383545,23,75563,116,4.2
2024-06,1031,Branch 1031,North,10135,756,5870085,4452853,614199,391318,30,65440,126,4.0
2024-06,1032,Branch 1032,South,10892,956,7127822,5223278,843119,604052,36,79924,119,4.3
2024-06,1033,Branch 1033,East,7778,680,5439139,3958378,695753,496313,26,48037,61,4.2
2024-06,1034,Branch 1034,West,9281,791,6533618,4919346,870412,721752,31,74763,180,4.1
2024-06,1035,Branch 1035,Central,8523,659,5072140,3390778,675779,436036,27,62485,157,3.9
2024-06,1036,Branch 1036,North,8230,438,5601332,3370081,748981,514151,23,49825,102,4.3
2024-06,1037,Branch 1037,South,9898,591,6201519,3748627,770490,565255,31,79289,80,4.0
2024-06,1038,Branch 1038,East,9882,566,5647874,3652548,650226,412426,28,74142,153,4.0
2024-06,1039,Branch 1039,West,8531,626,5949653,4058311,796794,536645,25,67523,157,4.3
2024-06,1040,Branch 1040,Central,9173,567,5050571,3137614,583589,405970,24,90396,124,3.8
2024-06,1041,Branch 1041,North,10270,708,6240018,4738195,812494,588534,30,82896,189,4.3
2024-06,1042,Branch 1042,South,8464,509,5728420,3023925,593034,392497,26,52292,64,4.1
2024-06,1043,Branch 1043,East,9288,633,5135865,3757531,563683,407031,31,81135,124,4.2
2024-06,1044,Branch 1044,West,9879,489,6126948,4271222,836681,590786,29,98129,100,4.2
2024-06,1045,Branch 1045,Central,10462,539,6609911,4657984,822405,559546,33,94780,146,4.3
2024-06,1046,Branch 1046,North,9518,815,5819454,3739666,669647,427690,27,74957,137,4.6
2024-06,1047,Branch 1047,South,7635,352,4510788,3404351,569678,445830,24,70745,128,4.2
2024-06,1048,Branch 1048,East,9975,582,6195058,4242630,884935,636457,33,60841,126,4.3
2024-06,1049,Branch 1049,West,8859,530,4548323,3396529,528402,391120,27,69730,171,4.1
2024-06,1050,Branch 1050,Central,9097,701,5830695,3474156,672765,549911,26,61281,93,4.1
2024-06,1051,Branch 1051,North,10162,671,5812495,3973086,595032,458114,32,98173,142,3.8
2024-06,1052,Branch 1052,South,8687,787,6080762,4241980,866415,617902,24,61039,169,4.1
2024-06,1053,Branch 1053,East,8648,474,4596577,3390706,589298,366043,29,74493,86,4.0
2024-06,1054,Branch 1054,West,9257,623,4944475,2641978,653343,531928,25,75329,168,4.4
2024-06,1055,Branch 1055,Central,9136,829,4855866,3293799,598949,407432,26,55598,73,3.9
2024-06,1056,Branch 1056,North,10546,626,5282164,2783375,566624,461377,30,96527,100,4.3
2024-06,1057,Branch 1057,South,10611,804,6696624,4882962,811696,636619,29,99179,112,4.1
2024-06,1058,Branch 1058,East,8436,470,4516017,2499490,601392,465387,28,74811,125,4.2
2024-06,1059,Branch 1059,West,8709,781,5891031,4023163,656970,443119,25,70880,75,3.9
2024-06,1060,Branch 1060,Central,8936,696,4524579,2735475,524896,412133,26,63402,80,4.1
2024-06,1061,Branch 1061,North,10546,799,6203918,4122659,714124,537295,31,91094,79,4.4
2024-06,1062,Branch 1062,South,9836,714,6833277,4425342,820256,516148,28,97393,154,3.9
2024-06,1063,Branch 1063,East,9253,488,6258845,3687635,858739,706083,25,88005,93,4.4
2024-06,1064,Branch 1064,West,8023,704,5599244,3861851,738565,567978,22,74857,56,4.5
2024-06,1065,Branch 1065,Central,7839,419,4039009,2702215,449392,334671,24,52795,78,4.3
2024-06,1066,Branch 1066,North,9621,776,5191289,3232115,562208,385441,29,72854,139,4.2
2024-06,1067,Branch 1067,South,8432,566,5415296,2983415,748830,482181,26,70996,155,4.1
2024-06,1068,Branch 1068,East,8675,595,4900871,2648243,494638,373658,26,70163,70,4.2
2024-06,1069,Branch 1069,West,9958,763,6549711,3861624,744489,576121,30,69701,88,4.2
2024-06,1070,Branch 1070,Central,10031,915,5082582,3366582,532427,331156,33,61283,148,4.0
2024-06,1071,Branch 1071,North,7781,502,4297926,3062392,447776,296197,21,67866,121,4.0
2024-06,1072,Branch 1072,South,7672,661,4627732,2710456,539092,449041,25,53992,138,4.0
2024-06,1073,Branch 1073,East,9488,718,6418926,4753783,823214,577368,32,62222,110,4.3
2024-06,1074,Branch 1074,West,9689,656,5951044,3706871,779676,594644,27,69350,174,4.4
2024-06,1075,Branch 1075,Central,10285,596,6400329,4852027,837569,632884,29,92027,117,4.1
2024-06,1076,Branch 1076,North,9173,755,6411045,4907411,799929,642651,26,62234,83,4.4
2024-06,1077,Branch 1077,South,8002,415,5353449,4149732,648155,522934,25,58977,87,4.1
2024-06,1078,Branch 1078,East,9618,757,4968506,2708158,567209,383810,25,78337,125,4.0
2024-06,1079,Branch 1079,West,9003,514,5703141,3518331,744938,515795,26,64375,84,4.1
2024-06,1080,Branch 1080,Central,9890,462,6952750,5175902,842974,610623,26,73504,59,4.1
2024-06,1081,Branch 1081,North,8464,596,5660161,3820602,613947,384928,28,63067,163,4.1
2024-06,1082,Branch 1082,South,7781,377,5363403,4094391,625834,476307,25,48120,65,4.3
2024-06,1083,Branch 1083,East,9099,696,5102384,2713575,605569,422657,27,60595,93,4.1
2024-06,1084,Branch 1084,West,9955,582,6296843,4804060,781679,636664,33,86650,144,4.1
2024-06,1085,Branch 1085,Central,10173,695,5618519,4268804,765355,549183,30,101695,202,4.2
2024-06,1086,Branch 1086,North,9973,461,5424959,2957963,708607,482745,27,84075,183,4.0
2024-06,1087,Branch 1087,South,8678,684,4446131,2468021,601907,418793,25,74403,97,4.2
2024-06,1088,Branch 1088,East,8636,388,5394969,3120045,707875,533290,27,82637,99,4.2
2024-06,1089,Branch 1089,West,11217,1044,6822639,4063937,820338,686972,38,108121,128,4.4
2024-06,1090,Branch 1090,Central,8944,563,5140617,2741761,570101,365853,28,60948,150,4.2
2024-06,1091,Branch 1091,North,9049,598,5454614,3948485,610403,401328,24,63378,75,4.1
2024-06,1092,Branch 1092,South,10606,933,5386335,3221230,681312,495168,29,76944,166,4.0
2024-06,1093,Branch 1093,East,7896,511,4889014,3236321,665155,412840,22,62402,70,4.5
2024-06,1094,Branch 1094,West,8797,721,5079431,2712589,592935,486730,27,66689,173,4.1
2024-06,1095,Branch 1095,Central,9178,620,5726656,3032400,769208,498668,25,60919,130,4.3
2024-06,1096,Branch 1096,North,10815,842,5565851,3620047,671754,539275,31,107020,99,4.2
2024-06,1097,Branch 1097,South,8902,465,5479586,3372698,577638,474906,28,80809,114,4.5
2024-06,1098,Branch 1098,East,7939,521,4077167,2639877,511407,418230,23,56832,129,4.0
2024-06,1099,Branch 1099,West,11028,625,6566331,3937102,791218,583255,35,72697,67,4.3
2024-06,1100,Branch 1100,Central,10682,769,6507755,4386012,836064,518464,29,84171,161,4.1
2024-07,1001,Branch 1001,North,9662,549,4924219,3485333,589827,397950,30,87072,143,4.0
2024-07,1002,Branch 1002,South,9356,767,4786660,3526975,533047,376106,29,70163,186,3.9
2024-07,1003,Branch 1003,East,9372,737,4986451,2975426,525952,326202,25,82995,165,4.0
2024-07,1004,Branch 1004,West,9633,496,6667061,4998698,779450,598943,29,88431,66,4.3
2024-07,1005,Branch 1005,Central,9057,649,4789173,3304927,611355,392450,27,55730,98,4.5
2024-07,1006,Branch 1006,North,10888,934,5611083,3585038,707979,552801,29,68730,148,4.0
2024-07,1007,Branch 1007,South,7976,647,5479927,2964200,685775,501914,21,49422,96,4.6
2024-07,1008,Branch 1008,East,7592,547,4869510,3153885,505498,418223,20,55563,88,4.2
2024-07,1009,Branch 1009,West,8307,767,5487142,2860719,603614,416529,26,53031,64,4.4
2024-07,1010,Branch 1010,Central,8512,560,4510081,3449568,613505,472212,26,60721,79,4.2
2024-07,1011,Branch 1011,North,11317,654,8005453,5187351,855342,561699,34,101407,222,4.1
2024-07,1012,Branch 1012,South,7972,517,5331024,3771571,536688,335674,21,49551,49,4.5
2024-07,1013,Branch 1013,East,8462,761,4661287,2953045,498111,418337,24,72788,102,4.3
2024-07,1014,Branch 1014,West,8366,524,4258426,2872245,511753,406175,23,65963,132,4.1
2024-07,1015,Branch 1015,Central,10205,878,7122201,4892719,939214,597078,27,94534,130,4.4
2024-07,1016,Branch 1016,North,8070,368,5359756,3574919,601590,421715,23,71193,93,4.3
2024-07,1017,Branch 1017,South,9487,460,5186405,3791649,565841,469419,31,65996,97,4.5
2024-07,1018,Branch 1018,East,9080,760,5481636,3667636,663546,556831,25,82254,77,4.1
2024-07,1019,Branch 1019,West,8166,449,4238309,2819071,486944,338131,25,75789,130,3.9
2024-07,1020,Branch 1020,Central,8214,630,4567675,3248409,495465,388593,23,75751,70,4.4
2024-07,1021,Branch 1021,North,10281,510,6226453,4607884,807375,593586,28,79556,73,4.5
2024-07,1022,Branch 1022,South,7812,532,5508827,3544984,617450,511599,25,57072,51,4.2
2024-07,1023,Branch 1023,East,8078,742,4426219,2404059,439362,292247,23,62021,71,4.1
2024-07,1024,Branch 1024,West,8072,669,5466674,4209887,780075,629254,24,66461,134,4.4
2024-07,1025,Branch 1025,Central,8361,530,4625285,2716201,584641,389854,24,67689,105,4.3
2024-07,1026,Branch 1026,North,9445,733,6232327,4091475,778572,531137,26,68426,102,4.1
2024-07,1027,Branch 1027,South,9243,555,5675772,3301798,614323,479180,28,65534,105,4.1
2024-07,1028,Branch 1028,East,10898,898,6647798,4490375,750970,602995,31,105883,68,4.3
2024-07,1029,Branch 1029,West,10527,590,6996692,5369594,702201,452685,32,95392,199,4.0
2024-07,1030,Branch 1030,Central,8336,588,5321283,3269292,669870,519045,24,64264,124,4.2
2024-07,1031,Branch 1031,North,10121,602,5829126,4379395,707468,552247,29,93375,79,4.3
2024-07,1032,Branch 1032,South,10526,697,7212542,5093673,965884,711715,30,70476,111,4.0
2024-07,1033,Branch 1033,East,7788,589,5110528,3928055,652506,444780,26,71364,117,4.1
2024-07,1034,Branch 1034,West,9782,841,5881694,4152919,736307,612519,33,64603,71,4.6
2024-07,1035,Branch 1035,Central,8770,769,4890724,3033235,649630,407169,30,80136,172,4.2
2024-07,1036,Branch 1036,North,7466,525,4904305,2690407,526463,341910,23,52910,67,4.3
2024-07,1037,Branch 1037,South,9807,628,5531151,3417472,709077,547810,32,90567,185,4.0
2024-07,1038,Branch 1038,East,9037,410,6369363,4406578,880667,616706,29,89362,154,4.1
2024-07,1039,Branch 1039,West,7994,607,4189788,2464571,557181,463933,25,65299,125,4.3
2024-07,1040,Branch 1040,Central,9413,727,5185389,3256865,708793,585155,26,75274,88,4.0
2024-07,1041,Branch 1041,North,10456,630,7221620,5583368,857610,711137,29,88788,89,4.1
2024-07,1042,Branch 1042,South,7977,537,5512272,3631801,607938,459437,22,64936,152,3.9
2024-07,1043,Branch 1043,East,8463,700,5800497,3242925,680823,428972,23,81540,95,4.3
2024-07,1044,Branch 1044,West,9985,618,6937348,4848926,865586,634708,30,90194,107,4.1
2024-07,1045,Branch 1045,Central,10061,477,5913890,4216799,713352,547783,32,100047,123,4.0
2024-07,1046,Branch 1046,North,9901,516,5202937,3423849,577893,369096,30,92072,140,4.0
2024-07,1047,Branch 1047,South,7696,402,5198465,3209693,688120,538164,22,64147,133,4.2
2024-07,1048,Branch 1048,East,9815,627,5002672,3579566,553560,388151,28,91395,98,4.1
2024-07,1049,Branch 1049,West,8302,418,5332444,3639673,578991,400187,25,69972,52,4.7
2024-07,1050,Branch 1050,Central,8781,642,5407828,3173441,621428,445067,23,63734,70,4.5
2024-07,1051,Branch 1051,North,9590,631,6137141,4040365,726831,603198,32,80269,101,4.1
2024-07,1052,Branch 1052,South,8264,656,4645304,3553458,561466,352461,28,82273,154,3.8
2024-07,1053,Branch 1053,East,8531,624,4477047,3460172,594530,377206,24,63535,103,4.2
2024-07,1054,Branch 1054,West,9885,781,5130035,3323605,546327,438123,27,65738,86,4.1
2024-07,1055,Branch 1055,Central,8768,777,6078590,4204078,706651,549855,24,59518,149,4.0
2024-07,1056,Branch 1056,North,10692,949,6254680,3739126,764003,529992,32,74390,135,4.1
2024-07,1057,Branch 1057,South,10484,924,6876267,4217798,695741,538062,34,104582,99,4.1
2024-07,1058,Branch 1058,East,8274,544,4474412,2700800,472240,332703,23,77248,118,4.1
2024-07,1059,Branch 1059,West,8667,530,5900569,4052251,780845,592890,29,62119,94,4.5
2024-07,1060,Branch 1060,Central,9475,615,5311204,2977865,618153,508160,30,80382,165,4.2
2024-07,1061,Branch 1061,North,10387,835,7139549,4169580,835318,523045,31,85465,76,4.1
2024-07,1062,Branch 1062,South,9564,630,5434349,3567439,653507,471545,28,65737,190,4.3
2024-07,1063,Branch 1063,East,8431,638,4355171,2299904,443875,277065,23,70322,88,4.6
2024-07,1064,Branch 1064,West,7990,721,5646800,4025851,793203,533304,23,65490,95,4.2
2024-07,1065,Branch 1065,Central,8018,735,4427110,2857957,598284,439489,22,70489,83,4.3
2024-07,1066,Branch 1066,North,8636,396,5998759,4329226,603871,377417,27,72960,99,4.4
2024-07,1067,Branch 1067,South,8526,395,4779411,2612390,541740,415259,25,76135,134,4.2
2024-07,1068,Branch 1068,East,8875,709,4963615,3018403,563860,431161,29,73715,115,4.1
2024-07,1069,Branch 1069,West,10131,778,6459809,4821862,879643,564201,27,92106,114,4.3
2024-07,1070,Branch 1070,Central,10346,763,6873059,5277495,820925,686163,32,81554,195,4.0
2024-07,1071,Branch 1071,North,7580,616,5355363,3377699,703575,445784,23,67729,130,4.4
2024-07,1072,Branch 1072,South,7881,482,4182140,2982877,495172,334865,25,65219,63,4.2
2024-07,1073,Branch 1073,East,9173,568,4871710,3350990,566710,428419,29,83094,81,4.5
2024-07,1074,Branch 1074,West,10493,877,6355482,4485059,753995,565459,33,88281,150,4.4
2024-07,1075,Branch 1075,Central,9878,583,6427403,4007072,684459,527695,31,77195,133,4.2
2024-07,1076,Branch 1076,North,8489,671,5656625,3448687,787434,531966,25,78521,152,3.9
2024-07,1077,Branch 1077,South,8318,458,5592751,4206815,733744,522163,23,69844,112,4.3
2024-07,1078,Branch 1078,East,9655,906,5336610,4153811,730709,480544,29,59024,187,4.0
2024-07,1079,Branch 1079,West,9406,671,5584478,3377166,540456,393598,25,83546,173,4.1
2024-07,1080,Branch 1080,Central,9417,636,6379504,3738951,746891,601327,31,80151,89,4.2
2024-07,1081,Branch 1081,North,8585,476,5643767,3784774,664442,421309,27,61546,102,4.3
2024-07,1082,Branch 1082,South,8266,590,5861840,3578694,606018,471044,22,73306,70,4.1
2024-07,1083,Branch 1083,East,9098,683,5992419,4117471,754200,617821,29,84701,120,4.2
2024-07,1084,Branch 1084,West,10226,541,5906806,3409976,746058,617707,30,79287,125,4.1
2024-07,1085,Branch 1085,Central,9593,842,6186776,3686931,884256,685997,30,61522,155,4.4
2024-07,1086,Branch 1086,North,9343,585,4904256,3605725,611527,411733,27,76466,185,4.0
2024-07,1087,Branch 1087,South,8340,750,5905025,4500832,851616,634590,26,70595,104,4.3
2024-07,1088,Branch 1088,East,9602,623,6050149,3285914,816877,632401,31,67483,102,4.5
2024-07,1089,Branch 1089,West,10434,653,5262725,3083316,645899,457947,31,76034,191,4.0
2024-07,1090,Branch 1090,Central,8927,541,5023606,3749554,647165,455549,30,85303,56,4.3
2024-07,1091,Branch 1091,North,9718,787,5762360,4359787,707350,545647,26,90135,67,4.4
2024-07,1092,Branch 1092,South,10529,974,7143843,4492865,769532,580137,33,92166,64,4.7
2024-07,1093,Branch 1093,East,8695,619,5122421,3221798,580684,477916,25,73197,58,4.6
2024-07,1094,Branch 1094,West,9633,502,5616933,4272963,636555,444640,33,77441,140,4.3
2024-07,1095,Branch 1095,Central,9956,870,5916770,4241683,700523,473271,32,90621,98,4.2
2024-07,1096,Branch 1096,North,10533,974,7430003,5498904,1007343,654749,28,85440,67,4.3
2024-07,1097,Branch 1097,South,8247,557,5030216,3553548,725458,518526,23,63246,97,4.3
2024-07,1098,Branch 1098,East,8288,736,5645022,4327206,625505,442613,25,73618,100,4.0
2024-07,1099,Branch 1099,West,10489,928,5787124,3661744,727427,484417,30,99961,151,4.2
2024-07,1100,Branch 1100,Central,10346,828,6199945,4118514,814654,602630,33,91196,191,4.2
2024-08,1001,Branch 1001,North,9835,773,5450043,3831861,664269,460875,28,93646,122,4.4
2024-08,1002,Branch 1002,South,8422,755,4479211,2731674,543175,396601,27,77348,158,3.9
2024-08,1003,Branch 1003,East,8987,595,5877553,4154028,803254,548301,29,77031,106,4.3
2024-08,1004,Branch 1004,West,8992,549,6091450,4294423,877875,685924,25,67335,168,4.4
2024-08,1005,Branch 1005,Central,8972,576,4739656,3503898,548369,393079,24,61450,165,4.1
2024-08,1006,Branch 1006,North,10731,591,5773718,3701600,725906,587200,32,94494,132,4.2
2024-08,1007,Branch 1007,South,7876,480,4962204,3676057,532372,402999,24,47821,56,4.4
2024-08,1008,Branch 1008,East,7305,634,4465678,3462084,630399,529507,24,51158,143,4.2
2024-08,1009,Branch 1009,West,7808,645,5192956,3722634,699823,434100,24,76171,138,4.1
2024-08,1010,Branch 1010,Central,8253,589,5428522,3219228,714089,533590,24,62876,96,4.2
2024-08,1011,Branch 1011,North,11267,833,6068863,3858820,680382,465073,35,90233,93,4.5
2024-08,1012,Branch 1012,South,8021,417,4441227,3159684,496297,391280,26,74334,104,4.2
2024-08,1013,Branch 1013,East,7536,604,4148022,2327360,476477,347138,20,64901,85,4.1
2024-08,1014,Branch 1014,West,8659,586,5448088,3761015,644916,507175,26,80542,166,4.0
2024-08,1015,Branch 1015,Central,9281,654,6111400,4131786,752800,556865,30,60529,120,3.9
2024-08,1016,Branch 1016,North,7601,614,4844472,3731842,664999,529748,26,58919,91,4.4
2024-08,1017,Branch 1017,South,9660,645,6094015,4193043,721030,539507,31,61094,125,4.5
2024-08,1018,Branch 1018,East,8492,727,5336840,3477981,605720,441288,27,80798,162,4.0
2024-08,1019,Branch 1019,West,8100,547,4653528,2736032,567014,395464,23,73265,73,4.3
2024-08,1020,Branch 1020,Central,8377,767,5256738,3724897,640350,408428,25,77852,72,4.5
2024-08,1021,Branch 1021,North,10294,753,7172914,5063460,779770,511645,29,66699,105,4.4
2024-08,1022,Branch 1022,South,7921,364,4450164,2383559,504353,392431,21,74066,117,4.1
2024-08,1023,Branch 1023,East,8520,394,5600184,3398967,659086,435135,23,65706,60,4.2
2024-08,1024,Branch 1024,West,7613,669,5388835,2827028,735289,502252,26,64547,98,4.2
2024-08,1025,Branch 1025,Central,8318,693,5229138,3008984,654089,469947,25,59587,109,4.1
2024-08,1026,Branch 1026,North,9718,729,5832504,3721250,656935,543839,30,88642,168,4.1
2024-08,1027,Branch 1027,South,8554,750,4750526,2960079,492913,317081,29,62065,141,4.1
2024-08,1028,Branch 1028,East,10848,984,5791162,3168880,743776,609721,30,106375,192,4.0
2024-08,1029,Branch 1029,West,10273,796,5307910,3346018,629759,417522,28,95225,167,4.2
2024-08,1030,Branch 1030,Central,8900,724,6100336,4673439,856981,632862,29,73358,84,4.3
2024-08,1031,Branch 1031,North,10190,534,5781380,3059344,594716,382232,32,61935,89,4.6
2024-08,1032,Branch 1032,South,10039,877,5471240,3973785,690443,501317,33,70994,130,4.4
2024-08,1033,Branch 1033,East,7282,681,5038641,3396345,667128,442431,20,65734,113,4.2
2024-08,1034,Branch 1034,West,9802,928,5363381,3126902,615201,424634,28,88164,118,4.0
2024-08,1035,Branch 1035,Central,8566,489,5891471,4269784,639382,411335,23,59954,167,3.9
2024-08,1036,Branch 1036,North,7913,623,5416093,3116823,761910,544927,26,68726,107,4.5
2024-08,1037,Branch 1037,South,9874,849,6737761,4942172,781698,610929,30,64386,117,4.3
2024-08,1038,Branch 1038,East,9396,533,6487982,4002158,656733,478524,30,91215,147,4.2
2024-08,1039,Branch 1039,West,8246,762,5055319,3133786,690302,468435,22,81228,93,4.5
2024-08,1040,Branch 1040,Central,9312,824,5144250,3581575,559847,392145,27,58591,167,4.0
2024-08,1041,Branch 1041,North,9394,426,5525103,3370882,665754,497767,28,65763,136,4.2
2024-08,1042,Branch 1042,South,8402,521,5581285,3728622,661701,497779,28,68633,141,4.3
2024-08,1043,Branch 1043,East,8621,564,4443846,2903208,590758,459475,24,59906,119,4.2
2024-08,1044,Branch 1044,West,10751,1018,5983310,3476573,584774,385561,30,79295,134,4.2
2024-08,1045,Branch 1045,Central,10477,680,7199356,3819966,974590,807300,28,66387,129,4.4
2024-08,1046,Branch 1046,North,9157,721,5542087,2929390,539103,384286,27,68244,119,4.3
2024-08,1047,Branch 1047,South,7833,656,4916006,3625605,677359,525182,21,52976,132,4.2
2024-08,1048,Branch 1048,East,9454,826,5490050,3109816,670529,491110,27,73822,84,4.4
2024-08,1049,Branch 1049,West,8223,440,5777986,3858072,704316,487238,23,55429,136,4.1
2024-08,1050,Branch 1050,Central,8964,499,4663270,3576568,579609,410536,28,69407,154,4.2
2024-08,1051,Branch 1051,North,9285,628,4878497,3192416,529901,331976,29,81968,95,4.2
2024-08,1052,Branch 1052,South,8220,717,5647377,3260127,576626,363006,26,78619,148,3.8
2024-08,1053,Branch 1053,East,8356,447,4815695,3094365,692224,519965,23,59145,121,4.5
2024-08,1054,Branch 1054,West,10121,617,7137496,4832847,969088,736784,28,76525,138,4.2
2024-08,1055,Branch 1055,Central,8697,566,6068852,4451147,769881,552254,23,56673,171,4.0
2024-08,1056,Branch 1056,North,10249,605,5258354,3874535,593956,482777,31,81600,147,4.2
2024-08,1057,Branch 1057,South,10514,884,7395083,5728830,991486,732200,35,102921,202,4.2
2024-08,1058,Branch 1058,East,7766,640,5019084,3666249,641109,436460,26,67093,101,4.2
2024-08,1059,Branch 1059,West,8398,401,4318522,2904342,466718,320773,25,73684,76,4.2
2024-08,1060,Branch 1060,Central,9277,813,5437119,3765931,688476,569995,26,71410,97,4.0
2024-08,1061,Branch 1061,North,10846,864,7272762,4628715,909564,622177,30,102456,170,4.1
2024-08,1062,Branch 1062,South,10009,636,5690714,3473805,738265,535045,29,81828,94,4.3
2024-08,1063,Branch 1063,East,8893,411,5154819,3584288,558318,373601,26,75229,143,4.3
2024-08,1064,Branch 1064,West,8332,376,4603991,3408716,479935,302852,25,60654,90,4.3
2024-08,1065,Branch 1065,Central,8591,567,4356399,3340403,535068,398819,25,56120,69,4.4
2024-08,1066,Branch 1066,North,8826,572,4691632,2767682,623925,488233,30,60953,141,4.4
2024-08,1067,Branch 1067,South,8942,749,4813321,2736529,659571,504119,24,66730,134,4.2
2024-08,1068,Branch 1068,East,8938,432,5540765,3999304,756989,511771,29,82067,168,3.8
2024-08,1069,Branch 1069,West,10101,951,6964532,4457277,786744,537578,27,73344,123,4.3
2024-08,1070,Branch 1070,Central,10634,808,6333494,4514220,759330,551182,35,74437,127,4.0
2024-08,1071,Branch 1071,North,8089,634,5285633,4086158,670684,476679,23,65363,65,4.3
2024-08,1072,Branch 1072,South,7729,368,4132528,2253012,530090,421979,26,60345,130,4.2
2024-08,1073,Branch 1073,East,8759,666,5336123,3223130,565980,384576,24,58986,169,4.2
2024-08,1074,Branch 1074,West,9942,621,6319143,4415469,870780,645327,29,94773,140,4.0
2024-08,1075,Branch 1075,Central,9979,713,5287010,3110183,660301,431340,28,69988,114,4.1
2024-08,1076,Branch 1076,North,8026,670,4627985,2428906,605051,441832,25,48599,149,4.2
2024-08,1077,Branch 1077,South,8507,541,6072006,4663151,812446,572831,23,69780,72,4.5
2024-08,1078,Branch 1078,East,9192,637,6168802,4187302,800922,566065,27,75020,157,4.1
2024-08,1079,Branch 1079,West,9235,756,6529996,4172566,886093,650146,28,62451,105,4.4
2024-08,1080,Branch 1080,Central,9003,455,6251096,3433539,842393,614739,28,61414,75,4.1
2024-08,1081,Branch 1081,North,8454,620,5569719,4164509,643716,492336,22,58342,71,4.1
2024-08,1082,Branch 1082,South,7841,476,4074446,3150521,493550,340637,21,71144,61,4.1
2024-08,1083,Branch 1083,East,9637,610,5832410,4319695,636135,413048,30,81923,90,4.2
2024-08,1084,Branch 1084,West,9169,765,6023623,3783105,774775,512120,30,69381,104,4.6
2024-08,1085,Branch 1085,Central,9957,773,7129444,5444724,978746,707692,31,90633,129,3.8
2024-08,1086,Branch 1086,North,9050,413,6495348,4432122,789430,563658,28,55933,109,4.0
2024-08,1087,Branch 1087,South,8794,722,6147090,3855712,667340,532445,24,70918,115,4.1
2024-08,1088,Branch 1088,East,9129,620,5866037,3809883,656679,475389,26,70165,60,4.6
2024-08,1089,Branch 1089,West,10410,948,6092004,4004059,711606,577395,29,100917,119,4.2
2024-08,1090,Branch 1090,Central,8934,838,5845008,3867360,748722,598938,24,71522,152,4.0
2024-08,1091,Branch 1091,North,9462,561,5515542,3868482,654451,429487,30,89361,163,4.2
2024-08,1092,Branch 1092,South,10227,608,7166449,5152282,805533,544683,32,93513,109,4.4
2024-08,1093,Branch 1093,East,8476,403,4942649,2671831,678195,559542,28,56478,129,4.1
2024-08,1094,Branch 1094,West,9226,738,6433228,4489667,747603,492391,29,65018,65,4.1
2024-08,1095,Branch 1095,Central,9351,699,5385455,3583211,664961,431467,26,89574,169,4.0
2024-08,1096,Branch 1096,North,10417,725,6697253,4033623,823120,535271,32,69766,203,4.1
2024-08,1097,Branch 1097,South,8826,797,6148746,3726446,731289,539986,24,85142,97,4.2
2024-08,1098,Branch 1098,East,8086,632,5111196,2707843,589096,407952,26,50843,146,4.3
2024-08,1099,Branch 1099,West,10097,875,5889139,4174639,829078,640713,27,70871,90,4.3
2024-08,1100,Branch 1100,Central,11326,714,7417424,5436937,922109,728979,34,111801,187,4.3
2024-09,1001,Branch 1001,North,10397,740,6053835,4309777,870117,729075,33,86200,162,4.1
2024-09,1002,Branch 1002,South,8273,722,4948758,2777606,628863,398975,24,62738,102,4.4
2024-09,1003,Branch 1003,East,9114,555,5483721,4200154,797566,626991,29,74609,170,4.1
2024-09,1004,Branch 1004,West,8721,669,4472636,3254726,491907,361478,26,56836,168,4.1
2024-09,1005,Branch 1005,Central,9958,596,6171864,4078061,822319,655070,30,64575,65,4.4
2024-09,1006,Branch 1006,North,10518,789,6324886,4788771,796350,563112,33,92093,90,4.4
2024-09,1007,Branch 1007,South,7628,521,4305302,2284134,500888,329589,23,46505,149,4.2
2024-09,1008,Branch 1008,East,7896,744,5231008,3808973,626167,469297,22,53630,53,4.1
2024-09,1009,Branch 1009,West,7952,713,4651101,3177724,587802,383649,26,74464,61,4.3
2024-09,1010,Branch 1010,Central,8633,536,4840209,2740444,610055,477707,25,53583,124,4.3
2024-09,1011,Branch 1011,North,10414,712,6024791,4092875,848931,676924,28,96954,65,4.5
2024-09,1012,Branch 1012,South,7927,593,5650831,3377473,719589,579652,23,68073,77,4.4
2024-09,1013,Branch 1013,East,7553,399,5125132,3521467,676045,437472,23,67575,69,4.3
2024-09,1014,Branch 1014,West,8106,704,4560547,2736108,620697,411696,23,62357,94,4.3
2024-09,1015,Branch 1015,Central,10015,764,5544584,3289326,725099,492389,33,74529,105,4.3
2024-09,1016,Branch 1016,North,7855,665,5581461,4320088,720346,519557,21,61572,154,3.9
2024-09,1017,Branch 1017,South,9562,641,5663644,2966780,691754,500719,31,76416,63,4.4
2024-09,1018,Branch 1018,East,8486,611,5775524,4468934,775360,511575,28,53607,90,4.4
2024-09,1019,Branch 1019,West,8040,527,5321642,3390128,634406,485666,25,70084,92,4.3
2024-09,1020,Branch 1020,Central,7676,466,4309481,2378153,460316,320567,25,54899,111,4.3
2024-09,1021,Branch 1021,North,9842,567,6623437,4793824,730245,498780,32,88707,178,4.1
2024-09,1022,Branch 1022,South,8313,658,5548069,4015567,737934,614843,25,57592,123,4.1
2024-09,1023,Branch 1023,East,8547,513,5597439,4138192,726414,537885,25,65900,134,4.0
2024-09,1024,Branch 1024,West,8099,544,4167463,2788987,524176,329357,23,65569,83,4.1
2024-09,1025,Branch 1025,Central,8499,769,5061426,2884036,661760,418917,23,80443,114,4.1
2024-09,1026,Branch 1026,North,9803,892,6571444,3543348,823843,553710,27,60334,187,4.0
2024-09,1027,Branch 1027,South,8433,778,5262074,3969783,726519,589136,23,58980,141,4.0
2024-09,1028,Branch 1028,East,10667,1004,7629805,5802203,895714,739686,35,68791,143,4.0
2024-09,1029,Branch 1029,West,10822,902,5779831,3482940,703108,457151,34,90324,175,4.1
2024-09,1030,Branch 1030,Central,8786,583,5317502,3814114,714624,505761,25,85794,136,4.0
2024-09,1031,Branch 1031,North,9703,872,6551318,4257712,877965,668326,26,84930,139,4.2
2024-09,1032,Branch 1032,South,9696,762,5258983,3735164,729560,603486,28,60729,86,4.3
2024-09,1033,Branch 1033,East,7979,567,5246077,3865845,754861,565053,22,69222,131,4.2
2024-09,1034,Branch 1034,West,8882,645,5186913,3366045,579414,449800,27,64308,83,3.9
2024-09,1035,Branch 1035,Central,8684,509,4520753,2731709,628635,480895,27,52448,66,4.3
2024-09,1036,Branch 1036,North,7362,619,4693792,3488007,610150,442535,20,62703,117,4.2
2024-09,1037,Branch 1037,South,10521,891,5552408,3681252,689614,429852,33,99994,116,4.5
2024-09,1038,Branch 1038,East,9469,736,5583987,3759149,642998,423777,29,92302,158,4.2
2024-09,1039,Branch 1039,West,8663,547,4795239,3526520,522828,415551,27,69401,161,3.9
2024-09,1040,Branch 1040,Central,9070,724,4888349,3318945,532272,336990,27,67150,124,4.2
2024-09,1041,Branch 1041,North,10401,629,7323641,4289786,766527,591699,28,81796,190,4.0
2024-09,1042,Branch 1042,South,7921,455,5417468,3638402,576030,475880,21,57088,117,4.3
2024-09,1043,Branch 1043,East,8437,636,5438091,3681987,587774,433988,26,51486,106,4.2
2024-09,1044,Branch 1044,West,10029,943,6902545,4874008,740588,613078,29,95162,191,3.9
2024-09,1045,Branch 1045,Central,10161,936,5718144,4005950,657156,417132,27,94116,128,4.2
2024-09,1046,Branch 1046,North,9584,738,5226748,3353125,618600,421725,28,68752,184,4.1
2024-09,1047,Branch 1047,South,7681,623,5337642,3454696,743166,578193,26,48493,61,4.2
2024-09,1048,Branch 1048,East,9784,749,5925291,3871001,746907,495374,29,59849,175,4.2
2024-09,1049,Branch 1049,West,8770,650,6125311,4378229,654682,495069,24,82444,120,4.2
2024-09,1050,Branch 1050,Central,8517,534,4830192,2729223,613578,448643,24,60000,84,4.3
2024-09,1051,Branch 1051,North,9389,552,5737586,4137245,706716,488147,28,71884,113,4.3
2024-09,1052,Branch 1052,South,8983,472,4659227,2676587,536275,351670,27,71890,134,4.3
2024-09,1053,Branch 1053,East,8212,483,4990998,3461576,647233,438012,23,66893,69,4.1
2024-09,1054,Branch 1054,West,9754,449,6703832,3879923,690397,559271,27,91126,157,4.2
2024-09,1055,Branch 1055,Central,8714,628,5199759,3618986,553756,443191,25,57248,99,4.6
2024-09,1056,Branch 1056,North,10413,702,6944253,3768364,778907,627719,28,95090,94,4.2
2024-09,1057,Branch 1057,South,9891,618,7086323,5502568,827081,590863,28,80170,94,4.2
2024-09,1058,Branch 1058,East,8274,596,4716107,3167935,575258,432501,28,74249,103,4.4
2024-09,1059,Branch 1059,West,8423,616,5336378,3806520,659489,468472,23,52970,139,4.2
2024-09,1060,Branch 1060,Central,9262,425,6529006,4203935,753513,598655,31,80209,142,4.0
2024-09,1061,Branch 1061,North,10719,772,7525466,4459108,917572,743897,29,94497,171,4.2
2024-09,1062,Branch 1062,South,9865,520,6741982,4541663,767649,598759,32,77465,119,4.2
2024-09,1063,Branch 1063,East,8851,728,4773115,3564469,558470,458203,27,80342,68,4.4
2024-09,1064,Branch 1064,West,7994,450,5572583,3784652,797156,527592,26,71701,55,4.5
2024-09,1065,Branch 1065,Central,7769,441,4451165,3188818,567275,378406,21,75031,141,4.4
2024-09,1066,Branch 1066,North,8704,756,6082473,4063672,734121,587981,23,61183,80,3.7
2024-09,1067,Branch 1067,South,8243,641,5816396,3996825,709814,588917,23,79424,160,4.1
2024-09,1068,Branch 1068,East,8923,606,4604680,3540811,679434,546172,30,72796,168,4.2
2024-09,1069,Branch 1069,West,9501,599,6023575,4630652,823221,559099,27,58406,167,3.9
2024-09,1070,Branch 1070,Central,9925,857,5304694,3020760,569210,362817,27,65249,147,4.0
2024-09,1071,Branch 1071,North,8292,766,4338095,3036777,537469,401159,22,69918,117,4.3
2024-09,1072,Branch 1072,South,7721,589,5539117,3280294,702118,465500,22,70299,73,4.5
2024-09,1073,Branch 1073,East,8759,640,6068489,3871064,734998,488755,30,71353,76,4.1
2024-09,1074,Branch 1074,West,9692,741,6768531,3903485,937979,727001,26,73818,94,4.5
2024-09,1075,Branch 1075,Central,9822,861,5028770,2857443,605685,411865,28,75865,170,4.1
2024-09,1076,Branch 1076,North,8578,579,5871421,3121717,732735,472314,24,70760,143,3.9
2024-09,1077,Branch 1077,South,7886,713,4347482,2698639,576438,372911,22,63863,63,4.3
2024-09,1078,Branch 1078,East,9811,477,7059720,4536695,839057,673803,26,58966,182,4.1
2024-09,1079,Branch 1079,West,9218,473,5726287,3299488,787752,500979,31,88144,116,4.4
2024-09,1080,Branch 1080,Central,8922,727,5294730,3610778,667269,457853,27,77005,115,4.1
2024-09,1081,Branch 1081,North,9079,471,5635470,3764389,743708,602387,30,56645,115,4.3
2024-09,1082,Branch 1082,South,7892,745,4791764,3282834,611758,383339,27,68463,112,4.0
2024-09,1083,Branch 1083,East,8828,648,6269798,3479388,732709,516470,25,73140,156,4.0
2024-09,1084,Branch 1084,West,9095,769,5130757,3608013,604464,461583,25,65172,110,4.0
2024-09,1085,Branch 1085,Central,10641,635,7125723,4648836,974423,751799,36,71465,159,4.2
2024-09,1086,Branch 1086,North,8907,784,5763536,4180623,726502,585501,24,68903,172,4.0
2024-09,1087,Branch 1087,South,9202,691,6017249,4502286,758592,481510,29,74280,169,4.1
2024-09,1088,Branch 1088,East,9169,719,4696032,2914165,638331,448906,24,60625,74,4.2
2024-09,1089,Branch 1089,West,10336,495,6515281,4049783,647070,491735,32,86055,134,4.2
2024-09,1090,Branch 1090,Central,9395,478,6330165,4698248,884066,640320,26,64491,134,4.5
2024-09,1091,Branch 1091,North,8810,439,6292001,3596411,709924,564223,30,58260,132,4.2
2024-09,1092,Branch 1092,South,10297,719,6983217,3922874,812771,549346,33,101451,174,4.3
2024-09,1093,Branch 1093,East,8221,451,5578439,4119769,649892,474515,23,81887,139,4.0
2024-09,1094,Branch 1094,West,8773,420,5294754,3346695,576847,440214,23,54537,173,3.8
2024-09,1095,Branch 1095,Central,9380,771,6193621,4602255,910136,618797,26,68039,94,4.1
2024-09,1096,Branch 1096,North,10827,966,6107611,4021591,765824,593574,36,80881,111,4.3
2024-09,1097,Branch 1097,South,8329,492,4540234,2527858,551426,398990,23,50457,134,4.2
2024-09,1098,Branch 1098,East,7758,470,5049101,3683308,618202,447719,24,56115,88,4.3
2024-09,1099,Branch 1099,West,10425,940,5595860,4082410,762376,598454,33,87007,101,4.2
2024-09,1100,Branch 1100,Central,10997,562,5964848,4600036,660136,422830,34,107471,189,3.9
2024-10,1001,Branch 1001,North,10000,749,6115559,4725035,792237,508033,29,95075,69,4.4
2024-10,1002,Branch 1002,South,9253,628,5227180,3200985,630976,458580,25,74953,98,4.2
2024-10,1003,Branch 1003,East,9630,751,5517388,3847014,681288,463991,28,60151,94,4.1
2024-10,1004,Branch 1004,West,9462,672,6617091,4464631,756206,526784,26,94163,58,4.5
2024-10,1005,Branch 1005,Central,9123,788,6314350,4036507,657172,471690,26,70390,64,4.4
2024-10,1006,Branch 1006,North,10880,738,7508516,5179707,1009999,827541,32,74690,209,4.3
2024-10,1007,Branch 1007,South,7696,349,4482526,3480248,644352,533103,21,51851,116,4.1
2024-10,1008,Branch 1008,East,7572,630,4369863,3324413,628110,482757,21,53651,89,4.0
2024-10,1009,Branch 1009,West,8079,592,4294841,2483261,463881,328194,24,69460,82,4.1
2024-10,1010,Branch 1010,Central,8061,567,5418442,3730797,694414,518619,23,59802,119,3.9
2024-10,1011,Branch 1011,North,11317,528,7345558,5542238,926595,645958,38,68041,222,4.1
2024-10,1012,Branch 1012,South,7619,618,4086181,2510706,467182,362717,22,61923,99,4.2
2024-10,1013,Branch 1013,East,8211,372,4716936,2717782,531270,366501,26,56624,122,4.2
2024-10,1014,Branch 1014,West,8693,477,4750482,3472084,640798,506448,27,73593,76,4.4
2024-10,1015,Branch 1015,Central,9514,747,5137624,3024360,652017,481950,28,82219,166,3.8
2024-10,1016,Branch 1016,North,7758,452,4472681,3306089,548812,430585,26,48348,140,4.3
2024-10,1017,Branch 1017,South,9069,501,6450980,3882292,789606,509647,25,82943,110,4.3
2024-10,1018,Branch 1018,East,8786,660,5662492,4242917,646593,408291,25,79034,138,4.2
2024-10,1019,Branch 1019,West,8494,716,5227182,3770007,703281,570142,28,58704,91,4.4
2024-10,1020,Branch 1020,Central,7776,483,5146396,3276441,587689,421442,25,71813,77,4.3
2024-10,1021,Branch 1021,North,9566,892,6913231,4761120,879160,686400,27,79628,109,3.8
2024-10,1022,Branch 1022,South,8437,439,5451491,3067815,682939,433544,25,82803,116,4.4
2024-10,1023,Branch 1023,East,8280,673,4424899,3269635,573767,419011,28,52774,118,4.1
2024-10,1024,Branch 1024,West,7479,632,4602732,3210201,468991,322878,21,48846,95,4.1
2024-10,1025,Branch 1025,Central,7813,578,4426617,2395407,496017,382669,26,59783,55,4.2
2024-10,1026,Branch 1026,North,9265,815,5935712,3730933,710131,542286,30,69261,111,4.1
2024-10,1027,Branch 1027,South,8965,667,6166953,3468649,644742,516835,25,78085,105,4.3
2024-10,1028,Branch 1028,East,10454,908,7309970,5467789,806643,606434,32,77979,166,4.2
2024-10,1029,Branch 1029,West,10208,965,5302924,3841981,663548,463708,28,89203,144,4.4
2024-10,1030,Branch 1030,Central,8605,753,4700422,3488133,651400,449093,24,71126,112,4.3
2024-10,1031,Branch 1031,North,10398,626,6320511,3870304,775201,612711,31,80655,144,4.4
2024-10,1032,Branch 1032,South,9771,524,5173915,3352316,536003,346006,33,77834,173,4.1
2024-10,1033,Branch 1033,East,7582,407,4798845,3580511,653486,488749,21,73129,49,4.3
2024-10,1034,Branch 1034,West,9588,641,5651294,3354409,687035,437760,26,74289,62,4.4
2024-10,1035,Branch 1035,Central,8438,697,5249030,3899295,559522,442664,28,68116,61,4.1
2024-10,1036,Branch 1036,North,7492,478,4992075,3585168,563567,391344,25,48635,127,4.3
2024-10,1037,Branch 1037,South,9700,521,5424358,3837604,693660,524546,26,73350,138,4.1
2024-10,1038,Branch 1038,East,9235,445,5894104,3578183,767740,512236,28,91074,92,4.2
2024-10,1039,Branch 1039,West,8607,582,6003614,3684402,736820,504355,24,64045,106,4.1
2024-10,1040,Branch 1040,Central,9513,660,5450959,3301183,552790,352672,30,79397,121,4.3
2024-10,1041,Branch 1041,North,10428,492,6132479,3476291,625318,456529,30,86177,83,4.5
2024-10,1042,Branch 1042,South,8452,514,5688264,4092795,693937,569647,25,65792,113,4.1
2024-10,1043,Branch 1043,East,8223,531,5327136,3655802,743901,480335,22,53025,132,4.0
2024-10,1044,Branch 1044,West,9704,453,5574253,3868379,782986,523660,32,82549,178,4.2
2024-10,1045,Branch 1045,Central,9724,729,6824214,4988603,869368,710786,29,79470,139,4.2
2024-10,1046,Branch 1046,North,9480,748,5560512,3701819,658031,505728,31,74812,67,4.3
2024-10,1047,Branch 1047,South,7695,367,5240409,3167522,579707,467831,22,54159,133,4.2
2024-10,1048,Branch 1048,East,9727,477,5415131,3475178,688050,488445,28,86283,172,4.4
2024-10,1049,Branch 1049,West,8103,706,5743450,4083743,708259,580292,22,76963,88,4.1
2024-10,1050,Branch 1050,Central,9320,770,6021661,4664702,771251,528792,26,72135,127,4.3
2024-10,1051,Branch 1051,North,9961,827,5383441,3205971,683281,474709,33,85247,87,4.0
2024-10,1052,Branch 1052,South,8817,584,5145565,3083424,586427,374653,28,68249,103,4.7
2024-10,1053,Branch 1053,East,9078,710,4924080,3166350,564973,470971,28,84710,163,4.3
2024-10,1054,Branch 1054,West,9671,871,6882077,5311318,842019,593949,32,91604,167,4.2
2024-10,1055,Branch 1055,Central,8507,788,5838234,3578947,718751,520374,23,78551,66,4.2
2024-10,1056,Branch 1056,North,10415,570,5426504,3513790,704775,489352,34,103441,78,4.3
2024-10,1057,Branch 1057,South,11065,631,6569509,4561487,711158,494283,31,67573,193,4.0
2024-10,1058,Branch 1058,East,8065,606,4724878,2723973,566635,372527,23,59557,78,4.2
2024-10,1059,Branch 1059,West,7714,542,4497180,2451794,606333,453675,23,56960,104,4.1
2024-10,1060,Branch 1060,Central,9338,643,6106200,3185610,790526,518147,26,80519,156,4.3
2024-10,1061,Branch 1061,North,10648,852,6937294,4495729,760685,603405,28,105438,196,4.3
2024-10,1062,Branch 1062,South,9345,650,6154959,3866287,660819,480515,26,76838,165,3.9
2024-10,1063,Branch 1063,East,8353,632,4684568,3478185,638191,439023,27,64085,116,4.2
2024-10,1064,Branch 1064,West,7834,623,4532399,2796458,547808,426530,25,49745,124,4.2
2024-10,1065,Branch 1065,Central,7863,490,4836123,3043010,586214,411879,26,70393,64,4.3
2024-10,1066,Branch 1066,North,9374,698,5887504,4464456,683006,451486,32,89392,95,4.3
2024-10,1067,Branch 1067,South,8932,643,5575903,3077948,730779,539820,24,76822,167,4.0
2024-10,1068,Branch 1068,East,8302,701,6049155,4433120,650224,531974,24,72420,163,3.9
2024-10,1069,Branch 1069,West,9216,682,4808635,3587400,538033,444315,25,86227,100,4.5
2024-10,1070,Branch 1070,Central,10275,473,6953062,4529323,899653,657343,29,98205,190,4.1
2024-10,1071,Branch 1071,North,8377,472,5909501,4040769,598876,420540,22,82569,138,4.2
2024-10,1072,Branch 1072,South,8337,555,5865614,3964198,724111,579237,24,77607,144,4.0
2024-10,1073,Branch 1073,East,9303,879,6746256,4673215,935388,776796,30,88872,142,4.5
2024-10,1074,Branch 1074,West,10442,839,5879275,3370531,663957,485732,33,95862,172,4.2
2024-10,1075,Branch 1075,Central,10232,922,5404909,3190823,536028,382537,28,94339,165,4.0
2024-10,1076,Branch 1076,North,8994,568,6066083,3670259,628796,445315,29,72959,170,4.0
2024-10,1077,Branch 1077,South,8136,732,5311437,3592255,715354,474629,22,51102,98,4.5
2024-10,1078,Branch 1078,East,9254,695,5797909,3701660,689023,538861,26,73566,72,4.3
2024-10,1079,Branch 1079,West,9051,682,5760602,3224635,726473,554587,28,88635,61,4.4
2024-10,1080,Branch 1080,Central,9415,501,5031535,3318941,542723,381856,30,85549,124,4.1
2024-10,1081,Branch 1081,North,9042,471,5009999,3262334,646753,530379,26,65443,76,4.3
2024-10,1082,Branch 1082,South,7727,731,4359200,3335382,530057,390647,23,61152,117,4.0
2024-10,1083,Branch 1083,East,9816,781,5825894,4198481,718830,514615,28,86234,88,4.5
2024-10,1084,Branch 1084,West,9856,557,6349525,4448257,728080,586799,26,88177,140,3.9
2024-10,1085,Branch 1085,Central,10398,612,5711858,4174650,781675,591460,29,70755,193,3.8
2024-10,1086,Branch 1086,North,9628,836,5200174,3392023,583559,371377,28,93553,156,4.1
2024-10,1087,Branch 1087,South,8971,568,4949534,2822233,523915,417231,25,84852,161,4.1
2024-10,1088,Branch 1088,East,9088,789,6613300,4706899,863214,615792,25,64925,120,4.2
2024-10,1089,Branch 1089,West,11019,514,7055741,4775622,708585,484803,31,72552,74,4.3
2024-10,1090,Branch 1090,Central,9133,662,5186041,2719268,664371,476560,30,66604,97,4.1
2024-10,1091,Branch 1091,North,9426,470,5429174,3447229,711871,521856,31,92805,84,4.1
2024-10,1092,Branch 1092,South,10131,788,7107548,5334654,951942,798000,31,73319,69,4.2
2024-10,1093,Branch 1093,East,8455,457,5394591,3826373,728779,586717,23,61194,147,4.2
2024-10,1094,Branch 1094,West,8832,730,6111242,4007717,783874,510821,25,61593,96,4.2
2024-10,1095,Branch 1095,Central,9335,509,6397561,4492706,782679,495788,27,80390,136,4.2
2024-10,1096,Branch 1096,North,9847,898,7120009,5438678,938162,718128,33,67024,149,4.2
2024-10,1097,Branch 1097,South,8722,551,6161363,4519838,821698,620856,26,62032,143,4.1
2024-10,1098,Branch 1098,East,7559,655,3962601,2268514,449830,339393,22,62839,60,4.3
2024-10,1099,Branch 1099,West,10415,873,6111974,3591451,765276,489373,35,68338,123,4.3
2024-10,1100,Branch 1100,Central,10784,666,6168232,3753351,756540,479385,30,91562,185,4.2
2024-11,1001,Branch 1001,North,9673,729,7063355,4652987,893713,649105,31,81988,118,4.4
2024-11,1002,Branch 1002,South,9109,762,4957883,3361541,623865,482850,25,87894,175,4.2
2024-11,1003,Branch 1003,East,9495,530,5111098,3519267,589509,430560,31,58627,87,4.5
2024-11,1004,Branch 1004,West,9421,814,5802284,3882628,777843,532569,26,71546,128,4.4
2024-11,1005,Branch 1005,Central,9892,861,5261523,3726121,647223,527010,27,70497,196,3.9
2024-11,1006,Branch 1006,North,10349,816,6087812,4490294,703503,513323,32,77458,169,4.1
2024-11,1007,Branch 1007,South,8271,607,5551560,4311846,590089,404985,26,74344,65,4.2
2024-11,1008,Branch 1008,East,7488,685,5125635,2845185,614836,459296,20,69401,130,4.2
2024-11,1009,Branch 1009,West,8549,702,5813554,4385578,751991,490612,24,79476,156,3.9
2024-11,1010,Branch 1010,Central,8463,594,4783914,3298912,661200,447392,27,80681,144,4.5
2024-11,1011,Branch 1011,North,10568,649,6322477,3748202,753793,545391,28,73296,171,4.3
2024-11,1012,Branch 1012,South,7729,681,4371420,3115837,538652,375133,21,57551,123,4.0
2024-11,1013,Branch 1013,East,7756,711,5210582,3964387,720084,529114,20,57838,91,4.5
2024-11,1014,Branch 1014,West,9046,593,4809721,3053771,533246,444520,26,62706,180,4.2
2024-11,1015,Branch 1015,Central,9409,517,6309606,4419065,902563,704428,28,61264,57,4.0
2024-11,1016,Branch 1016,North,7818,376,4605783,2715392,621167,477753,25,74789,147,3.8
2024-11,1017,Branch 1017,South,9455,574,6526162,4753446,897871,577284,28,88650,175,4.0
2024-11,1018,Branch 1018,East,9058,441,5987992,3151243,676432,513685,27,88065,98,4.1
2024-11,1019,Branch 1019,West,8755,397,4750050,3555922,505517,345080,29,86862,92,4.1
2024-11,1020,Branch 1020,Central,8064,458,5038425,3016032,718576,520323,22,75344,98,4.4
2024-11,1021,Branch 1021,North,9837,744,5473983,3190735,620651,476682,27,85645,170,4.0
2024-11,1022,Branch 1022,South,8016,539,4643143,3144211,621976,510717,23,71928,79,4.2
2024-11,1023,Branch 1023,East,8917,767,6125684,4694645,860755,610868,27,71588,102,4.1
2024-11,1024,Branch 1024,West,8155,680,4763623,2811806,616095,486003,23,80121,135,4.2
2024-11,1025,Branch 1025,Central,7865,703,4217831,2362071,500485,312625,25,54167,96,4.4
2024-11,1026,Branch 1026,North,10378,847,6026841,4081004,754980,469974,34,95303,74,4.2
2024-11,1027,Branch 1027,South,9121,532,5624140,4260070,779425,509958,25,70543,63,4.5
2024-11,1028,Branch 1028,East,11477,1084,7115841,3919016,975638,771197,33,91936,145,4.3
2024-11,1029,Branch 1029,West,10219,696,6658336,3673364,688115,474941,29,84115,174,4.1
2024-11,1030,Branch 1030,Central,8589,443,5969585,3252091,589822,375364,26,60393,63,4.6
2024-11,1031,Branch 1031,North,10861,845,6199360,3959554,730923,527113,35,67456,165,4.0
2024-11,1032,Branch 1032,South,10003,689,7006151,5423952,887944,610455,28,78337,180,4.1
2024-11,1033,Branch 1033,East,8026,516,5724031,3126010,788550,526281,23,71936,159,3.8
2024-11,1034,Branch 1034,West,10157,797,6434464,4030434,789670,550616,28,100881,185,3.7
2024-11,1035,Branch 1035,Central,7921,498,4372699,2710525,558336,422416,23,66037,62,4.2
2024-11,1036,Branch 1036,North,7634,646,4825589,3564707,547516,376712,25,46152,67,4.6
2024-11,1037,Branch 1037,South,10475,608,5788782,4212031,796891,521595,31,91796,149,4.1
2024-11,1038,Branch 1038,East,9892,621,5413772,3541291,575270,466630,32,95029,117,4.1
2024-11,1039,Branch 1039,West,8943,562,6112798,4366804,847248,597227,30,82068,71,4.4
2024-11,1040,Branch 1040,Central,9553,827,5014827,3653426,551030,356921,26,90185,94,4.3
2024-11,1041,Branch 1041,North,10525,952,7724424,5406573,995032,788077,31,74810,105,4.4
2024-11,1042,Branch 1042,South,8243,640,4528950,3170495,566834,467309,25,49852,106,4.4
2024-11,1043,Branch 1043,East,8702,583,5990932,3296710,769376,615057,27,64772,86,4.1
2024-11,1044,Branch 1044,West,10206,734,6966417,4315366,891283,566452,34,94823,75,4.5
2024-11,1045,Branch 1045,Central,10302,960,6632565,3714322,789865,647812,27,81365,136,4.7
2024-11,1046,Branch 1046,North,9428,679,4946485,3522130,626085,461703,29,90810,77,4.5
2024-11,1047,Branch 1047,South,7860,625,4633148,3048832,512039,337424,23,47258,62,4.3
2024-11,1048,Branch 1048,East,10268,928,6741652,5083932,764290,521176,33,77395,81,4.1
2024-11,1049,Branch 1049,West,8742,461,6056912,3685982,710870,536081,27,79453,92,4.3
2024-11,1050,Branch 1050,Central,9423,473,5629178,3820420,616675,455309,29,62798,127,4.2
2024-11,1051,Branch 1051,North,9711,770,6491338,4425802,809662,518644,26,65877,137,4.3
2024-11,1052,Branch 1052,South,8403,610,5013542,2842524,630793,482732,22,68651,98,4.2
2024-11,1053,Branch 1053,East,8359,660,4793194,3173212,644513,484785,25,69180,110,4.1
2024-11,1054,Branch 1054,West,9608,643,5915041,3590882,792971,647234,26,75561,70,4.3
2024-11,1055,Branch 1055,Central,8126,371,4226919,2469145,448566,360889,27,69383,128,4.0
2024-11,1056,Branch 1056,North,10594,996,5828626,3504521,686413,443195,34,87209,201,4.3
2024-11,1057,Branch 1057,South,10563,482,6081687,4068472,670415,493585,29,87198,170,4.2
2024-11,1058,Branch 1058,East,7968,492,4417532,2854692,495247,317584,21,55313,50,4.3
2024-11,1059,Branch 1059,West,8644,405,6232244,4506691,634538,525072,27,69677,123,3.9
2024-11,1060,Branch 1060,Central,9395,711,5107823,3024538,581966,380123,28,61911,87,4.1
2024-11,1061,Branch 1061,North,11461,1046,7747984,5124643,787383,565545,34,113910,125,4.2
2024-11,1062,Branch 1062,South,10216,919,7499923,5383443,980851,629363,29,83298,173,4.4
2024-11,1063,Branch 1063,East,8990,476,4792185,3567713,542454,379325,26,56476,167,3.9
2024-11,1064,Branch 1064,West,8487,461,5284499,4041124,688276,479523,27,63845,115,4.2
2024-11,1065,Branch 1065,Central,8307,704,4810272,2627640,486106,385732,23,75389,107,4.2
2024-11,1066,Branch 1066,North,9191,670,5115501,3690307,628280,522495,25,67320,104,4.2
2024-11,1067,Branch 1067,South,9001,783,5980014,4204867,793833,624279,28,83572,115,4.2
2024-11,1068,Branch 1068,East,8612,424,5931230,3995102,713135,458682,26,69138,114,4.4
2024-11,1069,Branch 1069,West,9393,861,4940628,2663295,567620,468096,28,75110,130,4.0
2024-11,1070,Branch 1070,Central,9967,628,6542701,3582455,868347,702742,30,95568,198,4.0
2024-11,1071,Branch 1071,North,8092,538,5352629,2991091,637122,517372,25,61122,109,4.1
2024-11,1072,Branch 1072,South,8202,538,5323377,3057421,724247,539145,23,69601,54,4.3
2024-11,1073,Branch 1073,East,9173,427,5452112,3848023,652864,460157,29,77330,158,4.3
2024-11,1074,Branch 1074,West,10508,513,6701974,4179483,944269,647649,34,63577,191,4.1
2024-11,1075,Branch 1075,Central,10393,908,6451400,4653263,803228,604222,29,84214,134,4.4
2024-11,1076,Branch 1076,North,8261,521,5643800,3820850,771411,483056,28,63888,73,4.3
2024-11,1077,Branch 1077,South,8446,717,5062738,3915848,673620,480812,25,81067,56,4.0
2024-11,1078,Branch 1078,East,9943,540,6048395,4052261,637262,407958,27,89569,65,4.5
2024-11,1079,Branch 1079,West,9327,697,6535566,3987388,778935,555674,27,92869,87,4.2
2024-11,1080,Branch 1080,Central,9167,440,5521707,3536513,698503,471336,28,87453,93,4.3
2024-11,1081,Branch 1081,North,9131,851,6377144,4164860,753319,572466,27,89439,62,4.3
2024-11,1082,Branch 1082,South,7888,466,5002491,2853411,632121,463646,26,57891,130,4.1
2024-11,1083,Branch 1083,East,9698,443,7010813,5449635,823714,654093,31,68693,90,4.1
2024-11,1084,Branch 1084,West,10088,868,5608750,3529641,590494,404411,26,86493,174,4.4
2024-11,1085,Branch 1085,Central,9731,540,6499454,3511285,659337,448451,29,79673,143,4.2
2024-11,1086,Branch 1086,North,9533,641,6435401,3815080,730213,493233,25,67483,125,4.1
2024-11,1087,Branch 1087,South,9251,619,6354306,4690633,885959,657873,27,69649,97,4.3
2024-11,1088,Branch 1088,East,9135,585,4960705,2914919,620788,385719,24,54860,73,4.2
2024-11,1089,Branch 1089,West,10450,755,5964874,4184063,605473,475577,29,73959,168,4.2
2024-11,1090,Branch 1090,Central,9240,645,6342430,3775028,838662,663389,30,69113,92,4.1
2024-11,1091,Branch 1091,North,9803,852,5801282,4207091,823189,608748,26,90872,103,4.1
2024-11,1092,Branch 1092,South,10173,919,5671442,4225710,603089,424158,30,62135,116,4.5
2024-11,1093,Branch 1093,East,7986,540,4313802,2299155,501978,347357,21,51450,89,4.0
2024-11,1094,Branch 1094,West,9442,630,6782450,4456884,891519,569656,28,74290,85,4.4
2024-11,1095,Branch 1095,Central,9661,521,6802925,3811076,848728,585099,26,78604,174,4.1
2024-11,1096,Branch 1096,North,10627,504,5954507,4610138,839168,591769,33,102574,160,4.3
2024-11,1097,Branch 1097,South,8442,546,5351105,3463468,649263,512484,23,72564,106,4.4
2024-11,1098,Branch 1098,East,8372,649,5879901,3215522,591136,369027,23,77130,153,4.3
2024-11,1099,Branch 1099,West,11070,723,7056558,4757354,1016348,813587,30,102603,74,4.2
2024-11,1100,Branch 1100,Central,10316,500,6992951,4413425,862973,651054,34,78065,164,4.0
2024-12,1001,Branch 1001,North,10659,923,7718045,5415137,1105652,796779,34,85244,69,4.5
2024-12,1002,Branch 1002,South,9108,524,4921785,3402644,648802,417490,24,83872,104,4.2
2024-12,1003,Branch 1003,East,9773,585,6357521,4331529,763655,605067,31,82752,76,4.6
2024-12,1004,Branch 1004,West,9473,876,6559450,3459706,696234,476057,30,93960,104,4.1
2024-12,1005,Branch 1005,Central,9964,510,6366095,3540205,709762,530106,30,97116,76,4.1
2024-12,1006,Branch 1006,North,10546,861,5525109,3747480,733158,545151,31,95543,181,4.0
2024-12,1007,Branch 1007,South,7965,539,4441763,2591964,596924,404856,23,56674,66,4.3
2024-12,1008,Branch 1008,East,8050,587,4717085,3253091,521705,397512,22,60812,100,4.2
2024-12,1009,Branch 1009,West,8509,764,4923999,3544917,561589,370173,23,69074,73,4.1
2024-12,1010,Branch 1010,Central,8198,689,5412854,3674110,670891,517946,24,70470,133,3.9
2024-12,1011,Branch 1011,North,11721,682,6544788,4272629,827971,668644,34,108478,110,4.2
2024-12,1012,Branch 1012,South,8657,713,5807271,3846602,758837,549748,28,60586,108,4.0
2024-12,1013,Branch 1013,East,8576,796,5448117,2972007,697332,494844,26,53717,102,4.3
2024-12,1014,Branch 1014,West,8800,778,5693135,3787266,774823,558763,25,59386,165,4.0
2024-12,1015,Branch 1015,Central,9512,864,6133284,4394618,675261,555609,28,90975,142,4.1
2024-12,1016,Branch 1016,North,8108,507,5309368,3372940,614457,512303,23,75128,81,4.1
2024-12,1017,Branch 1017,South,10361,864,5673957,3714727,769848,478856,30,75898,168,4.2
2024-12,1018,Branch 1018,East,8908,837,6258859,4098035,716500,530165,29,56464,125,4.1
2024-12,1019,Branch 1019,West,8463,475,4903627,3796594,594066,459655,27,82881,106,4.1
2024-12,1020,Branch 1020,Central,8159,663,4523233,2869748,596102,465542,26,66019,162,4.0
2024-12,1021,Branch 1021,North,10363,876,7502290,4978656,765563,512289,31,82254,193,4.2
2024-12,1022,Branch 1022,South,7911,693,4585101,2516803,587783,447205,21,69908,151,3.8
2024-12,1023,Branch 1023,East,9124,703,4860644,2608521,513589,399244,30,72394,113,4.2
2024-12,1024,Branch 1024,West,8084,472,4745831,2793183,564045,397358,26,52130,124,4.2
2024-12,1025,Branch 1025,Central,8842,719,5715115,3333497,687096,523838,29,67115,152,4.4
2024-12,1026,Branch 1026,North,10307,903,5722743,3849142,688442,473454,32,89962,113,4.2
2024-12,1027,Branch 1027,South,9336,633,5398103,4181555,568655,387072,26,72750,154,4.2
2024-12,1028,Branch 1028,East,11153,627,8164550,6105711,1150642,846080,33,102746,154,4.4
2024-12,1029,Branch 1029,West,10973,1039,6582958,4107593,935565,706195,32,67040,68,4.4
2024-12,1030,Branch 1030,Central,8555,710,5562601,3897641,722265,503656,24,83207,167,4.3
2024-12,1031,Branch 1031,North,11187,959,7782035,5524431,812327,661756,34,72634,134,4.2
2024-12,1032,Branch 1032,South,10400,942,5441911,2869296,629535,443454,32,80815,93,4.4
2024-12,1033,Branch 1033,East,7921,563,4852595,2575641,562762,466283,23,63715,77,4.1
2024-12,1034,Branch 1034,West,9714,610,6924578,4441931,698211,495481,29,64804,122,4.5
2024-12,1035,Branch 1035,Central,8102,664,5840440,4513354,767270,624848,25,63237,101,4.2
2024-12,1036,Branch 1036,North,8443,466,5982159,3456617,655514,536205,25,70810,51,4.6
2024-12,1037,Branch 1037,South,10126,616,5510996,4057396,794335,588962,27,93809,131,4.2
2024-12,1038,Branch 1038,East,10058,720,6097485,4291467,728089,539680,27,97038,154,4.0
2024-12,1039,Branch 1039,West,8525,503,5633296,3533635,717688,526210,22,72243,130,4.2
2024-12,1040,Branch 1040,Central,8977,851,5728666,4069849,720774,458515,26,71645,105,4.2
2024-12,1041,Branch 1041,North,9984,639,6509085,5055847,882326,735442,31,84970,82,4.3
2024-12,1042,Branch 1042,South,8787,668,4646566,3538111,637332,464278,24,80067,77,4.4
2024-12,1043,Branch 1043,East,8775,714,6216879,4194855,877947,700219,24,81946,87,4.2
2024-12,1044,Branch 1044,West,11238,717,7571710,4091241,751431,585920,34,83821,184,4.2
2024-12,1045,Branch 1045,Central,10079,463,6064262,3197549,705094,577458,28,99632,80,4.3
2024-12,1046,Branch 1046,North,10700,850,7594939,4633171,796084,531114,35,87779,134,4.2
2024-12,1047,Branch 1047,South,8257,750,4650932,3552429,647072,536061,22,68694,147,4.2
2024-12,1048,Branch 1048,East,10527,957,6622026,5031551,787464,578245,33,94468,82,4.2
2024-12,1049,Branch 1049,West,8794,563,5956883,3145755,790887,646861,24,77460,164,4.0
2024-12,1050,Branch 1050,Central,8909,736,4762400,2824797,606368,381045,26,72499,105,4.4
2024-12,1051,Branch 1051,North,10365,539,6478015,4529043,855984,681941,31,82311,146,4.0
2024-12,1052,Branch 1052,South,8545,763,5499963,3134012,616653,415079,25,57982,55,4.1
2024-12,1053,Branch 1053,East,9018,567,5433845,3011834,538310,349186,24,71934,57,4.5
2024-12,1054,Branch 1054,West,9887,853,5884652,3671223,616997,485098,27,59672,171,4.1
2024-12,1055,Branch 1055,Central,9352,781,5103557,3021188,671541,478459,27,68974,61,4.0
2024-12,1056,Branch 1056,North,10619,658,5671787,3283558,650388,437329,31,82041,107,4.0
2024-12,1057,Branch 1057,South,11267,977,7515436,5572717,764512,640972,30,68456,133,4.2
2024-12,1058,Branch 1058,East,8481,603,4712116,3535867,546968,422486,27,70209,156,4.0
2024-12,1059,Branch 1059,West,8139,759,5831297,3267382,665121,439484,22,61489,158,4.1
2024-12,1060,Branch 1060,Central,10053,833,5944077,4483678,694692,457904,27,80678,181,4.4
2024-12,1061,Branch 1061,North,11062,693,7871159,5011338,920922,770880,34,88928,112,4.3
2024-12,1062,Branch 1062,South,10502,881,7024715,4500384,897083,649940,29,92474,176,4.1
2024-12,1063,Branch 1063,East,9067,783,5769916,3464404,617465,463646,27,83889,55,4.4
2024-12,1064,Branch 1064,West,8175,744,6006480,4231283,826759,542490,22,62573,147,4.0
2024-12,1065,Branch 1065,Central,8955,531,5055564,3852749,631254,483043,28,79629,173,3.9
2024-12,1066,Branch 1066,North,9210,533,5855308,4552701,791552,532225,26,71943,61,4.6
2024-12,1067,Branch 1067,South,8891,486,4694137,3542247,627407,435186,28,66906,96,4.2
2024-12,1068,Branch 1068,East,9201,558,6418520,4312138,772435,547860,29,81927,171,4.2
2024-12,1069,Branch 1069,West,9484,737,5970314,4306322,771781,520689,27,73719,139,4.1
2024-12,1070,Branch 1070,Central,10939,785,6535595,3761826,675446,484176,33,103158,179,4.0
2024-12,1071,Branch 1071,North,8431,484,5981006,4527882,745319,494345,24,77662,102,4.0
2024-12,1072,Branch 1072,South,8681,551,4960162,3774111,654690,456394,27,62411,74,3.8
2024-12,1073,Branch 1073,East,9525,817,6045221,4563602,784637,574647,31,82736,145,4.0
2024-12,1074,Branch 1074,West,10756,666,7234692,4436299,909991,712716,30,107158,77,4.4
2024-12,1075,Branch 1075,Central,9564,804,6705101,4850803,907541,570729,31,73272,77,4.6
2024-12,1076,Branch 1076,North,8746,748,5059253,2814342,598981,373223,29,81227,63,4.5
2024-12,1077,Branch 1077,South,8221,652,4939695,3384292,636705,496016,23,49824,62,4.5
2024-12,1078,Branch 1078,East,9763,604,6344918,4025218,622515,404715,28,85326,115,4.1
2024-12,1079,Branch 1079,West,10264,514,6113511,4196062,609719,428348,28,99465,202,4.3
2024-12,1080,Branch 1080,Central,9575,613,6950285,4357336,938526,708947,30,82957,153,4.1
2024-12,1081,Branch 1081,North,8935,456,5964690,4193543,805480,596752,28,75260,175,4.6
2024-12,1082,Branch 1082,South,8335,681,4503572,2475028,545523,375673,25,74959,108,3.9
2024-12,1083,Branch 1083,East,9616,736,5826318,4044875,678551,481411,28,65540,185,4.2
2024-12,1084,Branch 1084,West,10427,763,6358688,4073451,710786,440892,31,99155,74,4.1
2024-12,1085,Branch 1085,Central,10742,524,5916174,4033549,621511,445340,32,105190,171,4.2
2024-12,1086,Branch 1086,North,9310,758,6564083,5050205,837112,527275,25,74494,158,4.1
2024-12,1087,Branch 1087,South,8986,691,4785758,3060586,580724,390323,27,84762,94,4.2
2024-12,1088,Branch 1088,East,9377,723,6174609,4381915,880299,701572,25,66664,170,4.1
2024-12,1089,Branch 1089,West,11415,997,8212941,4378082,977048,692996,35,106739,84,4.3
2024-12,1090,Branch 1090,Central,9541,469,5970310,3369270,806552,611783,27,78329,182,3.9
2024-12,1091,Branch 1091,North,9231,504,6503626,4217852,803456,607787,30,76668,159,4.2
2024-12,1092,Branch 1092,South,9813,652,6087654,4543075,719063,602319,26,98057,138,4.0
2024-12,1093,Branch 1093,East,8425,622,6170373,4385913,700000,523820,25,64470,114,4.2
2024-12,1094,Branch 1094,West,9476,664,6458672,3689720,720509,511135,32,68588,138,4.1
2024-12,1095,Branch 1095,Central,10159,468,7208467,4638818,751990,613019,28,64699,105,4.2
2024-12,1096,Branch 1096,North,10496,795,6097131,4219234,686871,440984,35,75215,107,4.2
2024-12,1097,Branch 1097,South,9216,690,5637371,4095257,730741,598854,29,60572,169,4.1
2024-12,1098,Branch 1098,East,8458,605,6092261,4542150,803471,562088,25,56977,102,4.2
2024-12,1099,Branch 1099,West,11472,617,8230909,5571888,892512,725008,33,78995,112,4.1
2024-12,1100,Branch 1100,Central,11537,764,6316501,3405715,637794,512185,31,106047,133,4.3
2025-01,1001,Branch 1001,North,10970,924,6062091,3347658,798175,586992,37,68433,99,4.2
2025-01,1002,Branch 1002,South,9116,644,6367873,4397094,668914,466360,26,64734,57,4.4
2025-01,1003,Branch 1003,East,9643,509,6958110,4052590,945273,642091,30,87251,123,4.2
2025-01,1004,Branch 1004,West,9974,664,6038111,4337644,808718,609119,26,89676,135,4.1
2025-01,1005,Branch 1005,Central,10399,616,7016146,3868651,790687,628947,31,82305,103,4.2
2025-01,1006,Branch 1006,North,11432,913,6399318,3411533,625795,459475,37,102285,172,4.4
2025-01,1007,Branch 1007,South,8231,567,5077338,3559115,531509,354253,22,80247,80,4.4
2025-01,1008,Branch 1008,East,8069,414,5332326,3695128,774225,646885,23,65898,94,4.4
2025-01,1009,Branch 1009,West,8651,539,4577635,2708469,601325,431235,29,67194,93,4.0
2025-01,1010,Branch 1010,Central,8992,471,4886878,3264659,505363,373310,27,68315,99,4.2
2025-01,1011,Branch 1011,North,11543,957,6179216,4376076,696544,479066,37,85802,211,3.9
2025-01,1012,Branch 1012,South,8051,709,5423142,3482048,590124,414509,24,60955,123,4.2
2025-01,1013,Branch 1013,East,8628,739,5746689,3952964,800838,566986,24,58388,57,4.3
2025-01,1014,Branch 1014,West,9136,659,5796280,3641138,636402,432054,24,59956,134,4.0
2025-01,1015,Branch 1015,Central,10849,525,5947233,4491036,607192,492140,35,73930,151,3.9
2025-01,1016,Branch 1016,North,8563,782,4929937,3574295,678024,479958,26,76212,88,4.6
2025-01,1017,Branch 1017,South,9932,485,5571619,3821275,679909,538909,33,79069,114,4.3
2025-01,1018,Branch 1018,East,9221,553,6005328,4046673,685924,562761,26,67725,124,4.3
2025-01,1019,Branch 1019,West,9689,686,5152485,3062321,557853,433267,28,92812,166,4.3
2025-01,1020,Branch 1020,Central,8154,724,4681736,2940141,544855,340347,25,49061,132,3.9
2025-01,1021,Branch 1021,North,10269,662,6654495,4889104,740856,599156,30,72406,64,4.5
2025-01,1022,Branch 1022,South,8791,433,5695526,4283745,618953,423153,23,82764,66,4.5
2025-01,1023,Branch 1023,East,9435,801,6886317,3814028,798730,650702,25,78182,74,4.3
2025-01,1024,Branch 1024,West,8254,641,5950465,4150277,774840,533807,27,65715,114,4.2
2025-01,1025,Branch 1025,Central,9029,429,6147008,3522524,797530,551906,25,82056,85,4.2
2025-01,1026,Branch 1026,North,9837,841,5678117,3251902,771157,540175,29,82612,60,4.3
2025-01,1027,Branch 1027,South,9468,862,6399460,3385024,722159,509938,31,71069,63,4.5
2025-01,1028,Branch 1028,East,11024,978,5906003,3175030,765732,514351,31,90710,198,3.9
2025-01,1029,Branch 1029,West,11913,675,7954673,4145184,935896,588351,38,90039,123,4.2
2025-01,1030,Branch 1030,Central,9163,826,6248795,3510082,659013,430921,29,74917,65,4.4
2025-01,1031,Branch 1031,North,10647,727,7762721,4408157,810085,600169,32,83300,139,4.4
2025-01,1032,Branch 1032,South,10845,875,7882999,5914318,876067,728937,32,96116,192,4.2
2025-01,1033,Branch 1033,East,8395,783,5972052,3469955,814065,573445,23,70666,130,4.2
2025-01,1034,Branch 1034,West,10254,606,6625281,4757188,816102,541533,27,95023,197,3.9
2025-01,1035,Branch 1035,Central,8587,522,5155710,3945973,639241,426784,25,66430,154,4.2
2025-01,1036,Branch 1036,North,8203,409,5030411,3383230,582447,479362,24,57509,61,4.5
2025-01,1037,Branch 1037,South,11259,756,6657994,4580895,878310,605238,33,76189,182,4.2
2025-01,1038,Branch 1038,East,10104,654,7017268,5451713,874320,593941,28,88999,121,4.2
2025-01,1039,Branch 1039,West,9438,694,6954471,4929232,684688,477784,26,77911,119,4.4
2025-01,1040,Branch 1040,Central,10199,535,6504734,4901401,860943,613984,29,74449,91,4.2
2025-01,1041,Branch 1041,North,10232,643,6246048,3903663,810251,589429,29,94704,139,4.4
2025-01,1042,Branch 1042,South,9198,493,4866239,2740942,502188,316429,26,55437,93,4.3
2025-01,1043,Branch 1043,East,9587,506,5364279,4002738,779558,546597,28,80676,156,4.5
2025-01,1044,Branch 1044,West,10342,594,6265753,3855527,834740,655551,32,101691,102,4.4
2025-01,1045,Branch 1045,Central,11211,578,6281845,4140603,708462,462333,31,100543,108,4.1
2025-01,1046,Branch 1046,North,10190,563,5877160,3680830,697635,465273,31,76174,161,4.2
2025-01,1047,Branch 1047,South,8834,762,6343354,4590231,848577,681954,23,87704,129,4.2
2025-01,1048,Branch 1048,East,10387,702,5641883,3800303,644920,468012,35,90791,119,4.6
2025-01,1049,Branch 1049,West,9537,580,5328453,3167227,665007,536996,26,63928,96,4.6
2025-01,1050,Branch 1050,Central,9810,871,5599497,3910619,608759,425357,27,67696,123,4.1
2025-01,1051,Branch 1051,North,10158,924,7362135,4517619,876708,641602,34,92307,122,4.3
2025-01,1052,Branch 1052,South,9252,507,5397163,3251787,627153,441310,27,69408,163,4.2
2025-01,1053,Branch 1053,East,9236,756,5987590,3239759,765979,477446,28,59698,120,4.2
2025-01,1054,Branch 1054,West,10243,648,6146030,4061480,634699,483383,34,91347,185,4.0
2025-01,1055,Branch 1055,Central,9395,443,5226766,3385465,695221,471842,26,85264,148,4.0
2025-01,1056,Branch 1056,North,11351,892,6712355,5164711,950677,705218,32,69837,226,4.2
2025-01,1057,Branch 1057,South,11319,567,7565691,4786036,1037601,681512,33,102586,73,4.1
2025-01,1058,Branch 1058,East,8807,414,6104548,4128084,683307,555979,24,64166,168,4.0
2025-01,1059,Branch 1059,West,8949,730,5039149,3758383,585834,483889,29,82989,168,3.9
2025-01,1060,Branch 1060,Central,9653,631,5768847,4184262,655302,442549,27,75576,189,4.3
2025-01,1061,Branch 1061,North,11240,994,8268907,5019658,1074437,854121,36,67577,114,4.3
2025-01,1062,Branch 1062,South,9776,534,5199854,3969961,715115,573057,33,62653,169,4.2
2025-01,1063,Branch 1063,East,8903,533,6395391,3416523,756550,619538,25,83330,126,4.2
2025-01,1064,Branch 1064,West,8693,732,5898878,4074549,695172,528749,26,53042,109,4.3
2025-01,1065,Branch 1065,Central,9219,499,5954557,3483113,606945,438743,26,80971,173,4.2
2025-01,1066,Branch 1066,North,9755,672,5215048,3926907,613165,410527,30,75133,141,4.2
2025-01,1067,Branch 1067,South,9694,612,5867899,4227256,712707,559088,31,74466,145,4.1
2025-01,1068,Branch 1068,East,9631,834,5111676,2797498,535448,344966,29,58594,180,4.2
2025-01,1069,Branch 1069,West,10806,792,6374587,4935912,792480,657151,31,87435,87,4.4
2025-01,1070,Branch 1070,Central,10590,847,6293046,4565003,739429,581869,33,75023,122,4.3
2025-01,1071,Branch 1071,North,8209,391,5012321,3414144,607364,455981,24,78652,159,4.2
2025-01,1072,Branch 1072,South,8077,549,4719997,2587732,590647,489335,27,78948,132,4.2
2025-01,1073,Branch 1073,East,9065,454,5148025,3438618,695832,561273,27,61216,83,4.1
2025-01,1074,Branch 1074,West,10683,842,7178312,4019140,983048,775523,29,70830,191,4.0
2025-01,1075,Branch 1075,Central,10966,539,6480228,4042590,892487,570103,32,68862,148,3.9
2025-01,1076,Branch 1076,North,9292,828,6733121,3998867,816876,584515,28,64909,183,4.2
2025-01,1077,Branch 1077,South,8937,689,6228862,3913685,625666,437185,24,87939,102,4.0
2025-01,1078,Branch 1078,East,9901,680,5560749,3220667,606842,502503,30,62013,71,4.5
2025-01,1079,Branch 1079,West,9431,790,6869068,4453672,772433,590126,31,84684,164,4.2
2025-01,1080,Branch 1080,Central,10092,922,5380504,3919753,681001,446593,34,66739,160,4.2
2025-01,1081,Branch 1081,North,9577,852,6443965,4186325,787242,642448,28,92961,178,4.0
2025-01,1082,Branch 1082,South,8602,792,6304191,4048089,811692,662122,25,66425,157,4.4
2025-01,1083,Branch 1083,East,9646,851,6817093,5070161,730699,612603,29,61549,161,4.1
2025-01,1084,Branch 1084,West,10606,996,5686933,3916889,697104,481648,34,68277,203,4.1
2025-01,1085,Branch 1085,Central,11194,836,6569118,4641937,876477,709561,33,110166,137,4.4
2025-01,1086,Branch 1086,North,9961,692,5767967,3105389,670691,487559,29,79307,92,4.3
2025-01,1087,Branch 1087,South,9464,837,6769396,4103354,851807,681275,27,70537,183,4.2
2025-01,1088,Branch 1088,East,9204,603,6819763,3918646,895388,570461,25,82466,138,4.3
2025-01,1089,Branch 1089,West,11556,799,8299583,5477894,1004316,814023,30,71561,147,4.0
2025-01,1090,Branch 1090,Central,9489,566,5103051,3258586,514008,358287,27,77567,78,4.3
2025-01,1091,Branch 1091,North,9662,766,6551417,4948576,948129,627964,29,82785,60,4.1
2025-01,1092,Branch 1092,South,11346,743,7415549,4036336,886139,621726,33,93177,77,4.2
2025-01,1093,Branch 1093,East,8736,707,4812068,3022230,521321,352200,29,73002,174,3.9
2025-01,1094,Branch 1094,West,9414,753,6396467,4584164,731765,457922,28,57460,66,4.2
2025-01,1095,Branch 1095,Central,10825,877,7061944,4100653,816241,533360,35,103983,119,4.2
2025-01,1096,Branch 1096,North,11539,959,7644827,4008046,729978,518583,34,89601,218,4.1
2025-01,1097,Branch 1097,South,8905,428,5196000,3531067,612719,382159,24,82953,83,4.3
2025-01,1098,Branch 1098,East,8143,451,5972912,3332969,815677,606381,25,74483,95,4.3
2025-01,1099,Branch 1099,West,11967,698,7264401,4006670,1015487,770937,37,102240,220,4.3
2025-01,1100,Branch 1100,Central,11876,932,8059174,6204962,975917,725719,39,93164,161,4.2
2025-02,1001,Branch 1001,North,10850,720,6259785,4196334,646836,492031,29,101883,199,4.0
2025-02,1002,Branch 1002,South,10027,793,6860584,3758741,826543,535842,31,92614,159,4.2
2025-02,1003,Branch 1003,East,10603,555,6426430,4545372,750975,491429,28,103160,210,4.1
2025-02,1004,Branch 1004,West,10285,514,5806571,3539495,595996,381647,32,90838,110,4.1
2025-02,1005,Branch 1005,Central,10259,862,7039758,3671509,837176,677079,30,73866,173,4.0
2025-02,1006,Branch 1006,North,12107,915,6573900,3785740,724806,496472,37,109228,207,3.8
2025-02,1007,Branch 1007,South,8952,414,5742484,3768014,726807,534555,24,81218,55,4.1
2025-02,1008,Branch 1008,East,8828,826,6161309,3454567,853290,651204,29,63579,123,4.2
2025-02,1009,Branch 1009,West,9613,807,6612802,4348784,757531,471983,30,65886,67,4.3
2025-02,1010,Branch 1010,Central,8863,783,6563821,3855123,675303,505224,26,88399,132,4.2
2025-02,1011,Branch 1011,North,11491,1010,6558891,4100244,835028,532287,37,100270,89,4.2
2025-02,1012,Branch 1012,South,8285,651,4699473,3026000,529934,373095,26,72603,84,4.0
2025-02,1013,Branch 1013,East,8462,553,4879558,3657194,699957,526641,28,56308,62,3.8
2025-02,1014,Branch 1014,West,9407,543,6853583,4368567,826520,553553,31,80837,108,4.2
2025-02,1015,Branch 1015,Central,10401,718,7375388,5492519,854719,563974,29,96095,126,4.2
2025-02,1016,Branch 1016,North,9125,737,5330609,3664827,582263,407952,29,78515,159,4.3
2025-02,1017,Branch 1017,South,10460,782,6673808,3838895,695899,549321,35,86306,138,4.3
2025-02,1018,Branch 1018,East,9407,858,5591572,3829102,592821,394919,26,84401,94,4.6
2025-02,1019,Branch 1019,West,9224,620,5991854,4060277,731005,467818,26,59886,61,4.3
2025-02,1020,Branch 1020,Central,9214,867,5680748,3749674,717154,598747,29,74128,169,4.1
2025-02,1021,Branch 1021,North,11262,764,7716668,5927263,1024988,738769,32,69497,210,4.1
2025-02,1022,Branch 1022,South,9108,532,5055191,3011274,625930,448134,25,69188,63,4.3
2025-02,1023,Branch 1023,East,9353,463,6624578,5154579,785936,548703,25,62912,105,4.2
2025-02,1024,Branch 1024,West,9077,557,6237775,3785192,669046,485063,25,67142,99,4.3
2025-02,1025,Branch 1025,Central,9059,647,5248288,3255104,609693,450305,31,82114,160,4.3
2025-02,1026,Branch 1026,North,10973,672,8136781,5781212,915114,638102,29,100739,73,4.4
2025-02,1027,Branch 1027,South,9811,847,5222935,2834588,618956,512276,30,96718,94,4.2
2025-02,1028,Branch 1028,East,11214,547,7465519,3885172,812675,650038,31,81150,216,4.1
2025-02,1029,Branch 1029,West,11753,656,8573123,5839899,1119376,846012,31,70625,195,4.1
2025-02,1030,Branch 1030,Central,9073,691,5476270,4150156,592866,422035,26,89965,83,4.0
2025-02,1031,Branch 1031,North,10944,969,7135896,5019524,734083,550676,31,71638,161,4.1
2025-02,1032,Branch 1032,South,10775,997,7782407,4677525,1006764,721301,31,96421,105,4.2
2025-02,1033,Branch 1033,East,8672,577,5650926,3657114,755086,544630,28,70660,109,4.2
2025-02,1034,Branch 1034,West,11010,653,7915577,4290139,967780,792660,34,106811,178,4.0
2025-02,1035,Branch 1035,Central,8823,468,5378609,2901612,738391,582401,29,66419,129,3.9
2025-02,1036,Branch 1036,North,8258,723,6105562,3205471,686092,486731,22,50703,91,4.3
2025-02,1037,Branch 1037,South,10757,833,7492570,5378023,808862,516999,30,65703,160,4.3
2025-02,1038,Branch 1038,East,10350,981,6922844,4396598,779120,532742,28,93863,113,4.2
2025-02,1039,Branch 1039,West,9249,444,6686639,3991569,849668,638377,25,66016,65,4.3
2025-02,1040,Branch 1040,Central,9968,841,7141040,3942041,790640,512350,28,78847,195,4.4
2025-02,1041,Branch 1041,North,11275,968,7035791,5371333,906199,636433,34,104451,143,4.3
2025-02,1042,Branch 1042,South,9432,571,5057892,2815831,546592,357517,28,64018,126,4.1
2025-02,1043,Branch 1043,East,9367,561,6897658,4280227,888974,634475,26,88403,100,4.4
2025-02,1044,Branch 1044,West,10722,620,6455381,3885338,683344,543851,32,92608,182,4.4
2025-02,1045,Branch 1045,Central,11279,916,7430153,4544315,851514,529294,34,85290,81,4.4
2025-02,1046,Branch 1046,North,10935,606,5942886,4322036,801027,505958,33,69014,176,4.1
2025-02,1047,Branch 1047,South,8362,526,5662993,4005056,636579,431242,25,59991,58,4.3
2025-02,1048,Branch 1048,East,10578,554,5914229,4364273,779529,611942,30,76616,199,4.3
2025-02,1049,Branch 1049,West,9639,897,6345182,4723005,744820,497378,29,91268,67,4.3
2025-02,1050,Branch 1050,Central,9918,771,5665563,3563335,659438,497444,27,89923,150,4.2
2025-02,1051,Branch 1051,North,10925,573,6940884,3990152,826381,655288,31,75900,153,4.5
2025-02,1052,Branch 1052,South,9729,864,6731819,4436498,819716,687706,32,78446,65,4.2
2025-02,1053,Branch 1053,East,9864,570,6232059,4478053,743068,507635,31,60880,105,4.2
2025-02,1054,Branch 1054,West,10778,691,6404753,3937644,666417,498249,28,106690,132,4.4
2025-02,1055,Branch 1055,Central,9877,684,5610816,3508749,636849,501861,30,95522,141,4.2
2025-02,1056,Branch 1056,North,11290,632,6085515,3739731,820237,517545,32,95839,159,4.2
2025-02,1057,Branch 1057,South,11373,875,7115980,4565744,798026,586578,37,72108,105,4.2
2025-02,1058,Branch 1058,East,9484,755,6694778,3696010,933682,661728,28,68537,75,4.1
2025-02,1059,Branch 1059,West,9341,737,5874769,3400033,702097,499457,30,84282,60,4.2
2025-02,1060,Branch 1060,Central,9998,482,7125181,4939698,725757,470351,30,63046,164,4.3
2025-02,1061,Branch 1061,North,12567,1041,8673055,6668888,1127309,836410,40,78286,157,4.2
2025-02,1062,Branch 1062,South,10068,583,6088537,4158575,852383,622030,31,76449,85,4.3
2025-02,1063,Branch 1063,East,10234,599,7034520,4400488,859797,577598,28,75423,181,4.2
2025-02,1064,Branch 1064,West,8794,807,6513761,3479527,841799,702180,29,82725,142,4.4
2025-02,1065,Branch 1065,Central,8876,766,5724494,3360251,751007,497070,29,64152,72,4.2
2025-02,1066,Branch 1066,North,10539,687,6269490,3865681,642267,489054,31,98167,196,4.2
2025-02,1067,Branch 1067,South,10172,721,6023288,3240947,667745,437171,29,86125,129,4.2
2025-02,1068,Branch 1068,East,8961,590,5044001,3680353,661914,426663,24,81862,59,4.4
2025-02,1069,Branch 1069,West,10878,606,5815258,4013647,804244,603010,32,89973,121,4.4
2025-02,1070,Branch 1070,Central,12172,890,8829463,6573127,1255576,946306,40,104832,113,4.2
2025-02,1071,Branch 1071,North,9136,528,5862517,3562246,836565,586496,26,70689,77,4.3
2025-02,1072,Branch 1072,South,8678,477,5896236,4022391,669662,522900,23,63863,135,4.0
2025-02,1073,Branch 1073,East,10317,782,6831190,5068492,920269,573223,34,74979,120,4.4
2025-02,1074,Branch 1074,West,10374,619,6209303,3505078,734349,613536,34,96837,162,4.2
2025-02,1075,Branch 1075,Central,10812,834,5792215,4488892,699423,496404,36,78617,132,4.1
2025-02,1076,Branch 1076,North,9071,777,5664954,3143570,597757,416531,28,80789,60,4.1
2025-02,1077,Branch 1077,South,9151,487,6191912,3823687,858858,711158,25,65115,135,4.5
2025-02,1078,Branch 1078,East,10060,479,7406822,5384910,987422,774191,29,84141,96,4.3
2025-02,1079,Branch 1079,West,10194,728,6086964,4723485,855730,552079,27,91562,75,4.1
2025-02,1080,Branch 1080,Central,10906,823,7974672,5630436,874892,688964,29,67321,208,4.1
2025-02,1081,Branch 1081,North,9070,826,6729182,4152266,793961,580262,28,61086,170,4.4
2025-02,1082,Branch 1082,South,9019,529,6305824,3437776,618533,393391,28,77278,65,4.3
2025-02,1083,Branch 1083,East,10019,722,6087459,4220448,826914,612651,26,91122,197,4.2
2025-02,1084,Branch 1084,West,10776,909,7168887,4463751,811758,597396,33,70871,158,4.2
2025-02,1085,Branch 1085,Central,10631,515,7504230,5475385,939691,626713,35,74522,114,4.1
2025-02,1086,Branch 1086,North,10750,531,6046758,4470186,633825,418969,32,79034,143,4.1
2025-02,1087,Branch 1087,South,10171,650,7293486,3944981,1016368,773793,28,97148,146,4.0
2025-02,1088,Branch 1088,East,10231,926,5542156,3031185,624909,514715,29,61767,106,4.4
2025-02,1089,Branch 1089,West,12105,1141,8530452,5309730,982651,801950,36,111215,74,4.3
2025-02,1090,Branch 1090,Central,10024,638,7259076,5626814,931504,671687,27,98434,104,4.2
2025-02,1091,Branch 1091,North,9725,901,7117231,4345587,868215,608916,27,68041,73,4.4
2025-02,1092,Branch 1092,South,11644,638,8585381,6593745,921463,578513,30,96804,95,4.2
2025-02,1093,Branch 1093,East,8612,803,5631721,3679687,764724,628891,24,70087,53,4.4
2025-02,1094,Branch 1094,West,10084,602,6648054,4181119,852553,649888,31,97770,145,4.1
2025-02,1095,Branch 1095,Central,10754,803,6320093,4292560,875042,611404,33,87470,186,4.2
2025-02,1096,Branch 1096,North,10749,611,7352311,5696952,896694,699464,30,82816,131,4.1
2025-02,1097,Branch 1097,South,9265,839,6326299,3542290,772044,578657,31,79008,87,4.4
2025-02,1098,Branch 1098,East,8708,748,6081614,3877687,821854,652621,30,69493,135,4.2
2025-02,1099,Branch 1099,West,12337,1022,8093084,5010122,1084787,739981,40,78031,228,4.5
2025-02,1100,Branch 1100,Central,11738,572,7855539,4279642,834985,672420,35,104215,142,4.4
2025-03,1001,Branch 1001,North,11914,1116,7020503,4264056,832213,551884,35,105227,223,4.2
2025-03,1002,Branch 1002,South,9947,633,5753284,3728140,786362,549846,27,64999,172,4.1
2025-03,1003,Branch 1003,East,10511,640,6916386,3885495,818307,673190,29,97806,107,4.3
2025-03,1004,Branch 1004,West,9679,439,6717096,4430799,783313,602736,27,67956,88,4.1
2025-03,1005,Branch 1005,Central,11060,1017,5918514,3675668,826678,573198,30,77616,199,4.2
2025-03,1006,Branch 1006,North,12212,705,7819387,6011446,984148,748730,37,86301,231,4.0
2025-03,1007,Branch 1007,South,9146,490,4957354,3709541,726985,514667,27,83921,148,4.4
2025-03,1008,Branch 1008,East,9137,533,5574230,4082015,575501,413761,26,77754,124,4.4
2025-03,1009,Branch 1009,West,9331,736,5695816,4366669,797353,567800,30,74193,58,4.5
2025-03,1010,Branch 1010,Central,9288,832,6298239,4326113,691865,450216,27,60156,88,4.2
2025-03,1011,Branch 1011,North,11841,588,7668403,4537786,797139,547936,38,83863,124,4.6
2025-03,1012,Branch 1012,South,9045,531,5365416,2997040,656567,420041,30,56255,135,4.3
2025-03,1013,Branch 1013,East,8619,795,6450100,4267047,700608,535995,23,82060,144,3.8
2025-03,1014,Branch 1014,West,10108,903,6284023,4673406,807260,637290,29,65397,103,4.2
2025-03,1015,Branch 1015,Central,10948,1024,5991844,4235573,798780,524540,31,86061,218,4.2
2025-03,1016,Branch 1016,North,8543,789,4581014,3041218,479476,310988,27,72292,129,4.1
2025-03,1017,Branch 1017,South,10884,503,7961368,5353591,1152982,929214,31,107954,137,4.3
2025-03,1018,Branch 1018,East,9548,741,6098509,4342456,651782,485086,31,83553,74,4.5
2025-03,1019,Branch 1019,West,9480,729,6227403,3252851,734114,461525,30,82491,120,4.2
2025-03,1020,Branch 1020,Central,8873,531,6184427,3695784,629877,401913,26,64908,129,4.1
2025-03,1021,Branch 1021,North,10670,855,6952650,4073561,667692,509641,33,102313,115,4.2
2025-03,1022,Branch 1022,South,8610,729,5217951,4014520,620956,440476,27,54839,161,4.3
2025-03,1023,Branch 1023,East,9371,552,5411771,3481050,752486,488165,31,80188,183,4.2
2025-03,1024,Branch 1024,West,9268,500,5689510,4105560,691146,465053,27,64852,96,4.2
2025-03,1025,Branch 1025,Central,9241,549,5767224,3819810,829870,582237,25,58176,124,4.0
2025-03,1026,Branch 1026,North,10733,589,7182102,5539700,1064084,734052,29,71087,155,4.3
2025-03,1027,Branch 1027,South,9899,887,6261805,3744687,741787,585226,31,59610,169,3.9
2025-03,1028,Branch 1028,East,12356,716,7540060,5400015,791982,569635,39,89523,233,4.3
2025-03,1029,Branch 1029,West,11378,722,7259057,3912209,731185,457141,36,100512,176,4.1
2025-03,1030,Branch 1030,Central,9380,730,6957434,4192684,923249,597104,27,78796,85,3.9
2025-03,1031,Branch 1031,North,11451,653,6741796,5048341,790963,652284,32,78866,107,4.3
2025-03,1032,Branch 1032,South,12375,641,6632769,3692565,839836,629724,36,120558,244,4.1
2025-03,1033,Branch 1033,East,9090,682,5161179,3766447,605867,411073,28,74231,166,4.2
2025-03,1034,Branch 1034,West,11203,602,7773379,5132906,866475,637948,31,72951,199,4.1
2025-03,1035,Branch 1035,Central,9741,764,5328254,2897766,594198,436898,31,83448,187,4.4
2025-03,1036,Branch 1036,North,8533,403,5999576,3419913,739105,551031,27,80784,83,4.5
2025-03,1037,Branch 1037,South,11517,984,7920808,4997852,800156,531074,31,110127,136,4.5
2025-03,1038,Branch 1038,East,9911,596,7388660,5604262,883020,689696,31,88175,141,3.8
2025-03,1039,Branch 1039,West,9530,820,5932697,4260927,646725,413073,25,81975,101,4.3
2025-03,1040,Branch 1040,Central,10353,928,7502520,5830517,935979,655971,29,88037,73,4.6
2025-03,1041,Branch 1041,North,11351,942,7647381,4643670,1067078,733605,32,89148,203,4.2
2025-03,1042,Branch 1042,South,9344,535,6145846,3839621,720165,584781,28,87998,185,4.0
2025-03,1043,Branch 1043,East,10128,838,6169923,3612640,776449,513647,33,66307,186,4.3
2025-03,1044,Branch 1044,West,11784,979,7588627,5382957,950826,790128,32,101210,143,4.0
2025-03,1045,Branch 1045,Central,11523,916,8390575,5912906,939559,640415,36,73919,96,4.3
2025-03,1046,Branch 1046,North,10971,924,5985848,3693919,720921,536158,29,97776,101,4.0
2025-03,1047,Branch 1047,South,8829,440,6131229,3517278,843156,674016,23,61917,166,4.2
2025-03,1048,Branch 1048,East,11938,1095,7317310,4121420,882471,557325,38,105148,122,4.2
2025-03,1049,Branch 1049,West,9098,760,4932763,3819924,637183,466223,28,71345,69,4.4
2025-03,1050,Branch 1050,Central,9682,784,5342885,3289166,582129,417982,27,74727,81,4.5
2025-03,1051,Branch 1051,North,10699,802,7407006,4992226,975685,761612,29,105438,172,3.9
2025-03,1052,Branch 1052,South,10343,783,7452226,4173391,898011,674441,35,77226,137,4.3
2025-03,1053,Branch 1053,East,9258,561,6386686,4029199,654602,480383,24,70487,170,3.9
2025-03,1054,Branch 1054,West,10459,833,7758327,5114471,1069922,850888,28,102442,101,4.4
2025-03,1055,Branch 1055,Central,9267,594,6791397,5170375,881034,682813,30,64746,69,4.2
2025-03,1056,Branch 1056,North,12424,1137,8724951,6410702,956166,742409,38,111463,109,3.8
2025-03,1057,Branch 1057,South,11472,1020,8056062,5340466,992113,804521,31,69240,199,4.3
2025-03,1058,Branch 1058,East,9556,867,6809513,4528864,744364,564771,27,75150,63,4.1
2025-03,1059,Branch 1059,West,9528,446,6243442,4561296,771179,635271,32,79068,87,4.3
2025-03,1060,Branch 1060,Central,10378,523,6163864,3774505,766327,600345,27,97878,102,4.6
2025-03,1061,Branch 1061,North,12776,906,7668975,4793155,803648,603065,37,126039,81,4.2
2025-03,1062,Branch 1062,South,11320,889,6896016,4531747,734487,542027,34,88806,111,4.3
2025-03,1063,Branch 1063,East,9677,831,6661190,5147273,897602,626201,30,80402,98,4.3
2025-03,1064,Branch 1064,West,9099,534,5796687,4332019,756229,569872,24,56223,167,4.2
2025-03,1065,Branch 1065,Central,9439,482,5970019,3814683,612343,452273,31,84044,129,4.2
2025-03,1066,Branch 1066,North,10286,683,6429536,4584817,801209,519232,32,80107,110,3.9
2025-03,1067,Branch 1067,South,9892,683,6550235,4731507,788223,591607,33,66320,191,4.3
2025-03,1068,Branch 1068,East,9932,903,5712105,3032427,646423,507043,32,60423,70,4.1
2025-03,1069,Branch 1069,West,11283,533,7502016,4995036,1035009,713782,37,103140,76,4.4
2025-03,1070,Branch 1070,Central,11671,849,8163203,4278427,987002,697541,34,74868,167,4.1
2025-03,1071,Branch 1071,North,8582,771,5825842,3961013,724159,468445,27,63353,103,4.1
2025-03,1072,Branch 1072,South,9023,758,5376184,3220022,592336,450152,24,73193,160,4.1
2025-03,1073,Branch 1073,East,9670,854,6245452,4763707,791122,541436,26,75191,150,4.1
2025-03,1074,Branch 1074,West,11112,778,8366532,5200142,861292,612009,31,70551,199,4.0
2025-03,1075,Branch 1075,Central,11595,796,8501095,5430052,1211916,1016015,39,72487,148,4.1
2025-03,1076,Branch 1076,North,9229,780,5521452,3675718,724779,553652,25,62270,132,4.2
2025-03,1077,Branch 1077,South,9333,523,5870658,4379594,823477,601121,31,84729,140,4.3
2025-03,1078,Branch 1078,East,10365,738,6669304,5067148,939018,740756,31,90022,64,4.6
2025-03,1079,Branch 1079,West,11131,805,7788256,4216011,1076242,880945,30,91499,138,4.5
2025-03,1080,Branch 1080,Central,10790,610,6494748,4217935,807671,520606,32,89797,90,4.2
2025-03,1081,Branch 1081,North,10298,961,7385348,3936379,1030169,800949,34,91368,116,3.9
2025-03,1082,Branch 1082,South,8509,451,5323849,3954632,721319,467396,24,68154,78,4.2
2025-03,1083,Branch 1083,East,11103,895,6288605,4437018,878315,703706,30,75812,135,4.0
2025-03,1084,Branch 1084,West,10685,492,6254818,3846248,816840,640666,29,88738,174,3.9
2025-03,1085,Branch 1085,Central,11609,1079,7632155,4278785,945234,739290,36,87595,129,4.3
2025-03,1086,Branch 1086,North,10570,983,5848348,3904327,779079,616151,34,73314,197,4.0
2025-03,1087,Branch 1087,South,9397,871,6688578,4111228,888804,574484,27,87536,80,4.2
2025-03,1088,Branch 1088,East,9656,607,6430089,4201184,776297,562610,29,60833,70,4.2
2025-03,1089,Branch 1089,West,12638,775,6907509,5091568,812894,599327,37,86100,123,4.3
2025-03,1090,Branch 1090,Central,10279,682,6949162,4535863,802358,586114,27,65992,109,4.7
2025-03,1091,Branch 1091,North,10424,789,5949201,4135870,786916,618998,30,87214,130,3.9
2025-03,1092,Branch 1092,South,10692,1007,8075893,6294762,1078738,745597,32,89686,95,4.3
2025-03,1093,Branch 1093,East,9267,574,5224337,3653091,706811,551973,25,67082,114,4.3
2025-03,1094,Branch 1094,West,10710,681,6811999,5109201,742407,487850,33,91852,126,4.3
2025-03,1095,Branch 1095,Central,10326,979,5843909,3870228,680063,558635,28,91943,92,4.0
2025-03,1096,Branch 1096,North,11692,731,8305248,5149519,1132799,751336,31,97396,219,4.2
2025-03,1097,Branch 1097,South,9366,445,5247632,2787139,567153,357298,28,59124,160,4.1
2025-03,1098,Branch 1098,East,8570,707,6202748,3859756,813802,515534,26,53438,61,4.5
2025-03,1099,Branch 1099,West,12677,901,7184854,4243584,916986,713913,36,103543,188,4.1
2025-03,1100,Branch 1100,Central,12071,970,7615489,4093221,911169,581026,33,78873,208,4.1
2025-04,1001,Branch 1001,North,11845,900,7104466,4484186,920905,754092,38,102179,132,4.5
2025-04,1002,Branch 1002,South,9729,736,5382133,3770710,564742,428295,31,70907,95,4.2
2025-04,1003,Branch 1003,East,10528,667,7006250,5334354,828395,594877,29,101977,147,4.2
2025-04,1004,Branch 1004,West,10170,824,5704857,3044316,732236,556243,28,86638,142,4.3
2025-04,1005,Branch 1005,Central,10723,989,7163502,4500778,904551,589780,28,91514,83,4.1
2025-04,1006,Branch 1006,North,11785,918,8040382,6207382,1045465,762103,38,105417,118,4.4
2025-04,1007,Branch 1007,South,8495,538,6201655,4257647,854764,617237,26,77441,102,4.0
2025-04,1008,Branch 1008,East,9123,531,6780288,4698905,884117,631227,27,79704,76,4.3
2025-04,1009,Branch 1009,West,9663,738,6222191,4832920,778024,520826,30,93391,163,4.0
2025-04,1010,Branch 1010,Central,9540,432,6421773,4896720,756297,622899,25,74677,95,4.2
2025-04,1011,Branch 1011,North,12150,822,6662952,4955738,920866,598698,36,75632,189,4.2
2025-04,1012,Branch 1012,South,8986,832,5209155,3944198,755998,521567,27,75970,73,4.5
2025-04,1013,Branch 1013,East,9688,593,6268652,4297380,789461,574460,26,74734,67,4.3
2025-04,1014,Branch 1014,West,10223,796,6244533,4673553,670270,496440,34,84138,141,4.2
2025-04,1015,Branch 1015,Central,10463,704,7237717,5382754,849106,705600,31,92120,128,4.3
2025-04,1016,Branch 1016,North,8884,703,4880059,3024933,506020,416866,24,59007,121,4.2
2025-04,1017,Branch 1017,South,10720,865,6452636,4949783,808743,510267,33,88679,148,4.0
2025-04,1018,Branch 1018,East,10497,493,7293594,5118663,1020198,641230,35,92213,140,4.4
2025-04,1019,Branch 1019,West,10220,704,6917652,3813737,938643,723618,34,88335,64,4.4
2025-04,1020,Branch 1020,Central,8892,493,6687892,4908031,954699,701049,26,83728,100,4.3
2025-04,1021,Branch 1021,North,11094,624,7972553,5429309,1049144,837838,32,105776,69,4.4
2025-04,1022,Branch 1022,South,8812,755,4970999,3076650,566553,447344,26,63778,87,4.6
2025-04,1023,Branch 1023,East,9447,771,6192329,3225144,695933,463966,25,56864,128,4.2
2025-04,1024,Branch 1024,West,8622,713,5998414,3479264,763665,561150,23,80164,161,4.1
2025-04,1025,Branch 1025,Central,8969,823,6652488,3826659,776674,619036,26,80687,77,4.4
2025-04,1026,Branch 1026,North,11793,960,8565398,5121814,898636,700512,36,107080,155,4.2
2025-04,1027,Branch 1027,South,10147,847,6472785,4471594,795632,652082,33,86014,193,4.2
2025-04,1028,Branch 1028,East,12801,630,7569251,4486602,786500,521956,38,96871,205,4.5
2025-04,1029,Branch 1029,West,12669,1104,7242090,4845643,914422,758891,38,120472,237,4.2
2025-04,1030,Branch 1030,Central,10084,539,6131550,3472700,613394,474704,33,68538,62,4.3
2025-04,1031,Branch 1031,North,12448,1041,9162456,5269259,1025431,743234,35,118818,244,4.2
2025-04,1032,Branch 1032,South,11630,758,8615981,5091248,1089037,858232,35,99468,211,4.1
2025-04,1033,Branch 1033,East,9094,722,5559582,3765519,734028,555314,25,76770,135,4.1
2025-04,1034,Branch 1034,West,11107,688,6898481,5204933,942007,784752,29,104808,156,4.2
2025-04,1035,Branch 1035,Central,9380,765,6307640,4230860,834149,667538,28,57714,117,4.3
2025-04,1036,Branch 1036,North,9495,565,6788991,4882150,848246,648357,25,57265,75,4.2
2025-04,1037,Branch 1037,South,11582,1058,6706683,4663339,950311,637274,35,105052,134,4.3
2025-04,1038,Branch 1038,East,10717,804,6564611,4341110,906396,727369,36,70214,98,4.2
2025-04,1039,Branch 1039,West,9836,864,5732449,4373510,756835,498824,31,74020,68,4.4
2025-04,1040,Branch 1040,Central,10679,794,6714037,3755457,860372,648667,30,67783,203,4.1
2025-04,1041,Branch 1041,North,11366,871,7712440,5049461,818862,647195,32,94543,154,4.2
2025-04,1042,Branch 1042,South,9540,518,6252337,3468516,815031,659291,28,79545,87,4.3
2025-04,1043,Branch 1043,East,10384,809,7676934,5610463,825758,646458,32,87905,67,4.3
2025-04,1044,Branch 1044,West,12279,931,8673488,6635539,959606,658501,37,84105,88,4.2
2025-04,1045,Branch 1045,Central,12190,711,6887820,3817380,903044,647672,36,79323,197,4.1
2025-04,1046,Branch 1046,North,11130,996,7688287,5610666,788333,546008,34,93005,88,4.6
2025-04,1047,Branch 1047,South,9088,532,5804373,3028474,771654,575881,26,61731,75,4.2
2025-04,1048,Branch 1048,East,11201,664,6531891,4798429,871625,663589,35,90219,77,4.2
2025-04,1049,Branch 1049,West,9891,830,7186534,5578927,1060239,669534,31,87269,107,4.3
2025-04,1050,Branch 1050,Central,9848,525,6604321,3548092,698728,500148,26,83478,172,4.1
2025-04,1051,Branch 1051,North,11098,896,7248333,4102800,890219,679888,37,109000,99,4.3
2025-04,1052,Branch 1052,South,9717,683,6354651,3352655,878263,694316,30,85503,191,4.2
2025-04,1053,Branch 1053,East,9879,806,6701135,5049062,733458,560956,31,76309,103,4.2
2025-04,1054,Branch 1054,West,11349,729,6829695,4830017,934664,782394,37,88927,83,4.2
2025-04,1055,Branch 1055,Central,10254,952,6633482,4991406,842414,593896,31,83772,132,4.4
2025-04,1056,Branch 1056,North,12412,650,9009579,4927206,1141523,756265,36,86391,170,4.2
2025-04,1057,Branch 1057,South,12715,695,7390129,5454512,1018113,785336,35,101540,109,4.2
2025-04,1058,Branch 1058,East,9658,883,6248904,4756592,894943,669416,32,94183,147,4.2
2025-04,1059,Branch 1059,West,9602,833,6763847,3809802,753271,602664,31,68845,184,4.3
2025-04,1060,Branch 1060,Central,10966,883,7677915,4999821,928762,682105,34,106723,182,4.3
2025-04,1061,Branch 1061,North,12036,886,6900760,5100956,899037,726562,40,116288,134,4.1
2025-04,1062,Branch 1062,South,11274,682,7171696,4798721,979741,798830,31,87376,70,4.1
2025-04,1063,Branch 1063,East,10505,652,6106777,3211132,821970,533001,32,83879,191,3.9
2025-04,1064,Branch 1064,West,9247,620,5715876,3433587,779679,584785,25,83726,176,4.3
2025-04,1065,Branch 1065,Central,9570,882,5616617,3111103,683083,454750,25,58057,70,4.4
2025-04,1066,Branch 1066,North,10866,523,6752286,4574571,748856,623439,30,68231,186,4.1
2025-04,1067,Branch 1067,South,9640,501,6953615,3970437,863028,700901,28,64145,177,4.1
2025-04,1068,Branch 1068,East,10000,577,5969152,3111289,600008,398910,31,72641,71,4.4
2025-04,1069,Branch 1069,West,10810,578,7608067,4591920,920796,647492,31,81006,212,3.9
2025-04,1070,Branch 1070,Central,12347,808,7736934,4237653,866490,582851,35,121039,238,3.9
2025-04,1071,Branch 1071,North,9218,590,6622073,3915441,802899,652044,26,60267,127,4.2
2025-04,1072,Branch 1072,South,8947,697,6460651,4448562,683641,531889,27,86661,57,4.3
2025-04,1073,Branch 1073,East,9662,628,7327237,5109262,1000867,780579,28,67593,129,4.1
2025-04,1074,Branch 1074,West,11357,732,6723391,3594923,727618,483462,34,112299,148,4.3
2025-04,1075,Branch 1075,Central,11767,962,8019630,6180522,1141708,907347,32,105737,202,4.2
2025-04,1076,Branch 1076,North,9511,814,6894566,4445015,942134,646961,25,94378,182,4.1
2025-04,1077,Branch 1077,South,9965,650,6017342,3662480,628440,509459,28,95954,104,4.3
2025-04,1078,Branch 1078,East,10913,549,5895547,4580401,651349,524582,35,79534,116,4.3
2025-04,1079,Branch 1079,West,10963,966,7901715,5464000,1067877,726155,29,66772,108,4.1
2025-04,1080,Branch 1080,Central,10199,925,6215778,3668697,674216,559992,29,99852,73,4.2
2025-04,1081,Branch 1081,North,10290,970,5872140,3740432,718801,569355,32,66338,179,4.0
2025-04,1082,Branch 1082,South,8905,767,6645050,3831671,700810,464414,26,65357,100,4.3
2025-04,1083,Branch 1083,East,10481,870,7443055,4485708,976725,774028,35,98046,94,4.4
2025-04,1084,Branch 1084,West,10470,629,7866181,5042004,946221,768230,33,103379,177,4.3
2025-04,1085,Branch 1085,Central,11442,574,6200741,3371019,665491,417685,36,70666,103,4.2
2025-04,1086,Branch 1086,North,11542,939,8232193,5081383,990954,765006,33,105953,127,4.2
2025-04,1087,Branch 1087,South,10588,752,6313479,3467285,831530,627402,35,88603,148,4.4
2025-04,1088,Branch 1088,East,9842,688,6390237,4976079,843156,678998,28,97403,109,4.3
2025-04,1089,Branch 1089,West,12905,888,8740077,6003149,1059169,792670,40,86953,237,4.0
2025-04,1090,Branch 1090,Central,10599,563,5976412,3486336,740873,550209,35,71157,182,4.2
2025-04,1091,Branch 1091,North,10514,637,7648516,5324424,964673,717641,28,97172,77,4.2
2025-04,1092,Branch 1092,South,10926,1032,7608687,4615297,922191,692491,31,89468,159,4.1
2025-04,1093,Branch 1093,East,9854,593,7286113,3821659,928010,771646,30,76677,145,4.4
2025-04,1094,Branch 1094,West,10757,1009,7988278,5562110,923025,590690,34,95718,145,4.1
2025-04,1095,Branch 1095,Central,10792,751,8008277,5098089,834919,628786,29,64839,197,4.0
2025-04,1096,Branch 1096,North,11618,877,7824137,4486062,979295,762068,35,108836,76,4.4
2025-04,1097,Branch 1097,South,9630,829,6337776,3773553,625255,498337,32,88881,113,4.2
2025-04,1098,Branch 1098,East,8925,613,5458079,3112629,580500,400915,28,80246,77,4.3
2025-04,1099,Branch 1099,West,11596,936,7280772,5623957,992257,690181,34,73654,198,4.1
2025-04,1100,Branch 1100,Central,11743,765,8757421,5180179,1055913,878169,31,85926,147,4.1
2025-05,1001,Branch 1001,North,11328,767,8163366,5119651,1016755,755260,33,94129,96,4.4
2025-05,1002,Branch 1002,South,9797,638,7424132,5124305,808907,507742,31,80368,168,4.1
2025-05,1003,Branch 1003,East,11044,580,6734944,5207397,810744,643777,37,78564,187,4.3
2025-05,1004,Branch 1004,West,10265,471,6385096,4258690,844353,639953,28,79691,142,4.0
2025-05,1005,Branch 1005,Central,10618,562,7595089,5293731,1096756,829973,29,85886,191,3.9
2025-05,1006,Branch 1006,North,12679,803,8224061,6406630,1165385,769246,42,89841,216,3.8
2025-05,1007,Branch 1007,South,9429,772,6199279,4707656,815117,588757,29,61205,93,4.2
2025-05,1008,Branch 1008,East,8859,807,5194890,3053672,621670,515560,24,73929,125,4.2
2025-05,1009,Branch 1009,West,10189,544,5956907,4043302,634110,515323,34,74513,175,3.7
2025-05,1010,Branch 1010,Central,9234,712,6969690,4392962,861942,556387,29,89597,129,4.4
2025-05,1011,Branch 1011,North,12257,734,7502787,4662133,972994,620661,35,95182,124,4.2
2025-05,1012,Branch 1012,South,9531,830,7046595,5174063,1006315,624171,27,60886,104,4.3
2025-05,1013,Branch 1013,East,9147,677,6512680,3993351,752201,618099,27,67598,161,3.9
2025-05,1014,Branch 1014,West,10154,611,6200982,3313362,612521,419309,30,67605,190,3.8
2025-05,1015,Branch 1015,Central,11780,739,7122974,4533220,751383,587229,39,104911,234,4.2
2025-05,1016,Branch 1016,North,8939,780,5527262,3274845,570440,383097,26,63008,132,4.4
2025-05,1017,Branch 1017,South,11215,657,6295478,4553520,791615,497988,37,80139,79,4.6
2025-05,1018,Branch 1018,East,9558,602,5367319,3882686,781585,522991,26,62547,181,4.2
2025-05,1019,Branch 1019,West,10193,756,5776885,4228989,714234,487604,30,64716,106,4.2
2025-05,1020,Branch 1020,Central,9677,512,6937240,5012535,764752,581620,28,77885,168,4.1
2025-05,1021,Branch 1021,North,10854,577,7172858,4224220,720946,496136,36,82181,138,4.2
2025-05,1022,Branch 1022,South,9216,674,6647507,4702527,710317,453150,25,65484,114,4.3
2025-05,1023,Branch 1023,East,9812,483,6174593,3957336,624559,480438,27,96077,135,4.0
2025-05,1024,Branch 1024,West,9295,805,5194789,3674231,581901,451638,29,90673,111,4.3
2025-05,1025,Branch 1025,Central,9245,679,6952621,5043081,854188,629115,26,81202,173,4.4
2025-05,1026,Branch 1026,North,11522,658,8766282,5555823,1058505,749774,38,84181,204,4.1
2025-05,1027,Branch 1027,South,9986,943,6747020,3741793,796563,651842,30,99607,92,4.3
2025-05,1028,Branch 1028,East,12852,858,7742889,4473041,784568,498119,34,107085,137,4.3
2025-05,1029,Branch 1029,West,12742,937,9163423,6814090,1295531,987145,38,94955,215,4.0
2025-05,1030,Branch 1030,Central,9951,531,6685236,4836695,952861,627756,28,83431,108,4.2
2025-05,1031,Branch 1031,North,12362,1084,9248165,6001377,1180396,935427,33,102810,109,4.1
2025-05,1032,Branch 1032,South,12564,579,8471016,5883929,934377,695803,37,96287,152,4.4
2025-05,1033,Branch 1033,East,8640,482,6306055,3670025,648536,470325,28,72383,70,4.3
2025-05,1034,Branch 1034,West,11209,917,6351200,4914112,684667,544472,33,87679,81,4.3
2025-05,1035,Branch 1035,Central,9453,572,5966403,4031169,686393,569673,28,81939,188,4.1
2025-05,1036,Branch 1036,North,9303,514,7119047,4847752,796828,616588,28,66806,159,4.3
2025-05,1037,Branch 1037,South,11391,597,8703222,4729170,922553,767527,33,101057,157,4.3
2025-05,1038,Branch 1038,East,10818,954,6190911,4708841,649154,472886,31,68903,87,4.2
2025-05,1039,Branch 1039,West,9604,480,5655733,4110435,702387,541337,27,75187,95,4.1
2025-05,1040,Branch 1040,Central,10914,989,5946603,3522297,807333,574726,31,100634,161,4.4
2025-05,1041,Branch 1041,North,11876,728,8511269,4804492,999904,689530,31,75693,219,3.9
2025-05,1042,Branch 1042,South,9288,772,5084525,3452805,573457,355692,25,85043,62,4.3
2025-05,1043,Branch 1043,East,9741,884,6432567,4591519,757731,489261,28,91252,71,4.3
2025-05,1044,Branch 1044,West,12313,789,9277292,5144883,1058893,778620,35,97407,78,4.2
2025-05,1045,Branch 1045,Central,11572,1051,8270999,5386009,909323,588952,30,109002,111,4.5
2025-05,1046,Branch 1046,North,11429,650,6828141,4424161,889130,585123,30,90197,193,4.2
2025-05,1047,Branch 1047,South,9399,878,7189207,4008335,786106,636565,26,87601,121,4.3
2025-05,1048,Branch 1048,East,11716,590,8221665,5642766,1104496,916209,36,104570,110,4.0
2025-05,1049,Branch 1049,West,10091,608,5867565,4453771,820071,659059,30,75035,62,4.6
2025-05,1050,Branch 1050,Central,10875,793,6240757,3431664,751141,595062,36,80237,135,4.1
2025-05,1051,Branch 1051,North,10362,979,7845216,5212996,1076380,847574,29,99595,78,4.3
2025-05,1052,Branch 1052,South,9540,602,5818938,3959366,788482,522614,25,80772,66,4.5
2025-05,1053,Branch 1053,East,9829,504,7486275,4711542,953213,757004,32,92858,169,4.1
2025-05,1054,Branch 1054,West,10731,949,6739514,4094106,890960,581502,29,102956,87,4.4
2025-05,1055,Branch 1055,Central,9460,721,6289663,3718361,833190,547579,27,71026,115,4.2
2025-05,1056,Branch 1056,North,13018,920,9582756,7191921,1043775,649895,36,95366,192,4.5
2025-05,1057,Branch 1057,South,12917,1171,8198659,4608564,886968,556577,40,102203,157,4.3
2025-05,1058,Branch 1058,East,9109,532,6001912,4062963,730354,489476,29,63017,118,4.2
2025-05,1059,Branch 1059,West,9440,601,5822140,3328905,789072,617923,28,74040,94,4.3
2025-05,1060,Branch 1060,Central,11125,673,7300942,4698624,872742,719489,34,100200,72,4.2
2025-05,1061,Branch 1061,North,12200,756,9112077,6128995,1105413,822478,41,94267,219,4.1
2025-05,1062,Branch 1062,South,11361,758,6347815,4699669,722118,485814,35,90535,180,4.4
2025-05,1063,Branch 1063,East,9662,599,6990573,4320951,777855,527646,29,87510,109,4.4
2025-05,1064,Branch 1064,West,9296,600,6984162,4634120,866497,622059,31,62824,177,4.4
2025-05,1065,Branch 1065,Central,9326,577,5473732,4057825,630656,404022,26,86258,167,4.0
2025-05,1066,Branch 1066,North,10031,518,6262560,4281528,822190,685134,31,91733,190,4.4
2025-05,1067,Branch 1067,South,9656,904,5906264,3244534,758385,547126,32,83259,156,4.1
2025-05,1068,Branch 1068,East,10266,639,6131850,3199454,659994,468281,34,87702,118,4.3
2025-05,1069,Branch 1069,West,10827,665,6504969,4461055,694893,558575,28,80175,106,4.4
2025-05,1070,Branch 1070,Central,11804,834,8131954,5978012,1163407,805074,33,90187,74,4.4
2025-05,1071,Branch 1071,North,9002,447,6824231,4302894,921368,620412,28,80937,78,4.3
2025-05,1072,Branch 1072,South,9200,514,5770569,3654359,762027,493431,25,65760,80,4.3
2025-05,1073,Branch 1073,East,10206,875,7798650,5886834,832630,553969,27,81152,104,4.2
2025-05,1074,Branch 1074,West,10955,782,8266498,5693961,1184147,773884,33,81443,120,4.1
2025-05,1075,Branch 1075,Central,11811,889,6988779,4138701,786940,633650,36,116791,129,4.3
2025-05,1076,Branch 1076,North,9471,461,6630092,3597104,685897,493961,29,92411,108,4.1
2025-05,1077,Branch 1077,South,9352,833,5582149,3671033,773605,638859,29,85538,171,4.2
2025-05,1078,Branch 1078,East,10721,879,7641354,4135092,902448,735203,33,88566,99,4.3
2025-05,1079,Branch 1079,West,10317,555,6507857,3805652,764182,534500,30,72502,149,4.2
2025-05,1080,Branch 1080,Central,11188,808,6461875,5022271,864506,656039,33,105895,165,4.3
2025-05,1081,Branch 1081,North,9692,879,6640191,3464580,674548,478862,29,71599,65,4.2
2025-05,1082,Branch 1082,South,8772,550,4779080,3089756,504968,395180,27,61631,158,4.2
2025-05,1083,Branch 1083,East,10857,710,7412998,5050129,864026,628267,29,65206,70,4.2
2025-05,1084,Branch 1084,West,10516,730,6126360,3449691,700697,531091,34,95891,69,4.3
2025-05,1085,Branch 1085,Central,12070,552,8282251,5187830,956419,750344,37,113268,153,4.2
2025-05,1086,Branch 1086,North,10478,486,7844804,4199694,1070121,670229,35,75352,65,4.4
2025-05,1087,Branch 1087,South,10170,965,5974644,4152994,597150,467875,28,87646,122,4.2
2025-05,1088,Branch 1088,East,10500,892,8030730,4449401,934058,637552,29,99393,114,4.3
2025-05,1089,Branch 1089,West,12456,999,8872543,5215034,874584,602335,39,124017,103,4.3
2025-05,1090,Branch 1090,Central,10752,953,7568617,5356317,1027486,700242,34,79407,169,4.2
2025-05,1091,Branch 1091,North,10881,650,5900195,4445370,704497,476354,29,105932,201,4.3
2025-05,1092,Branch 1092,South,11050,1047,6451899,3464160,859549,714666,37,109691,210,4.4
2025-05,1093,Branch 1093,East,9782,598,6675086,4126755,802215,653168,32,61690,193,3.9
2025-05,1094,Branch 1094,West,10731,536,7107413,4457817,971125,729901,34,77061,113,4.4
2025-05,1095,Branch 1095,Central,10469,493,7080851,3799287,911358,756296,33,94682,115,4.1
2025-05,1096,Branch 1096,North,12194,958,9037777,6584069,1193745,842026,33,94159,133,4.5
2025-05,1097,Branch 1097,South,10362,497,7644788,4645176,941563,745098,29,101864,99,4.1
2025-05,1098,Branch 1098,East,8689,649,6272054,3612709,712129,464439,27,80330,109,4.3
2025-05,1099,Branch 1099,West,12570,711,9029349,6899143,1045344,843595,37,119335,204,4.3
2025-05,1100,Branch 1100,Central,12977,971,9581439,5194430,984362,691510,34,93136,217,4.0
2025-06,1001,Branch 1001,North,11316,637,6660231,4456039,796452,540810,31,96889,121,4.4
2025-06,1002,Branch 1002,South,9706,618,6191699,4267779,726773,578901,32,90640,158,4.0
2025-06,1003,Branch 1003,East,11016,561,8244830,6132175,992774,621580,30,66572,139,4.2
2025-06,1004,Branch 1004,West,10548,626,6182579,3892107,702852,572001,35,102787,185,4.0
2025-06,1005,Branch 1005,Central,10360,766,6768703,4340046,826490,623920,30,94997,118,4.3
2025-06,1006,Branch 1006,North,12649,1082,8728960,4753779,1204441,759022,34,88733,139,4.2
2025-06,1007,Branch 1007,South,8748,497,6208478,3638951,816429,670756,24,84317,77,4.3
2025-06,1008,Branch 1008,East,8514,808,5478972,2994624,581773,478752,23,80799,88,4.3
2025-06,1009,Branch 1009,West,9594,747,6177664,4458178,628099,447897,27,58651,127,4.4
2025-06,1010,Branch 1010,Central,9340,851,5903115,3454903,630618,433995,26,62592,58,4.5
2025-06,1011,Branch 1011,North,13097,999,8424882,5231376,978651,615255,43,99899,177,4.1
2025-06,1012,Branch 1012,South,9581,555,7209277,4896258,850519,660300,27,88682,128,4.3
2025-06,1013,Branch 1013,East,8690,434,5267281,3598638,749039,606756,24,73446,128,4.0
2025-06,1014,Branch 1014,West,9361,713,5325020,3381196,741070,593049,30,79416,97,4.5
2025-06,1015,Branch 1015,Central,10527,659,7696416,4952215,1037131,843186,31,93377,92,4.1
2025-06,1016,Branch 1016,North,8747,787,5948448,3578893,594075,395375,24,62115,145,4.1
2025-06,1017,Branch 1017,South,10712,768,6322396,3806473,845775,638175,29,69996,119,4.4
2025-06,1018,Branch 1018,East,9682,540,6273878,3783235,702040,578423,32,63723,191,4.1
2025-06,1019,Branch 1019,West,9721,496,6120936,4332280,735630,499576,31,65012,158,4.0
2025-06,1020,Branch 1020,Central,9636,560,5900456,4312819,690511,469044,27,95698,105,4.1
2025-06,1021,Branch 1021,North,11845,704,7848626,5075497,822560,666157,33,114062,175,4.3
2025-06,1022,Branch 1022,South,8960,789,6364112,3742013,886151,654215,29,65799,167,4.1
2025-06,1023,Branch 1023,East,9776,590,7059580,4142982,745717,619013,32,81418,108,4.3
2025-06,1024,Branch 1024,West,9349,645,5140459,3838338,558066,449585,26,91318,182,4.0
2025-06,1025,Branch 1025,Central,8968,586,5224568,3387153,707152,464193,24,86166,102,4.1
2025-06,1026,Branch 1026,North,11334,1007,7027444,4712398,870386,650674,37,80487,116,4.4
2025-06,1027,Branch 1027,South,10065,911,6995257,4060625,864745,698152,30,68430,80,4.3
2025-06,1028,Branch 1028,East,11749,639,8839947,6267760,1048427,687523,33,77349,114,4.3
2025-06,1029,Branch 1029,West,12864,738,9520722,6174067,1091911,750054,43,77964,97,4.4
2025-06,1030,Branch 1030,Central,9897,777,7570326,5110805,948147,755874,30,84929,142,4.2
2025-06,1031,Branch 1031,North,11768,988,7290400,4649000,796780,520702,36,83911,187,4.3
2025-06,1032,Branch 1032,South,11314,1003,8538677,6081862,1039388,761305,33,91965,223,4.0
2025-06,1033,Branch 1033,East,9185,822,6611419,4713163,912105,579239,24,57773,80,4.4
2025-06,1034,Branch 1034,West,10449,530,7812793,4413098,989770,736714,35,71257,138,4.3
2025-06,1035,Branch 1035,Central,9310,517,6320735,3767413,704647,590213,30,79401,90,4.4
2025-06,1036,Branch 1036,North,9399,765,5451434,3980303,774341,499788,27,72216,157,4.2
2025-06,1037,Branch 1037,South,11751,779,7667606,4787015,999739,814419,32,73155,76,4.0
2025-06,1038,Branch 1038,East,10908,836,7588165,3951072,952435,736560,30,105856,147,4.2
2025-06,1039,Branch 1039,West,9215,794,7077877,5009133,819378,577506,28,86560,172,4.0
2025-06,1040,Branch 1040,Central,10814,953,8221772,6230367,953807,692074,30,106103,186,4.0
2025-06,1041,Branch 1041,North,12036,767,8266456,5721153,1188797,916577,37,91719,83,4.6
2025-06,1042,Branch 1042,South,9976,855,6118737,4150748,827945,530143,26,80252,153,4.3
2025-06,1043,Branch 1043,East,10340,536,7634993,4614971,981919,709663,30,64549,203,4.0
2025-06,1044,Branch 1044,West,11630,968,8482171,5827924,942516,765682,35,99932,143,4.1
2025-06,1045,Branch 1045,Central,11275,732,6515433,3615223,739873,476743,36,74041,95,3.9
2025-06,1046,Branch 1046,North,11182,787,8103076,5006453,839189,608972,34,95067,101,4.2
2025-06,1047,Branch 1047,South,8872,750,5477961,3714130,627152,401619,29,74105,71,4.5
2025-06,1048,Branch 1048,East,11789,1008,7847521,4620765,1054998,655521,32,99955,168,4.3
2025-06,1049,Branch 1049,West,9681,585,5451716,3863847,655051,536941,28,95442,132,4.3
2025-06,1050,Branch 1050,Central,10700,562,7691814,5954505,905147,614446,34,64322,175,4.1
2025-06,1051,Branch 1051,North,11022,768,6921866,4372205,867919,664146,32,104354,136,4.2
2025-06,1052,Branch 1052,South,9574,891,6472110,3747622,775885,515982,25,84179,111,4.0
2025-06,1053,Branch 1053,East,9490,579,6876640,4684253,761013,596033,29,84233,83,4.3
2025-06,1054,Branch 1054,West,10633,966,7305572,4295792,892504,664025,29,95610,185,4.3
2025-06,1055,Branch 1055,Central,9397,811,6194247,4184994,767206,479700,30,76123,120,4.3
2025-06,1056,Branch 1056,North,12909,1137,9228319,5449145,1217632,862708,43,108255,154,4.3
2025-06,1057,Branch 1057,South,11621,1018,7446958,5461782,789864,614048,36,97052,109,4.2
2025-06,1058,Branch 1058,East,9700,693,7020047,4513458,814679,595258,31,82394,119,4.4
2025-06,1059,Branch 1059,West,8944,830,4929899,2910660,582109,423017,25,58289,73,4.7
2025-06,1060,Branch 1060,Central,10913,642,7358527,4714834,824619,662323,36,92174,83,4.2
2025-06,1061,Branch 1061,North,12815,1060,7835509,5378956,870472,703902,34,102299,207,4.2
2025-06,1062,Branch 1062,South,11688,777,6975290,4996873,978339,614980,35,89498,86,4.1
2025-06,1063,Branch 1063,East,9674,669,6063497,3421477,821052,666471,26,88805,70,4.3
2025-06,1064,Branch 1064,West,9951,631,6950790,4167378,819596,613382,29,98448,163,4.2
2025-06,1065,Branch 1065,Central,9442,506,5509307,3423206,611553,465322,31,67503,166,4.1
2025-06,1066,Branch 1066,North,10958,808,6629745,4267822,805918,613284,33,79492,171,4.4
2025-06,1067,Branch 1067,South,10193,883,7114619,4573746,902094,589910,29,68786,198,4.1
2025-06,1068,Branch 1068,East,9426,489,6268161,3606403,689196,490432,30,69769,148,3.9
2025-06,1069,Branch 1069,West,10488,852,7139351,3926392,857757,712664,35,99764,166,3.9
2025-06,1070,Branch 1070,Central,11327,523,6363766,3418625,720132,564174,37,87252,85,4.2
2025-06,1071,Branch 1071,North,9188,845,6908639,4188651,917443,642413,27,91456,111,4.2
2025-06,1072,Branch 1072,South,8802,766,4920893,2685166,500817,345100,29,67721,60,4.1
2025-06,1073,Branch 1073,East,10201,568,6520937,4790238,800636,517293,34,76894,188,4.2
2025-06,1074,Branch 1074,West,11394,640,8153574,6246163,951861,787120,36,102577,75,4.4
2025-06,1075,Branch 1075,Central,11140,978,7155414,4241118,981639,697196,33,96510,82,4.5
2025-06,1076,Branch 1076,North,9803,634,5846332,4431533,808919,637111,28,84185,127,4.4
2025-06,1077,Branch 1077,South,9485,777,7265303,3948173,729569,572948,27,79214,188,4.0
2025-06,1078,Branch 1078,East,11083,671,7148955,4647067,765275,497324,30,87073,91,4.2
2025-06,1079,Branch 1079,West,11129,845,6634483,3919612,910870,732242,32,96884,153,4.3
2025-06,1080,Branch 1080,Central,10443,965,5757203,3345578,755478,487363,34,64784,147,4.0
2025-06,1081,Branch 1081,North,9574,751,6265291,4381973,697902,560056,26,77798,113,4.1
2025-06,1082,Branch 1082,South,9491,500,6759751,5114756,930753,604373,28,58167,110,4.2
2025-06,1083,Branch 1083,East,10155,724,6966256,4165036,784661,547130,32,100749,72,4.3
2025-06,1084,Branch 1084,West,11186,715,7155678,5327873,1005673,680422,37,76175,207,4.1
2025-06,1085,Branch 1085,Central,11917,710,8053158,6273921,1174414,730654,34,74702,113,4.3
2025-06,1086,Branch 1086,North,10322,899,6178072,4144229,856951,617670,34,72643,108,3.9
2025-06,1087,Branch 1087,South,10356,709,7760459,5496613,964774,677819,28,88043,106,4.4
2025-06,1088,Branch 1088,East,10536,661,8098464,5178959,1130309,888969,29,88467,75,4.4
2025-06,1089,Branch 1089,West,11780,809,8899372,6736790,1009474,671477,35,109665,100,4.4
2025-06,1090,Branch 1090,Central,10724,505,7606214,5018879,957324,727622,30,68978,184,4.3
2025-06,1091,Branch 1091,North,11009,1017,6085512,4548677,764334,550595,37,95811,163,4.5
2025-06,1092,Branch 1092,South,11654,569,7864674,4773922,1031168,689622,33,75634,193,4.5
2025-06,1093,Branch 1093,East,9034,735,6796556,3710349,660504,427960,25,87168,161,4.3
2025-06,1094,Branch 1094,West,10227,937,7212129,5128420,960364,805379,30,62360,87,4.0
2025-06,1095,Branch 1095,Central,11359,617,7000181,5058191,867251,710022,32,75091,127,4.4
2025-06,1096,Branch 1096,North,11516,878,7199657,4567966,835668,562324,32,80482,201,4.4
2025-06,1097,Branch 1097,South,10168,702,7610091,5766123,921896,710840,30,91920,83,4.3
2025-06,1098,Branch 1098,East,9128,725,6003603,4426224,702924,507117,28,73419,130,4.4
2025-06,1099,Branch 1099,West,12389,669,7635267,5424384,976948,802914,38,82241,197,4.2
2025-06,1100,Branch 1100,Central,12041,695,7070078,3909616,765297,514734,32,103136,207,4.2
2025-07,1001,Branch 1001,North,11382,629,7111493,4579768,902791,745147,30,91576,141,4.1
2025-07,1002,Branch 1002,South,9756,895,7539030,5532962,1062094,813529,31,63235,161,3.9
2025-07,1003,Branch 1003,East,10565,528,6511121,5050040,783694,623176,35,76259,78,4.6
2025-07,1004,Branch 1004,West,10308,610,7541440,4076769,746335,602373,33,77950,114,4.5
2025-07,1005,Branch 1005,Central,10657,938,7668486,5320173,815004,612536,28,100443,87,4.1
2025-07,1006,Branch 1006,North,11931,760,8429028,4746398,1165293,882619,34,89870,169,4.3
2025-07,1007,Branch 1007,South,8907,606,6719012,5227384,725410,493585,26,57314,139,4.2
2025-07,1008,Branch 1008,East,8634,751,4772841,2664116,634664,496468,24,73653,97,4.2
2025-07,1009,Branch 1009,West,9129,690,6240476,3787544,841032,593965,24,72765,129,4.0
2025-07,1010,Branch 1010,Central,9314,651,7097361,4924582,843843,558698,26,84685,148,4.0
2025-07,1011,Branch 1011,North,12517,1018,9017017,6285179,1146285,962238,36,79492,103,4.2
2025-07,1012,Branch 1012,South,9371,766,5776058,3447207,797933,624459,26,64197,85,4.1
2025-07,1013,Branch 1013,East,9315,618,7214871,4307296,883967,741119,25,65306,100,4.4
2025-07,1014,Branch 1014,West,9689,821,7513978,4139833,773793,489990,26,88539,184,4.2
2025-07,1015,Branch 1015,Central,11417,1006,8541426,6194901,1187550,782243,31,86345,71,4.2
2025-07,1016,Branch 1016,North,8770,614,5848541,3243519,609228,394103,24,74301,95,4.4
2025-07,1017,Branch 1017,South,10237,890,7801636,5671633,850922,585622,28,90438,200,4.0
2025-07,1018,Branch 1018,East,9488,838,5839900,3819491,826031,564409,27,84145,109,3.8
2025-07,1019,Branch 1019,West,9454,725,5796043,3197578,624330,421346,26,89468,104,4.3
2025-07,1020,Branch 1020,Central,9434,892,5893481,3071356,768705,551262,29,56720,147,4.4
2025-07,1021,Branch 1021,North,11329,719,7761277,5049198,885228,670273,31,71615,108,4.4
2025-07,1022,Branch 1022,South,8590,541,5003122,2989479,507248,336298,24,74406,67,4.4
2025-07,1023,Branch 1023,East,9167,699,7066919,3784184,792611,505620,29,79304,89,4.4
2025-07,1024,Branch 1024,West,8942,461,6892595,3662654,774937,512518,30,68953,66,4.2
2025-07,1025,Branch 1025,Central,8972,671,5852975,4534242,595928,471496,26,63438,138,4.3
2025-07,1026,Branch 1026,North,10525,895,6221106,4390023,642385,484058,29,95882,184,4.4
2025-07,1027,Branch 1027,South,10084,517,7612378,4047404,764038,498373,33,94231,78,4.4
2025-07,1028,Branch 1028,East,11610,818,7803659,4214247,1032759,723068,37,111604,70,4.1
2025-07,1029,Branch 1029,West,11496,543,7838332,5993351,958995,623467,30,108335,126,4.3
2025-07,1030,Branch 1030,Central,9941,475,5753518,3456175,692627,453273,34,68149,111,4.2
2025-07,1031,Branch 1031,North,12246,841,7647114,4577477,999951,783421,38,111346,236,4.1
2025-07,1032,Branch 1032,South,11114,655,7708182,4445409,924346,620843,36,92377,146,4.3
2025-07,1033,Branch 1033,East,8677,719,5364885,3625957,618190,506722,27,81276,82,4.5
2025-07,1034,Branch 1034,West,11173,793,6252501,3864049,653726,448548,33,104071,206,4.2
2025-07,1035,Branch 1035,Central,8912,602,5321684,4136388,652639,461748,29,73363,63,4.3
2025-07,1036,Branch 1036,North,8407,411,6472524,4909984,916774,594930,24,62235,116,4.2
2025-07,1037,Branch 1037,South,11232,886,7374278,5688468,926334,600730,32,72136,124,4.4
2025-07,1038,Branch 1038,East,10876,895,8072121,4733164,820430,580154,31,82283,182,4.3
2025-07,1039,Branch 1039,West,9563,864,7376162,4850334,1015466,673746,30,64847,105,4.2
2025-07,1040,Branch 1040,Central,10882,836,7969571,5206234,1020427,721800,30,81140,180,4.1
2025-07,1041,Branch 1041,North,11686,818,8205284,4630074,1054938,690066,32,86589,77,4.1
2025-07,1042,Branch 1042,South,9778,874,5782609,4322469,756933,553358,32,62453,132,4.4
2025-07,1043,Branch 1043,East,9455,630,5556982,3208053,614593,486397,30,79162,160,4.3
2025-07,1044,Branch 1044,West,11073,1026,8423890,5182535,1136502,808800,34,93847,115,4.3
2025-07,1045,Branch 1045,Central,11567,1094,7119207,4440083,783595,551861,30,91985,70,4.0
2025-07,1046,Branch 1046,North,11023,706,6379976,4062968,694458,480631,37,70691,121,4.3
2025-07,1047,Branch 1047,South,8459,448,6577280,4040050,811144,526709,28,70695,144,4.4
2025-07,1048,Branch 1048,East,10951,846,7281028,4638728,880724,588056,32,76805,88,4.5
2025-07,1049,Branch 1049,West,9999,513,7112277,4966375,844443,564732,30,80364,102,4.4
2025-07,1050,Branch 1050,Central,10768,791,7091330,5154182,990346,734924,35,73817,79,4.2
2025-07,1051,Branch 1051,North,10392,725,6029949,3408559,685158,455584,32,92582,155,4.1
2025-07,1052,Branch 1052,South,10531,665,6782348,4987851,901985,582167,32,92943,79,4.4
2025-07,1053,Branch 1053,East,9689,663,6162933,4657612,734545,516516,30,86506,185,4.3
2025-07,1054,Branch 1054,West,11369,671,8281593,4818714,1054886,852502,31,109221,203,4.3
2025-07,1055,Branch 1055,Central,9164,435,6253826,4597303,642046,502073,27,55484,155,4.2
2025-07,1056,Branch 1056,North,12769,866,8207356,4925354,1034077,699574,34,108779,95,4.2
2025-07,1057,Branch 1057,South,12207,929,8413180,5476512,881652,716365,33,89118,201,4.3
2025-07,1058,Branch 1058,East,8977,471,6954897,3741528,762776,488620,27,83835,134,4.3
2025-07,1059,Branch 1059,West,9069,570,5166248,3309825,673230,463756,30,81298,66,4.4
2025-07,1060,Branch 1060,Central,10923,552,6506449,4746114,773472,517689,37,93462,142,4.3
2025-07,1061,Branch 1061,North,11661,1038,7508107,3952183,858384,699950,36,86450,202,4.1
2025-07,1062,Branch 1062,South,10804,515,6582384,4149809,741931,534029,32,90892,207,4.1
2025-07,1063,Branch 1063,East,10527,686,7474434,4076821,776946,482577,35,88395,207,4.0
2025-07,1064,Branch 1064,West,9628,543,7120145,5487681,849419,694284,32,67958,80,4.4
2025-07,1065,Branch 1065,Central,9160,654,5580414,4110188,576809,429442,26,90306,171,4.3
2025-07,1066,Branch 1066,North,9904,768,6221939,3731928,710613,558858,30,62197,111,4.4
2025-07,1067,Branch 1067,South,10360,897,5914724,3315930,748069,558429,27,89055,144,4.0
2025-07,1068,Branch 1068,East,9665,455,6714631,4652110,796286,653028,26,59534,110,4.3
2025-07,1069,Branch 1069,West,10662,774,7243626,3862280,891709,695603,28,75793,187,4.4
2025-07,1070,Branch 1070,Central,12240,1077,8285113,5979237,941977,652293,38,100260,111,4.3
2025-07,1071,Branch 1071,North,8776,470,6144606,4632574,829689,568232,28,59543,62,4.4
2025-07,1072,Branch 1072,South,9203,686,5465245,4124820,599149,385498,31,60907,167,4.3
2025-07,1073,Branch 1073,East,10189,886,7890022,4753335,946001,682668,32,77158,193,4.0
2025-07,1074,Branch 1074,West,11449,1033,7885273,6037968,873062,728097,38,96629,209,4.2
2025-07,1075,Branch 1075,Central,11699,1075,8284147,4913729,1111374,753335,38,99193,88,4.6
2025-07,1076,Branch 1076,North,9285,750,5250521,2750722,673736,563078,31,61013,122,4.1
2025-07,1077,Branch 1077,South,8996,522,5976939,4554995,823547,620386,30,80914,111,4.2
2025-07,1078,Branch 1078,East,10210,554,7886248,4915646,956768,730202,29,72682,153,4.3
2025-07,1079,Branch 1079,West,10493,487,5913908,3420551,767120,515356,32,76200,124,4.3
2025-07,1080,Branch 1080,Central,10131,736,6453125,4817846,901533,741665,34,62236,164,4.3
2025-07,1081,Branch 1081,North,9650,623,5529336,4273183,588875,475810,28,93613,141,4.2
2025-07,1082,Branch 1082,South,9093,455,6075096,3338296,743603,478718,25,56849,132,4.4
2025-07,1083,Branch 1083,East,11029,584,7904389,4643187,879165,554290,36,85089,125,4.3
2025-07,1084,Branch 1084,West,10976,597,6754860,4190429,695819,550693,29,67617,150,3.9
2025-07,1085,Branch 1085,Central,11650,1072,8203000,4283838,840136,665745,32,104919,154,4.1
2025-07,1086,Branch 1086,North,10510,863,6693362,3867450,837551,620751,29,78316,169,3.9
2025-07,1087,Branch 1087,South,9947,916,6568436,4544274,832588,573810,27,66678,101,4.1
2025-07,1088,Branch 1088,East,10193,583,5642902,3617283,663273,459799,27,65607,199,4.1
2025-07,1089,Branch 1089,West,12386,1008,7774943,4912346,992459,813728,39,95742,199,4.1
2025-07,1090,Branch 1090,Central,10284,472,7313445,4531585,980675,782010,31,71162,153,4.1
2025-07,1091,Branch 1091,North,9898,766,6172867,4777131,731003,505203,27,66339,172,4.2
2025-07,1092,Branch 1092,South,11798,730,7354163,4411374,797967,585036,39,99833,176,4.1
2025-07,1093,Branch 1093,East,8884,812,6698253,3808304,852757,701180,27,65243,57,4.4
2025-07,1094,Branch 1094,West,10685,534,6740351,5023220,822185,648077,29,73227,116,4.0
2025-07,1095,Branch 1095,Central,11217,957,6810658,5150702,892440,729261,31,78386,181,4.2
2025-07,1096,Branch 1096,North,12243,796,7167749,4391903,971568,636223,35,84967,157,4.4
2025-07,1097,Branch 1097,South,9562,485,5960667,4180963,725749,551905,26,72451,135,4.0
2025-07,1098,Branch 1098,East,8566,757,6206886,4839179,637218,404014,25,65919,133,4.2
2025-07,1099,Branch 1099,West,12466,588,7722475,5659179,1002689,709492,39,82485,161,3.9
2025-07,1100,Branch 1100,Central,12409,913,9050874,5276535,1133614,733559,37,88484,144,4.5
2025-08,1001,Branch 1001,North,11137,813,8430163,5535530,886425,707923,30,68894,92,4.5
2025-08,1002,Branch 1002,South,10162,880,6954074,3964808,852734,631915,33,61110,158,4.1
2025-08,1003,Branch 1003,East,9788,619,6181505,4781533,750029,599036,26,97010,135,4.0
2025-08,1004,Branch 1004,West,9748,914,6492056,5022626,793207,496139,29,79527,92,4.7
2025-08,1005,Branch 1005,Central,11129,707,7323068,4056358,846602,530725,31,95823,74,4.4
2025-08,1006,Branch 1006,North,11525,607,8324150,6198666,834809,544111,35,94337,225,3.9
2025-08,1007,Branch 1007,South,8415,543,6328253,4570604,774252,514210,23,69765,141,4.2
2025-08,1008,Branch 1008,East,8811,687,4882866,3680684,532825,394165,27,58164,79,4.4
2025-08,1009,Branch 1009,West,9796,793,5438169,4038332,723170,500173,31,89454,156,4.3
2025-08,1010,Branch 1010,Central,9739,895,7157437,4724848,970990,649425,26,82281,179,3.8
2025-08,1011,Branch 1011,North,12293,835,9294108,5736000,1014206,848502,36,87013,177,4.4
2025-08,1012,Branch 1012,South,8439,632,6036096,4550814,728964,580806,25,56192,59,4.5
2025-08,1013,Branch 1013,East,8524,545,5599250,3771571,758470,539422,23,80223,73,4.4
2025-08,1014,Branch 1014,West,9271,725,5518901,3317090,728962,592189,25,75529,170,4.0
2025-08,1015,Branch 1015,Central,11079,999,8021172,6016763,1024048,774830,31,74435,124,4.2
2025-08,1016,Branch 1016,North,9482,464,5513139,2978786,682859,500002,29,62514,181,4.1
2025-08,1017,Branch 1017,South,11250,1038,7596843,4917252,837976,567921,38,98623,149,4.2
2025-08,1018,Branch 1018,East,10300,780,7930653,4432833,1017726,690731,28,81598,198,4.2
2025-08,1019,Branch 1019,West,9092,739,5463481,3582056,750610,550245,31,55419,86,4.5
2025-08,1020,Branch 1020,Central,9229,549,5527488,4036748,672394,481684,31,84634,93,4.2
2025-08,1021,Branch 1021,North,10549,584,7959444,5674870,882863,610382,34,88490,97,4.4
2025-08,1022,Branch 1022,South,9180,435,5375818,3240067,635725,399516,26,68694,91,4.0
2025-08,1023,Branch 1023,East,9973,788,5685116,3455289,568561,385278,29,76947,75,4.2
2025-08,1024,Branch 1024,West,8855,608,6124460,3387937,718564,490830,25,75695,135,4.2
2025-08,1025,Branch 1025,Central,9202,440,6295844,4194941,888603,580414,29,90359,91,3.9
2025-08,1026,Branch 1026,North,11510,864,7137404,3858743,766723,489366,38,115009,213,4.1
2025-08,1027,Branch 1027,South,10692,588,8214670,5021453,1028312,786695,33,89820,99,4.4
2025-08,1028,Branch 1028,East,11653,757,8491732,5365247,1009751,809241,36,91679,202,4.1
2025-08,1029,Branch 1029,West,12115,596,8693207,5206338,955646,687740,33,110820,217,4.4
2025-08,1030,Branch 1030,Central,9690,567,7115274,5405856,779738,520375,28,62208,192,3.8
2025-08,1031,Branch 1031,North,11489,545,7785584,4128975,888003,728384,38,109484,88,4.1
2025-08,1032,Branch 1032,South,11350,537,8511411,5651045,896013,598578,36,112368,210,4.2
2025-08,1033,Branch 1033,East,9159,703,6956946,3678344,737544,594300,28,76254,69,4.4
2025-08,1034,Branch 1034,West,11119,849,8558266,5905891,1194001,876551,36,76809,96,4.0
2025-08,1035,Branch 1035,Central,9545,468,6716309,4658348,813197,615716,30,71743,140,4.2
2025-08,1036,Branch 1036,North,9202,478,6343187,4473845,811220,601737,28,79109,100,4.5
2025-08,1037,Branch 1037,South,11907,563,7330715,5449284,868043,652599,35,89272,96,4.2
2025-08,1038,Branch 1038,East,10136,822,7152610,4221980,916029,655258,30,86367,99,4.3
2025-08,1039,Branch 1039,West,9469,621,6870635,5159222,996734,763702,28,60324,124,4.0
2025-08,1040,Branch 1040,Central,10455,767,8107653,6168167,1146742,768328,28,71852,190,3.8
2025-08,1041,Branch 1041,North,10843,682,6485665,3444330,827753,672533,29,94422,162,4.1
2025-08,1042,Branch 1042,South,9615,504,7523097,5586713,941840,669016,28,61164,104,4.4
2025-08,1043,Branch 1043,East,10004,587,6137607,3870273,795174,599889,31,82182,179,4.0
2025-08,1044,Branch 1044,West,11263,594,7389706,4653113,937791,728795,32,98320,157,4.2
2025-08,1045,Branch 1045,Central,11383,726,7746963,5244038,965367,607280,31,91428,175,3.9
2025-08,1046,Branch 1046,North,10790,1020,6787559,4081560,878465,564843,33,98755,166,4.1
2025-08,1047,Branch 1047,South,8720,619,5109022,3509757,621402,415329,29,58019,112,4.3
2025-08,1048,Branch 1048,East,11015,796,6196808,3512117,750599,526637,31,88276,80,4.2
2025-08,1049,Branch 1049,West,9878,705,7366422,4130224,988243,673527,30,66160,129,4.2
2025-08,1050,Branch 1050,Central,9817,499,7103568,5388969,768473,633977,28,66779,162,4.3
2025-08,1051,Branch 1051,North,10174,662,7347564,4040454,953527,681330,29,85567,196,4.2
2025-08,1052,Branch 1052,South,9646,840,7521151,4901001,887479,626397,26,73809,113,4.3
2025-08,1053,Branch 1053,East,9642,558,7296314,4829756,973756,646834,29,71034,168,4.0
2025-08,1054,Branch 1054,West,11164,1015,7233254,4485631,989684,745598,37,92188,100,4.3
2025-08,1055,Branch 1055,Central,10051,807,6350040,3762105,736395,476188,31,74905,176,4.1
2025-08,1056,Branch 1056,North,11880,708,7607084,5098046,1048410,849328,39,104234,72,4.4
2025-08,1057,Branch 1057,South,12238,885,7468466,4144383,766817,493452,35,83419,168,3.7
2025-08,1058,Branch 1058,East,8708,806,5328780,3727269,746262,549893,28,59992,149,4.1
2025-08,1059,Branch 1059,West,9576,677,6271298,3337636,722494,543592,32,74688,83,4.2
2025-08,1060,Branch 1060,Central,10122,725,6834183,4435314,786179,577071,31,92641,145,4.1
2025-08,1061,Branch 1061,North,11872,856,8594303,4563126,836902,681815,38,87259,121,4.5
2025-08,1062,Branch 1062,South,11290,989,6711544,4731679,849457,655078,32,68970,77,4.4
2025-08,1063,Branch 1063,East,10198,915,6126417,3513337,668413,418319,28,91518,193,4.1
2025-08,1064,Branch 1064,West,8796,651,6245470,3330794,724347,462082,24,71247,142,4.0
2025-08,1065,Branch 1065,Central,9346,852,6336178,4432548,822806,629299,27,76050,72,4.4
2025-08,1066,Branch 1066,North,10266,698,7126708,5103514,966576,644962,34,65947,83,4.2
2025-08,1067,Branch 1067,South,9817,768,6170729,4028149,824906,555213,27,61649,184,4.2
2025-08,1068,Branch 1068,East,9765,618,6131366,3354364,839286,602752,26,87420,66,4.5
2025-08,1069,Branch 1069,West,10335,616,7587828,5604152,1064130,884191,32,78324,63,4.3
2025-08,1070,Branch 1070,Central,11625,945,6915905,5187824,861518,621750,32,112778,110,4.2
2025-08,1071,Branch 1071,North,9032,780,6931880,3949333,728558,478445,28,87728,107,3.9
2025-08,1072,Branch 1072,South,8969,572,6924565,5143810,878672,655931,25,78761,151,4.1
2025-08,1073,Branch 1073,East,10414,750,7439192,5484562,900050,725852,33,92251,76,4.0
2025-08,1074,Branch 1074,West,10603,735,7776987,4100576,771691,574735,35,67034,128,4.2
2025-08,1075,Branch 1075,Central,10439,908,7555193,4751098,1070012,743301,31,70182,156,4.1
2025-08,1076,Branch 1076,North,9927,551,5616108,4112365,689435,560878,28,83094,177,4.1
2025-08,1077,Branch 1077,South,9129,730,5527749,4002885,656661,526802,28,68778,107,4.3
2025-08,1078,Branch 1078,East,10597,939,6969839,3960027,789317,550611,28,84402,95,4.4
2025-08,1079,Branch 1079,West,9991,504,5906983,4151559,588063,482242,29,74944,64,4.2
2025-08,1080,Branch 1080,Central,10807,977,6928192,4820197,1000998,745057,31,76032,159,3.7
2025-08,1081,Branch 1081,North,9238,473,6700823,4061345,700876,459139,26,88533,56,4.2
2025-08,1082,Branch 1082,South,9400,591,5997429,4053608,658843,454629,32,65398,169,4.0
2025-08,1083,Branch 1083,East,11024,947,7470345,5238974,809429,563563,29,100263,183,4.1
2025-08,1084,Branch 1084,West,11529,679,7399594,4469109,909799,678841,39,71562,176,4.0
2025-08,1085,Branch 1085,Central,10969,1038,8290736,5540277,1118136,721764,31,90786,143,4.2
2025-08,1086,Branch 1086,North,10070,949,7487819,5003025,963083,657108,33,88720,168,4.3
2025-08,1087,Branch 1087,South,10030,561,5981681,4237637,778717,625108,31,98587,198,4.1
2025-08,1088,Branch 1088,East,10615,668,6926875,4005980,967967,622012,33,73464,146,4.2
2025-08,1089,Branch 1089,West,12068,630,7605017,4531326,788965,513923,32,114767,228,4.3
2025-08,1090,Branch 1090,Central,10587,938,5932099,3410770,797545,529904,34,69782,205,3.9
2025-08,1091,Branch 1091,North,9954,761,5506183,3688297,744489,536364,31,79406,119,4.2
2025-08,1092,Branch 1092,South,11860,979,8383612,5753888,1178408,978472,39,112411,154,4.1
2025-08,1093,Branch 1093,East,8871,597,5053427,3101154,578766,391722,24,60430,115,4.0
2025-08,1094,Branch 1094,West,10868,790,7038515,4953880,869216,607688,31,72889,209,4.1
2025-08,1095,Branch 1095,Central,10584,635,8172052,6185525,970625,762256,31,77340,189,3.9
2025-08,1096,Branch 1096,North,10937,879,7939125,5367129,1016020,789809,33,94317,93,4.5
2025-08,1097,Branch 1097,South,9988,717,5571206,4158702,628216,493434,31,96116,68,4.4
2025-08,1098,Branch 1098,East,9419,573,5277010,3410416,611433,504647,25,61414,174,4.4
2025-08,1099,Branch 1099,West,12641,924,7725902,5651872,894140,571201,40,123938,136,4.3
2025-08,1100,Branch 1100,Central,12690,754,9581214,5948393,931227,650698,36,96571,115,4.1
2025-09,1001,Branch 1001,North,11127,966,8715593,6182160,1080824,676517,31,89773,119,4.2
2025-09,1002,Branch 1002,South,9691,711,7215539,4490547,974665,788222,30,66511,135,4.1
2025-09,1003,Branch 1003,East,9852,836,7454925,5584048,907491,736597,28,59185,136,4.1
2025-09,1004,Branch 1004,West,10174,951,6229195,3539927,709875,541550,32,101470,164,3.9
2025-09,1005,Branch 1005,Central,10393,809,7784402,4201565,827465,550205,33,88753,112,4.1
2025-09,1006,Branch 1006,North,11926,675,7784842,4426393,883856,617691,34,92001,204,4.3
2025-09,1007,Branch 1007,South,8935,721,6402368,3470601,674672,475722,25,88033,117,4.3
2025-09,1008,Branch 1008,East,8654,662,6822453,4331391,712070,537220,27,65350,118,4.3
2025-09,1009,Branch 1009,West,8948,690,5763165,3639427,765535,587404,24,55079,67,4.4
2025-09,1010,Branch 1010,Central,9110,545,5548173,3187099,645249,467993,25,67816,97,4.3
2025-09,1011,Branch 1011,North,11665,954,7086677,5526202,904059,737685,38,102842,225,4.2
2025-09,1012,Branch 1012,South,9135,421,5835034,3106555,671116,492256,24,75901,151,3.9
2025-09,1013,Branch 1013,East,8858,503,6597887,4480266,899269,731048,28,82370,100,4.4
2025-09,1014,Branch 1014,West,9215,453,6316793,4465193,696470,514361,24,79685,104,4.6
2025-09,1015,Branch 1015,Central,10985,846,7078006,4822399,843561,641686,36,80545,155,4.0
2025-09,1016,Branch 1016,North,9426,524,7125077,4395872,965925,632477,25,69960,158,4.0
2025-09,1017,Branch 1017,South,11094,863,7817288,5421840,949000,685695,30,67863,89,4.0
2025-09,1018,Branch 1018,East,9280,708,6656407,4805093,726592,523358,25,79339,125,4.0
2025-09,1019,Branch 1019,West,9950,831,7748534,5381077,1013572,659943,26,85440,175,4.3
2025-09,1020,Branch 1020,Central,9423,534,7142314,4220136,889294,632715,29,83001,142,4.2
2025-09,1021,Branch 1021,North,10793,597,6443828,4978005,718161,524601,31,84945,81,4.4
2025-09,1022,Branch 1022,South,8517,765,5340352,3563476,703031,453825,24,67556,110,4.1
2025-09,1023,Branch 1023,East,8901,596,5815917,4005187,626296,450615,25,88255,154,4.0
2025-09,1024,Branch 1024,West,8946,571,6881557,4149869,776948,613860,25,87381,150,4.0
2025-09,1025,Branch 1025,Central,9418,761,6379135,4330662,673524,471790,29,71837,146,4.2
2025-09,1026,Branch 1026,North,10528,727,8223873,4806380,904569,693812,29,74351,78,4.4
2025-09,1027,Branch 1027,South,10355,851,7656180,4360178,812694,560097,34,96468,174,4.2
2025-09,1028,Branch 1028,East,12704,742,7130545,5131123,754994,498949,33,82964,195,4.3
2025-09,1029,Branch 1029,West,11668,622,8560811,5339496,927465,649866,31,77030,74,3.9
2025-09,1030,Branch 1030,Central,10067,546,6017148,3762510,648284,478758,28,79420,127,4.1
2025-09,1031,Branch 1031,North,11689,1053,7882368,5630514,796097,525956,31,101807,218,4.2
2025-09,1032,Branch 1032,South,12176,885,6870494,4944563,818023,571220,38,110434,221,4.0
2025-09,1033,Branch 1033,East,8309,684,5542462,3851240,792245,546855,24,52730,143,4.0
2025-09,1034,Branch 1034,West,10046,601,5593821,4160172,674096,443857,28,66298,67,4.4
2025-09,1035,Branch 1035,Central,8766,778,5317761,3931936,683263,545539,25,80105,163,4.2
2025-09,1036,Branch 1036,North,8468,525,4815806,3706969,677092,422699,25,66655,78,4.2
2025-09,1037,Branch 1037,South,11619,692,7910651,5385747,1077802,788338,31,73731,134,4.1
2025-09,1038,Branch 1038,East,10588,693,6067480,4346334,677912,460566,29,72293,166,4.1
2025-09,1039,Branch 1039,West,8988,814,5150019,3432241,673835,475937,24,87915,66,4.0
2025-09,1040,Branch 1040,Central,10294,758,7216633,4802945,806219,675510,34,74473,197,3.9
2025-09,1041,Branch 1041,North,10841,648,7322845,5387775,786005,515784,35,71262,104,4.3
2025-09,1042,Branch 1042,South,9553,543,6886359,3583123,835829,657144,29,60796,71,4.5
2025-09,1043,Branch 1043,East,10009,469,7051227,3675957,845825,676027,27,76206,138,4.2
2025-09,1044,Branch 1044,West,11599,588,7941790,4443084,875961,606868,37,115970,92,4.1
2025-09,1045,Branch 1045,Central,11953,546,6810031,4688128,846538,567000,35,81022,140,3.8
2025-09,1046,Branch 1046,North,11340,563,8449137,6176221,952539,740130,31,82694,180,3.9
2025-09,1047,Branch 1047,South,8688,584,6107112,3347740,756098,613561,25,74339,161,4.0
2025-09,1048,Branch 1048,East,10574,737,6977726,4862600,805804,581210,30,81964,169,4.3
2025-09,1049,Branch 1049,West,8978,849,5732977,3866696,671115,524082,24,71624,130,4.3
2025-09,1050,Branch 1050,Central,9850,878,7679966,5526493,945652,742881,33,72232,189,4.2
2025-09,1051,Branch 1051,North,10081,720,7177150,4971757,780053,576461,31,76814,145,4.0
2025-09,1052,Branch 1052,South,9223,468,6853287,3989895,741329,492776,31,81341,161,4.3
2025-09,1053,Branch 1053,East,9281,524,5234029,3819190,755622,615296,25,83495,132,3.9
2025-09,1054,Branch 1054,West,10905,558,8121133,5957263,1085062,799293,32,103838,85,4.2
2025-09,1055,Branch 1055,Central,9350,432,6635392,4231122,680759,479148,26,57311,118,4.0
2025-09,1056,Branch 1056,North,11620,702,7058263,5008657,917278,583801,32,100248,173,4.4
2025-09,1057,Branch 1057,South,11915,897,7165263,3842376,852344,533375,38,104358,220,4.0
2025-09,1058,Branch 1058,East,9703,472,5805267,4431109,763267,551424,28,63652,91,4.4
2025-09,1059,Branch 1059,West,8938,600,6100518,4366320,672381,466197,24,72633,124,4.4
2025-09,1060,Branch 1060,Central,10696,931,6740832,3995498,937219,633691,32,92057,120,4.2
2025-09,1061,Branch 1061,North,11884,710,7561464,4715142,1004036,697405,32,73914,96,4.2
2025-09,1062,Branch 1062,South,11288,1062,6875506,3720669,711256,586648,37,77669,77,4.4
2025-09,1063,Branch 1063,East,10102,943,6832883,3846478,925383,637661,32,75533,94,4.2
2025-09,1064,Branch 1064,West,9466,608,6962284,4967270,865741,539896,28,64571,153,4.1
2025-09,1065,Branch 1065,Central,8687,564,5954356,3235576,598024,459613,23,60252,100,4.2
2025-09,1066,Branch 1066,North,9684,675,7449917,3926625,883557,555537,27,63775,124,4.3
2025-09,1067,Branch 1067,South,9892,611,6354349,4796646,700194,496461,33,63596,68,4.2
2025-09,1068,Branch 1068,East,9630,867,6904730,4073811,824509,643522,31,80978,174,4.1
2025-09,1069,Branch 1069,West,10626,986,7720490,5117325,862940,669415,33,79981,99,4.5
2025-09,1070,Branch 1070,Central,11173,989,8805973,6057985,1108359,717699,31,80580,212,4.2
2025-09,1071,Branch 1071,North,8872,614,5642997,3003779,633185,518922,26,54904,164,4.0
2025-09,1072,Branch 1072,South,8388,767,4950693,2686310,661009,454637,28,55427,87,4.4
2025-09,1073,Branch 1073,East,10127,490,7037538,4883641,823061,599652,31,70720,157,4.3
2025-09,1074,Branch 1074,West,11305,1066,7837829,4867299,856463,707366,33,106089,119,4.1
2025-09,1075,Branch 1075,Central,11065,645,6841869,4793428,704383,575782,31,75206,192,4.1
2025-09,1076,Branch 1076,North,10019,693,7111059,5071646,953385,639871,32,70827,93,4.0
2025-09,1077,Branch 1077,South,8717,566,4919717,2624925,500175,314859,27,57874,62,4.3
2025-09,1078,Branch 1078,East,10329,686,7446265,4318143,897805,668109,30,100755,122,4.1
2025-09,1079,Branch 1079,West,9954,819,6304172,4903724,692422,520220,29,70605,138,4.3
2025-09,1080,Branch 1080,Central,9891,831,6524457,3645507,885688,672864,32,80574,160,4.5
2025-09,1081,Branch 1081,North,9392,815,6008065,4651588,760826,518506,25,84644,84,4.4
2025-09,1082,Branch 1082,South,8914,625,5498035,4005819,681306,446475,30,84511,104,4.1
2025-09,1083,Branch 1083,East,10507,901,6687733,5014976,790253,592890,30,65643,163,4.5
2025-09,1084,Branch 1084,West,11453,818,6808113,4529549,739357,476061,37,83302,186,4.2
2025-09,1085,Branch 1085,Central,10836,753,7982949,4786874,1031478,744825,32,100406,182,4.4
2025-09,1086,Branch 1086,North,10920,884,6287537,3509198,779924,578544,29,96433,159,3.8
2025-09,1087,Branch 1087,South,9261,808,7281396,4862459,1019064,740898,27,92331,67,4.5
2025-09,1088,Branch 1088,East,9600,529,5958944,4324202,758151,519722,32,66233,95,4.3
2025-09,1089,Branch 1089,West,12375,978,9445250,7006993,1186286,810509,36,110466,222,4.4
2025-09,1090,Branch 1090,Central,9574,553,7205172,4208381,738613,505068,32,80719,72,4.4
2025-09,1091,Branch 1091,North,10738,855,7657925,5805434,913824,753915,30,105071,200,4.1
2025-09,1092,Branch 1092,South,11603,649,7546116,5847774,969557,785085,36,105022,163,4.2
2025-09,1093,Branch 1093,East,9160,644,6493483,4041009,901118,694417,28,73047,94,4.4
2025-09,1094,Branch 1094,West,10278,574,7467775,5735988,891722,573388,34,100357,90,4.5
2025-09,1095,Branch 1095,Central,10200,530,7092077,5307684,821379,561867,32,92972,154,4.2
2025-09,1096,Branch 1096,North,11042,766,7088666,4682707,858074,632134,34,76968,129,4.5
2025-09,1097,Branch 1097,South,9423,589,6133700,4394981,865576,612950,27,72968,101,4.6
2025-09,1098,Branch 1098,East,8446,452,4732447,2577759,638567,523030,28,58964,67,4.2
2025-09,1099,Branch 1099,West,11539,824,8011588,6095468,1065245,886796,36,93170,163,4.1
2025-09,1100,Branch 1100,Central,11949,567,8996008,6538156,998565,647807,32,105716,190,4.4
2025-10,1001,Branch 1001,North,10940,534,7208267,5103430,819328,592444,33,93670,105,4.1
2025-10,1002,Branch 1002,South,9308,825,6570727,4347541,682287,432389,26,58611,119,4.2
2025-10,1003,Branch 1003,East,10966,879,8342478,6387057,1155105,879514,36,78355,121,4.0
2025-10,1004,Branch 1004,West,9796,443,6467922,4091889,830210,604364,27,94788,107,4.2
2025-10,1005,Branch 1005,Central,10755,1009,8508996,4553096,1036752,766952,30,79721,163,4.1
2025-10,1006,Branch 1006,North,11432,848,7700932,4229312,931776,616894,36,73411,84,4.2
2025-10,1007,Branch 1007,South,9021,592,5253655,3423576,525879,425076,30,62957,103,4.5
2025-10,1008,Branch 1008,East,8865,777,5358549,4036488,673611,425008,23,72073,66,4.3
2025-10,1009,Branch 1009,West,9599,477,7281617,5379102,879221,581555,27,61297,68,4.3
2025-10,1010,Branch 1010,Central,9022,831,6216274,4697743,781042,502598,28,58498,166,4.1
2025-10,1011,Branch 1011,North,12183,833,7893127,5629371,1008267,694431,40,100053,161,4.2
2025-10,1012,Branch 1012,South,9009,769,5382899,3585584,722235,516629,24,77591,134,4.2
2025-10,1013,Branch 1013,East,9322,813,5319848,3240001,620712,486055,26,65452,130,4.0
2025-10,1014,Branch 1014,West,9803,736,6776863,3721047,721149,542350,33,68688,69,4.4
2025-10,1015,Branch 1015,Central,11103,927,8504057,6010658,914837,656881,37,75293,181,4.1
2025-10,1016,Branch 1016,North,8997,675,5842068,3355462,631733,500487,30,75195,152,4.4
2025-10,1017,Branch 1017,South,11345,990,7448153,5149026,908664,624688,30,90679,70,4.4
2025-10,1018,Branch 1018,East,9962,841,6301327,3464012,864640,606672,30,85190,131,4.2
2025-10,1019,Branch 1019,West,9862,709,5965676,3176519,714210,599406,32,97590,175,4.2
2025-10,1020,Branch 1020,Central,8872,793,5681942,3827632,616256,390564,28,53600,126,4.2
2025-10,1021,Branch 1021,North,11023,950,8421203,6120740,1018361,778944,32,77591,83,4.3
2025-10,1022,Branch 1022,South,8759,648,6303003,4192914,883347,605944,28,85705,86,4.4
2025-10,1023,Branch 1023,East,9666,729,7065202,4426435,846430,702448,26,66297,151,4.3
2025-10,1024,Branch 1024,West,8510,509,4871539,2866552,535862,351842,26,78479,117,4.2
2025-10,1025,Branch 1025,Central,8896,686,5364675,3565993,641853,503492,29,77095,124,4.4
2025-10,1026,Branch 1026,North,10363,888,8188714,6304198,1104351,886862,35,100290,83,4.4
2025-10,1027,Branch 1027,South,10550,623,7760438,4673514,893954,640274,30,91987,111,4.2
2025-10,1028,Branch 1028,East,12131,1093,8448892,5591521,959502,620361,40,106755,230,3.7
2025-10,1029,Branch 1029,West,11751,859,7745197,5841512,1016488,853264,34,104825,215,4.2
2025-10,1030,Branch 1030,Central,9102,583,5529046,3384959,605572,426571,27,67131,134,4.0
2025-10,1031,Branch 1031,North,11695,708,9248997,6803082,958958,612160,32,109857,198,3.9
2025-10,1032,Branch 1032,South,11483,879,8465956,6174154,1001930,744196,30,96396,148,4.5
2025-10,1033,Branch 1033,East,8934,801,6345670,3765853,798897,541406,29,78591,149,4.1
2025-10,1034,Branch 1034,West,11288,763,7968896,5101903,1010078,846092,35,105139,131,4.2
2025-10,1035,Branch 1035,Central,8806,470,6020628,3538842,729193,493666,25,59621,163,4.1
2025-10,1036,Branch 1036,North,8817,435,5143651,2942690,661816,516397,25,85859,86,4.3
2025-10,1037,Branch 1037,South,11724,761,8080567,5318434,1153595,798953,33,71805,180,4.5
2025-10,1038,Branch 1038,East,10783,672,7336931,4934446,1049683,714762,32,70339,71,4.3
2025-10,1039,Branch 1039,West,9941,766,5720669,4356038,806762,580258,33,84324,149,4.1
2025-10,1040,Branch 1040,Central,10090,627,6549024,4852212,768907,637522,29,80538,115,4.3
2025-10,1041,Branch 1041,North,11661,570,7898187,5900158,940775,622357,35,98307,179,4.2
2025-10,1042,Branch 1042,South,9383,678,6264459,3273079,622240,502369,26,74498,177,4.2
2025-10,1043,Branch 1043,East,9390,699,6307250,4725467,661191,479990,25,70650,154,4.2
2025-10,1044,Branch 1044,West,11659,863,7616928,5356791,867943,547431,31,71009,166,4.2
2025-10,1045,Branch 1045,Central,11160,623,8082639,4963943,1056367,767844,31,79477,213,4.1
2025-10,1046,Branch 1046,North,10935,625,6972144,4316230,772532,497248,30,81207,97,4.0
2025-10,1047,Branch 1047,South,8669,715,5836668,3095679,778925,570756,26,79749,73,4.1
2025-10,1048,Branch 1048,East,11684,580,6603673,3786171,822973,652437,32,78329,146,3.7
2025-10,1049,Branch 1049,West,9728,456,6749163,4766394,711817,453331,27,59142,89,4.4
2025-10,1050,Branch 1050,Central,9943,722,7166533,4637839,916939,729652,33,64755,169,4.1
2025-10,1051,Branch 1051,North,10348,703,7923016,4220660,803906,627774,28,102000,102,4.3
2025-10,1052,Branch 1052,South,10316,688,6505189,4245618,672275,468976,31,99326,134,4.0
2025-10,1053,Branch 1053,East,9529,841,7445263,3918384,889080,606036,30,82838,105,4.5
2025-10,1054,Branch 1054,West,10660,924,7606163,4102530,848288,530147,36,73078,118,4.4
2025-10,1055,Branch 1055,Central,9137,648,6497820,4850943,677016,426269,28,70079,66,4.4
2025-10,1056,Branch 1056,North,11459,720,8374866,5914645,1184204,963217,30,71718,117,4.5
2025-10,1057,Branch 1057,South,11469,889,8969801,6707518,1095465,788597,31,89618,79,4.3
2025-10,1058,Branch 1058,East,9222,567,6282474,4169550,759159,599087,28,63832,117,4.2
2025-10,1059,Branch 1059,West,9494,635,5380822,4090254,588987,443875,30,58235,175,4.1
2025-10,1060,Branch 1060,Central,10381,857,7073513,5071746,881894,580009,31,64062,191,4.3
2025-10,1061,Branch 1061,North,12001,1061,6806125,4175183,887901,636458,33,96477,168,4.0
2025-10,1062,Branch 1062,South,11544,1046,6573945,3829852,895854,608546,32,105739,126,4.0
2025-10,1063,Branch 1063,East,9828,614,7393448,5383301,979922,778102,32,81530,128,4.1
2025-10,1064,Branch 1064,West,9030,756,5117955,3596713,597998,457404,27,82033,60,4.3
2025-10,1065,Branch 1065,Central,8858,793,5717166,3154854,620309,451676,27,63872,157,4.1
2025-10,1066,Branch 1066,North,10777,637,6956463,5356960,1003213,638896,32,87468,131,4.0
2025-10,1067,Branch 1067,South,9662,892,6736173,4814058,847960,678243,31,71640,180,3.9
2025-10,1068,Branch 1068,East,9273,713,6048823,4184616,733841,546333,29,65155,89,4.2
2025-10,1069,Branch 1069,West,10694,941,7126554,4624037,772140,487465,32,91137,134,4.3
2025-10,1070,Branch 1070,Central,11049,938,8400016,5820260,966175,721869,30,107849,106,4.5
2025-10,1071,Branch 1071,North,8669,511,5907093,4247596,742248,588460,27,57049,53,4.3
2025-10,1072,Branch 1072,South,9027,568,5931084,3329050,610039,503037,24,60600,105,4.2
2025-10,1073,Branch 1073,East,10369,613,6641750,3623918,843882,613050,29,81481,136,4.2
2025-10,1074,Branch 1074,West,10977,731,7547805,4182100,1017028,852990,30,66878,198,4.0
2025-10,1075,Branch 1075,Central,10899,980,8468360,4797740,1112454,767515,32,75487,139,3.8
2025-10,1076,Branch 1076,North,9814,787,5881720,3233212,716414,579868,26,96580,186,4.1
2025-10,1077,Branch 1077,South,9375,821,5841277,4098291,797750,655197,31,87940,66,4.4
2025-10,1078,Branch 1078,East,10802,793,8464555,5938584,1223299,788532,32,100435,112,4.1
2025-10,1079,Branch 1079,West,10166,588,6010675,4211755,767083,598582,34,75546,126,4.4
2025-10,1080,Branch 1080,Central,10994,779,7817128,4253103,1051567,665354,37,75284,161,4.4
2025-10,1081,Branch 1081,North,9674,786,7177694,5283633,1009440,781053,25,84731,189,4.2
2025-10,1082,Branch 1082,South,8691,647,6628219,4531402,819835,557515,24,74501,65,4.2
2025-10,1083,Branch 1083,East,10810,665,8241394,6311480,1134749,709337,29,90406,139,4.5
2025-10,1084,Branch 1084,West,10565,572,8037319,4526721,1052483,832259,31,77935,155,4.3
2025-10,1085,Branch 1085,Central,11040,661,8608396,6504512,1019014,687045,32,87134,78,4.2
2025-10,1086,Branch 1086,North,10307,892,7629530,5286834,846053,636140,31,68342,169,4.0
2025-10,1087,Branch 1087,South,10008,550,5932489,4156658,723292,565091,32,86504,145,4.3
2025-10,1088,Branch 1088,East,10618,603,8004095,4381476,1083305,836980,34,98607,140,4.5
2025-10,1089,Branch 1089,West,11451,879,6544157,4592031,739539,536772,32,99647,212,4.2
2025-10,1090,Branch 1090,Central,10747,948,8256023,5794902,980803,668384,36,82775,206,4.0
2025-10,1091,Branch 1091,North,10764,757,6431547,3396739,769115,637209,35,76123,105,4.2
2025-10,1092,Branch 1092,South,11167,833,8647567,5613057,942074,593093,29,86806,186,4.2
2025-10,1093,Branch 1093,East,8894,812,5407796,3890315,712228,537525,28,64508,108,3.9
2025-10,1094,Branch 1094,West,10531,881,7921022,4278264,885020,640404,34,84071,126,4.5
2025-10,1095,Branch 1095,Central,11031,540,8600466,5121972,1113455,706962,37,96556,124,4.4
2025-10,1096,Branch 1096,North,11224,646,8198786,4342700,1054481,867531,32,86735,167,4.0
2025-10,1097,Branch 1097,South,9123,608,6794191,5147045,963187,703607,28,87003,87,4.2
2025-10,1098,Branch 1098,East,9005,762,5649861,3547534,594050,434761,30,83521,168,4.1
2025-10,1099,Branch 1099,West,11330,689,7869288,5106322,1059159,845122,33,94436,221,3.9
2025-10,1100,Branch 1100,Central,12765,841,7221496,4849050,821228,514005,42,79296,225,4.4
2025-11,1001,Branch 1001,North,11254,581,8811620,5875216,958509,764852,30,71510,135,4.4
2025-11,1002,Branch 1002,South,9788,630,7264770,4607631,898683,569858,32,71527,164,4.2
2025-11,1003,Branch 1003,East,9961,498,6746114,5239489,885012,652324,29,82571,100,4.1
2025-11,1004,Branch 1004,West,10696,759,6786175,4246390,721950,579734,29,90618,92,4.5
2025-11,1005,Branch 1005,Central,10437,781,7908684,4889908,1016627,772523,32,93815,181,4.3
2025-11,1006,Branch 1006,North,12208,644,7336875,5157191,820574,669280,39,99864,171,4.0
2025-11,1007,Branch 1007,South,8677,718,6799223,4007557,766520,548258,24,58701,155,4.3
2025-11,1008,Branch 1008,East,9064,617,5394322,3387178,645443,411150,30,64031,63,4.2
2025-11,1009,Branch 1009,West,9722,725,5983133,3427676,686406,495578,28,62536,110,4.4
2025-11,1010,Branch 1010,Central,8981,654,5555657,3430351,614326,421585,25,88827,125,4.5
2025-11,1011,Branch 1011,North,12885,676,9581154,5517663,1188320,832080,37,101373,149,4.3
2025-11,1012,Branch 1012,South,9454,771,7208107,3758719,718019,583941,28,69919,61,4.2
2025-11,1013,Branch 1013,East,9289,711,6719172,3896783,694490,546582,31,75820,175,4.1
2025-11,1014,Branch 1014,West,9555,891,5659818,3475627,587915,366298,32,63364,123,4.4
2025-11,1015,Branch 1015,Central,11439,718,7040922,4493942,870691,721778,33,99790,152,4.0
2025-11,1016,Branch 1016,North,8781,576,6266644,4450227,837954,538681,25,61517,80,4.1
2025-11,1017,Branch 1017,South,10577,981,6992424,5043178,914497,580553,33,92776,120,4.4
2025-11,1018,Branch 1018,East,9525,900,7575983,5101300,1034444,767901,30,66382,105,4.3
2025-11,1019,Branch 1019,West,9389,559,6214346,4095165,701257,513575,29,81066,128,4.2
2025-11,1020,Branch 1020,Central,9152,706,5921913,3947450,705496,527047,30,71115,98,4.0
2025-11,1021,Branch 1021,North,10966,577,6343581,4512375,691078,544831,35,71486,162,4.1
2025-11,1022,Branch 1022,South,9027,504,6060645,4026318,813425,639571,25,56780,104,4.3
2025-11,1023,Branch 1023,East,9437,828,6458088,4483809,845673,710339,28,83118,186,4.1
2025-11,1024,Branch 1024,West,8727,755,5132521,3767855,720266,459465,25,59890,66,4.3
2025-11,1025,Branch 1025,Central,9393,755,5543542,3463039,652014,531789,28,82359,133,3.9
2025-11,1026,Branch 1026,North,10443,861,6835816,4900856,891126,660811,35,83460,202,4.1
2025-11,1027,Branch 1027,South,9955,711,5995646,3909166,785355,487478,33,60257,194,4.0
2025-11,1028,Branch 1028,East,11645,672,6891301,4924164,958960,698941,36,75847,83,4.7
2025-11,1029,Branch 1029,West,12095,708,9103482,5663169,1254639,972158,34,100820,165,4.2
2025-11,1030,Branch 1030,Central,9272,624,6961500,3768516,890570,727263,29,80991,92,4.1
2025-11,1031,Branch 1031,North,11260,925,7094052,5263077,728611,513277,30,92241,146,4.2
2025-11,1032,Branch 1032,South,11332,626,8946494,5202554,1038968,772620,30,112363,204,4.1
2025-11,1033,Branch 1033,East,8771,465,5204726,3937482,665587,455056,25,66417,54,4.3
2025-11,1034,Branch 1034,West,11513,1057,8994802,4838480,1137618,868612,32,88668,93,4.3
2025-11,1035,Branch 1035,Central,9850,475,7405291,5189628,1022494,826661,30,86837,156,4.4
2025-11,1036,Branch 1036,North,9355,667,6814797,4015148,858626,578577,26,74615,146,4.2
2025-11,1037,Branch 1037,South,12259,996,8154324,5316517,1071475,839908,38,105016,216,4.1
2025-11,1038,Branch 1038,East,10733,727,6955111,5166295,816665,685472,36,105969,185,4.1
2025-11,1039,Branch 1039,West,9746,480,5825935,3926025,655869,463494,27,97395,103,4.3
2025-11,1040,Branch 1040,Central,10553,514,7426990,4840309,1025368,806416,31,83439,179,4.1
2025-11,1041,Branch 1041,North,10938,629,7730994,4854362,971657,722882,32,73797,199,4.2
2025-11,1042,Branch 1042,South,9166,703,5511336,3396652,722380,533891,29,69655,151,4.1
2025-11,1043,Branch 1043,East,9933,465,7561068,5651883,841961,540629,30,65969,125,4.3
2025-11,1044,Branch 1044,West,11323,814,6813489,3736986,869648,612556,35,73205,182,4.1
2025-11,1045,Branch 1045,Central,12304,695,7690091,4692294,803239,630413,39,119566,196,4.2
2025-11,1046,Branch 1046,North,11539,521,8017149,4529108,838532,677857,33,81932,72,4.4
2025-11,1047,Branch 1047,South,9179,628,6950255,5014778,991063,640676,27,58417,163,4.2
2025-11,1048,Branch 1048,East,11123,717,7252072,5109654,821125,661130,36,110922,156,4.0
2025-11,1049,Branch 1049,West,9829,857,5969538,3191174,748393,620666,31,63147,85,4.3
2025-11,1050,Branch 1050,Central,10494,958,7104912,3939795,848845,588833,32,63034,159,4.2
2025-11,1051,Branch 1051,North,10739,662,7805851,5384808,959926,658720,32,75187,131,4.1
2025-11,1052,Branch 1052,South,9663,791,5971774,4414038,761643,477359,27,87471,78,4.2
2025-11,1053,Branch 1053,East,10348,918,7807139,4813461,948926,676838,27,80243,196,4.1
2025-11,1054,Branch 1054,West,11366,766,7146918,4604401,855409,672314,36,77301,175,3.9
2025-11,1055,Branch 1055,Central,9391,866,7475937,4261878,804730,667658,27,79824,183,4.1
2025-11,1056,Branch 1056,North,12689,932,8005900,5340660,967185,601384,39,93873,224,4.4
2025-11,1057,Branch 1057,South,11505,558,7604740,4006047,1035378,796101,38,85989,139,4.5
2025-11,1058,Branch 1058,East,9374,842,6156823,3314919,656093,501519,32,83241,187,4.3
2025-11,1059,Branch 1059,West,9669,545,6535657,3486293,797198,630273,26,79515,104,4.4
2025-11,1060,Branch 1060,Central,10697,793,7510005,4491975,1009727,653077,33,87295,98,4.3
2025-11,1061,Branch 1061,North,12114,726,8720266,4614263,917273,617051,36,110421,135,4.1
2025-11,1062,Branch 1062,South,10759,537,6682025,4738055,768958,536031,30,98541,122,4.6
2025-11,1063,Branch 1063,East,10478,837,7285144,5353227,962188,705632,32,67674,131,4.6
2025-11,1064,Branch 1064,West,9810,468,6937115,4129701,914454,681686,27,77172,124,4.2
2025-11,1065,Branch 1065,Central,9677,824,6337651,4704862,838298,657084,29,96356,185,4.0
2025-11,1066,Branch 1066,North,10500,527,8286280,6107969,986557,747752,31,86019,173,4.1
2025-11,1067,Branch 1067,South,10502,955,6827587,4454727,944571,670268,35,92275,132,4.3
2025-11,1068,Branch 1068,East,9307,882,7108282,5515364,919645,597805,29,67578,129,4.1
2025-11,1069,Branch 1069,West,10814,1003,8335666,5284152,1073482,764008,33,104101,103,4.4
2025-11,1070,Branch 1070,Central,12490,1054,7389492,5616319,1015005,787976,34,91459,79,4.6
2025-11,1071,Branch 1071,North,9359,784,6572163,3888083,726443,556051,25,58687,183,4.1
2025-11,1072,Branch 1072,South,8573,624,4972842,3779114,685590,429174,28,84039,130,4.0
2025-11,1073,Branch 1073,East,10609,488,7532289,4175239,869324,592680,29,85892,116,4.4
2025-11,1074,Branch 1074,West,11215,541,8175864,4293708,1077282,693831,32,92365,165,4.3
2025-11,1075,Branch 1075,Central,10471,794,7061327,5407826,920457,625949,27,80023,113,4.0
2025-11,1076,Branch 1076,North,9859,703,6054786,4574017,744706,573551,31,96051,144,4.0
2025-11,1077,Branch 1077,South,9898,453,7781027,5222749,878246,603559,29,64370,184,4.1
2025-11,1078,Branch 1078,East,11030,865,8728224,5246092,1198486,764087,30,109457,100,3.9
2025-11,1079,Branch 1079,West,10269,799,8130908,4520318,806450,585903,28,64005,178,4.1
2025-11,1080,Branch 1080,Central,10077,584,7525325,5616032,781359,558958,28,63489,103,4.2
2025-11,1081,Branch 1081,North,10433,881,8160652,5718767,1031623,727522,33,96106,189,4.2
2025-11,1082,Branch 1082,South,9205,416,6335525,4352961,842573,583250,25,72286,151,4.3
2025-11,1083,Branch 1083,East,10842,984,8623626,4881024,1001268,789222,32,78302,107,4.2
2025-11,1084,Branch 1084,West,10735,747,8548305,4949362,1040290,724894,30,87454,126,4.0
2025-11,1085,Branch 1085,Central,12193,723,8322157,5961000,923515,607482,37,76818,130,4.4
2025-11,1086,Branch 1086,North,11050,574,8661305,4831939,1110806,787334,29,81320,220,4.2
2025-11,1087,Branch 1087,South,9630,509,6007556,4317990,705711,487142,30,71544,141,4.2
2025-11,1088,Branch 1088,East,10967,982,6742629,3751401,691272,571375,34,100273,95,4.4
2025-11,1089,Branch 1089,West,12371,1165,9189816,5306920,941237,757985,35,106773,170,4.1
2025-11,1090,Branch 1090,Central,10206,845,7762135,4575397,999322,793066,30,83643,88,4.1
2025-11,1091,Branch 1091,North,10460,803,6904416,4093656,822759,579569,32,95650,183,3.9
2025-11,1092,Branch 1092,South,10753,639,6715233,4594367,916960,670369,30,101880,200,3.9
2025-11,1093,Branch 1093,East,9815,525,6622535,3736165,867130,650281,33,67244,182,4.2
2025-11,1094,Branch 1094,West,10013,904,6030034,3495403,705457,473044,29,89555,75,4.4
2025-11,1095,Branch 1095,Central,11398,901,8347325,6098392,864269,661387,33,91170,198,4.1
2025-11,1096,Branch 1096,North,12104,946,9038091,5375430,1102391,888138,35,117637,215,4.4
2025-11,1097,Branch 1097,South,10158,895,7378385,4545507,813847,656653,30,78950,164,4.3
2025-11,1098,Branch 1098,East,8921,844,6123345,3218189,712835,542605,26,71013,71,4.1
2025-11,1099,Branch 1099,West,12806,1018,8919603,4755912,922623,574280,39,92575,137,4.4
2025-11,1100,Branch 1100,Central,12144,1150,7210843,4685638,848415,566799,39,109569,172,4.2
2025-12,1001,Branch 1001,North,12175,549,9528923,7089494,1253919,787281,37,97691,242,4.2
2025-12,1002,Branch 1002,South,10162,581,7006943,5022431,915098,627705,33,65303,100,4.3
2025-12,1003,Branch 1003,East,10367,532,6879940,4757704,968102,787655,33,98118,98,4.3
2025-12,1004,Branch 1004,West,10118,752,6570029,4131058,856001,567614,31,78113,73,4.3
2025-12,1005,Branch 1005,Central,10887,783,7432184,4264034,764594,539436,36,92755,67,4.2
2025-12,1006,Branch 1006,North,11597,723,7915123,4529231,855071,596867,31,90442,79,4.4
2025-12,1007,Branch 1007,South,8620,622,5355134,3567396,633972,395452,28,72050,106,4.4
2025-12,1008,Branch 1008,East,9579,655,5530394,3752743,722075,550547,28,73125,172,4.1
2025-12,1009,Branch 1009,West,10297,965,7308415,4514330,803786,524782,31,71520,166,4.4
2025-12,1010,Branch 1010,Central,9993,744,7961087,5265251,1078708,887348,33,96437,160,4.2
2025-12,1011,Branch 1011,North,12170,1028,9221918,4991180,1257504,965628,35,92505,105,4.5
2025-12,1012,Branch 1012,South,8936,566,5323576,3360427,647131,440025,27,65876,67,4.3
2025-12,1013,Branch 1013,East,9776,700,7731261,4198134,973270,751018,29,59127,85,4.3
2025-12,1014,Branch 1014,West,9682,474,6595068,3596644,712192,556837,29,95881,159,4.1
2025-12,1015,Branch 1015,Central,11419,554,7240496,4265130,762765,484011,31,101511,103,4.4
2025-12,1016,Branch 1016,North,9468,646,6818082,5169653,924688,668261,31,91848,117,4.1
2025-12,1017,Branch 1017,South,11296,816,7347331,4728275,837782,570193,30,93872,185,4.1
2025-12,1018,Branch 1018,East,10439,765,7306247,4492804,886779,646892,34,100586,63,4.1
2025-12,1019,Branch 1019,West,9445,497,5940635,3846881,669470,505983,27,80094,113,4.3
2025-12,1020,Branch 1020,Central,9536,872,6654109,4369730,891291,655647,28,57417,115,4.1
2025-12,1021,Branch 1021,North,12013,880,8807237,5367096,936957,623499,32,96471,144,4.4
2025-12,1022,Branch 1022,South,8969,641,6408927,3709594,800402,504050,29,84033,111,4.0
2025-12,1023,Branch 1023,East,9569,747,6700969,4243611,782908,532103,29,77529,125,4.4
2025-12,1024,Branch 1024,West,8955,522,6173282,3887330,743680,522427,28,78187,94,4.1
2025-12,1025,Branch 1025,Central,9565,815,6285450,3313314,709823,486800,30,61680,141,4.2
2025-12,1026,Branch 1026,North,11665,608,7363762,5140016,939006,679683,37,77698,209,4.3
2025-12,1027,Branch 1027,South,10989,871,6502354,3565096,725994,523833,30,99827,216,4.1
2025-12,1028,Branch 1028,East,12724,821,8590511,6068519,974773,675081,41,96886,156,4.1
2025-12,1029,Branch 1029,West,12521,1041,10014767,5495057,1045856,733713,33,109407,227,4.1
2025-12,1030,Branch 1030,Central,9504,695,5879565,3434130,635895,498610,29,72758,115,4.2
2025-12,1031,Branch 1031,North,12007,789,7366058,5320751,803189,646394,40,104954,97,4.4
2025-12,1032,Branch 1032,South,12804,586,8675097,4911844,1126782,765368,37,123663,77,4.1
2025-12,1033,Branch 1033,East,9562,785,7648465,4931633,782470,572284,27,59294,125,4.1
2025-12,1034,Branch 1034,West,10542,783,7335902,5404332,998567,686268,28,75069,150,4.3
2025-12,1035,Branch 1035,Central,10078,935,6371217,4710489,776394,482878,29,90013,175,4.0
2025-12,1036,Branch 1036,North,9293,564,6437493,3433617,740220,564322,27,91283,63,4.4
2025-12,1037,Branch 1037,South,12674,815,7740902,4649199,1067162,758101,42,121032,156,4.0
2025-12,1038,Branch 1038,East,11466,1010,8489153,4414919,1133466,738596,31,111738,131,4.2
2025-12,1039,Branch 1039,West,10307,682,5907436,4428195,644771,485031,28,82534,182,4.1
2025-12,1040,Branch 1040,Central,11206,879,7747192,5922204,925729,751574,30,105106,189,4.2
2025-12,1041,Branch 1041,North,12098,1035,8661756,4771502,894784,712651,36,82945,150,4.3
2025-12,1042,Branch 1042,South,9554,508,7594162,5916162,861558,616129,28,76035,142,3.9
2025-12,1043,Branch 1043,East,9696,823,5676277,3121717,762800,543466,31,62358,61,4.5
2025-12,1044,Branch 1044,West,11852,550,7872140,5088172,905718,747039,34,102016,143,4.2
2025-12,1045,Branch 1045,Central,11297,788,7923004,5665249,991707,676527,29,102419,77,4.5
2025-12,1046,Branch 1046,North,11293,864,7485644,4586203,1008097,813349,31,74765,156,4.2
2025-12,1047,Branch 1047,South,9628,738,7429534,4256297,775367,526426,26,90485,98,4.0
2025-12,1048,Branch 1048,East,11285,644,8450693,5878381,923464,748709,34,68015,125,4.2
2025-12,1049,Branch 1049,West,10196,931,6703115,5052003,885003,663620,27,68169,125,3.8
2025-12,1050,Branch 1050,Central,10426,599,7443024,5594653,1008041,706597,34,102651,80,4.4
2025-12,1051,Branch 1051,North,10990,589,8133610,5931024,849312,587562,30,70871,82,4.3
2025-12,1052,Branch 1052,South,9911,752,5777559,3201519,650137,407098,27,76287,108,4.1
2025-12,1053,Branch 1053,East,9690,759,5933889,3937514,778685,579118,27,84588,119,4.2
2025-12,1054,Branch 1054,West,11011,890,7282408,5431167,845674,543788,35,72548,191,4.1
2025-12,1055,Branch 1055,Central,10245,495,6868469,4692429,783966,625504,30,71460,91,4.2
2025-12,1056,Branch 1056,North,12956,973,8177838,4362870,1024876,781390,39,124903,258,4.2
2025-12,1057,Branch 1057,South,12028,892,7589678,4817753,1034825,838851,31,73655,230,4.1
2025-12,1058,Branch 1058,East,9828,679,6293611,3515944,798033,551418,27,70589,104,4.2
2025-12,1059,Branch 1059,West,9681,680,6247516,3991817,729768,519070,28,58353,165,4.1
2025-12,1060,Branch 1060,Central,11462,843,7151332,4846136,1011703,699237,37,80408,145,4.2
2025-12,1061,Branch 1061,North,12754,926,9886535,6680565,1093392,817925,38,125141,219,4.0
2025-12,1062,Branch 1062,South,11349,726,6873288,3851002,880132,677096,32,69856,164,4.3
2025-12,1063,Branch 1063,East,9902,717,6202329,4816846,657184,501885,31,70391,140,4.6
2025-12,1064,Branch 1064,West,10096,954,7893577,5513697,857581,623112,32,68916,144,4.1
2025-12,1065,Branch 1065,Central,9263,786,6579642,4408956,671919,446236,29,71170,120,4.1
2025-12,1066,Branch 1066,North,10438,886,6012203,4597388,857627,666562,29,102450,148,4.2
2025-12,1067,Branch 1067,South,10001,801,5773970,4426793,768280,567755,28,66251,134,4.0
2025-12,1068,Branch 1068,East,10511,687,6172239,4291392,759890,489982,35,88614,140,4.1
2025-12,1069,Branch 1069,West,11005,709,8171008,4345652,987850,798994,31,95849,193,4.0
2025-12,1070,Branch 1070,Central,12830,856,9359103,5409005,1068440,849830,40,117995,238,4.1
2025-12,1071,Branch 1071,North,9403,815,6732706,4833592,956939,778182,29,64123,104,4.4
2025-12,1072,Branch 1072,South,9426,717,6103256,3978807,669918,469308,28,83791,73,4.3
2025-12,1073,Branch 1073,East,11048,726,6615854,3923421,924439,667187,32,71433,219,3.8
2025-12,1074,Branch 1074,West,11821,722,8846629,4740650,985236,701622,33,100178,176,4.4
2025-12,1075,Branch 1075,Central,10872,647,6345156,4893284,784321,496998,29,77624,123,4.3
2025-12,1076,Branch 1076,North,10011,904,6933380,3964367,859281,668779,27,85824,170,4.2
2025-12,1077,Branch 1077,South,9581,506,7127542,4272490,791600,546975,25,68620,86,4.3
2025-12,1078,Branch 1078,East,10491,808,7236580,4762651,835294,605926,33,70031,111,3.8
2025-12,1079,Branch 1079,West,10490,480,7094683,3815116,834459,602013,28,65798,173,4.0
2025-12,1080,Branch 1080,Central,10838,998,8670654,5566238,1149468,798073,29,90611,132,4.2
2025-12,1081,Branch 1081,North,10413,820,7148173,3806660,783124,566586,31,76669,203,4.1
2025-12,1082,Branch 1082,South,9368,634,6178110,4653488,748689,602843,31,91916,139,4.4
2025-12,1083,Branch 1083,East,11110,574,8821750,6682518,1154373,875306,34,91909,78,4.5
2025-12,1084,Branch 1084,West,10953,807,8704333,5936023,1110445,837396,32,77179,147,4.4
2025-12,1085,Branch 1085,Central,12052,1003,9411546,5009937,979939,733611,33,94606,118,4.2
2025-12,1086,Branch 1086,North,10453,989,6720839,4347690,772185,637760,35,85173,89,4.5
2025-12,1087,Branch 1087,South,10862,800,7489195,4438220,719008,530625,36,97043,142,4.3
2025-12,1088,Branch 1088,East,10878,901,7314150,4976767,945985,632866,29,105302,182,3.9
2025-12,1089,Branch 1089,West,11954,740,8645088,5391288,900574,733155,35,118821,227,4.1
2025-12,1090,Branch 1090,Central,10989,929,8164850,4421505,898852,718302,29,90855,217,4.0
2025-12,1091,Branch 1091,North,11191,1039,7533138,4514648,910149,708862,34,102318,206,4.2
2025-12,1092,Branch 1092,South,11797,673,6986259,3819326,776172,609561,38,71533,85,4.6
2025-12,1093,Branch 1093,East,9524,526,7411572,5608887,815725,543027,31,79289,178,4.1
2025-12,1094,Branch 1094,West,11276,840,8081599,5125579,1038560,809542,30,81767,93,4.5
2025-12,1095,Branch 1095,Central,11416,965,8362727,4911440,887910,654364,33,97561,167,4.1
2025-12,1096,Branch 1096,North,12642,915,9588294,7367623,1084028,708962,34,109413,188,4.3
2025-12,1097,Branch 1097,South,10614,863,6478439,4391871,838944,594880,29,82637,151,4.3
2025-12,1098,Branch 1098,East,9036,728,6545417,4652055,921368,656528,29,89901,175,4.1
2025-12,1099,Branch 1099,West,12212,736,8794939,6159945,1112726,784144,39,89946,156,4.0
2025-12,1100,Branch 1100,Central,13334,758,7898027,5015487,1030445,642180,42,112776,141,4.5
2026-01,1001,Branch 1001,North,11522,880,7555914,4033281,816949,623370,36,110951,121,4.2
2026-01,1002,Branch 1002,South,10288,665,6151129,4404834,845408,665446,33,79422,156,4.3
2026-01,1003,Branch 1003,East,10883,935,8628103,5459687,965501,792089,29,77741,194,4.3
2026-01,1004,Branch 1004,West,10747,522,7102693,5052433,759805,545656,32,102821,200,4.3
2026-01,1005,Branch 1005,Central,11172,529,7520197,4546037,945315,744847,31,68750,220,4.2
2026-01,1006,Branch 1006,North,12045,948,7560184,4147152,805163,570940,40,113959,219,4.4
2026-01,1007,Branch 1007,South,9585,852,6903368,5174316,967730,711639,26,83331,77,4.4
2026-01,1008,Branch 1008,East,8902,832,6794867,3575786,754767,568801,25,70580,169,4.0
2026-01,1009,Branch 1009,West,10652,751,6620046,3635127,753122,529855,32,66028,146,4.2
2026-01,1010,Branch 1010,Central,9716,796,6126351,3368424,675063,540705,30,59319,139,4.3
2026-01,1011,Branch 1011,North,12708,752,7532369,5201593,931210,681549,42,110139,216,4.1
2026-01,1012,Branch 1012,South,9064,510,5552072,3003857,696812,581269,27,55519,109,4.1
2026-01,1013,Branch 1013,East,9939,752,6246992,4215496,634400,521414,32,64215,153,4.1
2026-01,1014,Branch 1014,West,9891,826,7517221,4203583,806264,669029,29,73575,99,4.0
2026-01,1015,Branch 1015,Central,11298,587,7151873,4607821,790802,571473,33,95159,107,4.2
2026-01,1016,Branch 1016,North,10147,768,7618173,5775739,1029066,736987,33,86484,121,4.2
2026-01,1017,Branch 1017,South,11252,962,8303064,6285843,1216157,780350,32,79074,98,4.4
2026-01,1018,Branch 1018,East,10920,504,7886864,5243998,965923,696378,37,84794,79,4.3
2026-01,1019,Branch 1019,West,9702,868,7438418,4465414,1013010,837454,32,84485,148,4.5
2026-01,1020,Branch 1020,Central,10067,774,6326268,4642972,791179,537847,26,68994,123,3.9
2026-01,1021,Branch 1021,North,11800,803,7025635,5428310,955443,619723,39,94249,189,4.1
2026-01,1022,Branch 1022,South,9626,626,6543702,4060316,833672,548523,27,65790,146,4.2
2026-01,1023,Branch 1023,East,10044,741,6218874,3795747,853383,690649,30,79439,112,4.3
2026-01,1024,Branch 1024,West,9858,761,5665534,4349560,690872,440712,26,60659,186,3.9
2026-01,1025,Branch 1025,Central,10523,508,6832258,5225269,745928,511197,29,95133,85,4.1
2026-01,1026,Branch 1026,North,11670,870,6872912,4149332,727753,531735,32,92981,91,4.5
2026-01,1027,Branch 1027,South,11327,565,7070048,3943053,837706,566328,30,80403,160,4.3
2026-01,1028,Branch 1028,East,12682,1086,10150986,6144658,1291146,989491,36,122958,193,4.2
2026-01,1029,Branch 1029,West,12900,645,9997738,7574045,1206492,902001,34,117268,158,4.0
2026-01,1030,Branch 1030,Central,10647,962,6405462,4486297,773984,532992,30,90436,116,4.0
2026-01,1031,Branch 1031,North,12380,980,7291358,4364518,982950,712507,40,121788,116,4.2
2026-01,1032,Branch 1032,South,11795,896,8648329,5405002,960846,758198,31,79494,175,4.0
2026-01,1033,Branch 1033,East,8941,807,6807902,5289560,943433,613595,25,69666,87,4.4
2026-01,1034,Branch 1034,West,11204,1058,7081245,5105751,803878,569446,33,89027,84,4.3
2026-01,1035,Branch 1035,Central,9700,619,6752971,5077146,670886,435341,31,64041,181,4.1
2026-01,1036,Branch 1036,North,9274,622,6293025,4399855,812428,679644,25,81006,86,4.2
2026-01,1037,Branch 1037,South,12988,718,9937584,7531814,1180650,946734,35,98402,172,3.9
2026-01,1038,Branch 1038,East,11394,828,9136398,5842645,1100264,901862,37,74873,147,4.0
2026-01,1039,Branch 1039,West,9547,438,7595811,4980883,1064285,667124,28,76256,113,3.9
2026-01,1040,Branch 1040,Central,11070,972,7098066,3879339,756181,529662,31,72917,86,4.1
2026-01,1041,Branch 1041,North,12402,566,9393209,5795646,1187893,774676,39,118407,104,4.4
2026-01,1042,Branch 1042,South,10002,563,6458388,4091788,670419,478522,28,69389,134,4.4
2026-01,1043,Branch 1043,East,10644,750,7587545,5081530,892905,591949,31,72342,89,4.4
2026-01,1044,Branch 1044,West,12057,897,8014083,6092114,920081,764676,38,98158,195,3.7
2026-01,1045,Branch 1045,Central,12923,1071,8535107,4559530,1027132,650028,40,115791,120,4.2
2026-01,1046,Branch 1046,North,12230,946,8504722,5057508,1051860,722159,33,114536,76,4.4
2026-01,1047,Branch 1047,South,9907,872,5812394,4187447,707907,516537,28,77310,63,4.2
2026-01,1048,Branch 1048,East,11991,707,9254620,5444473,1091210,885431,40,93372,141,4.1
2026-01,1049,Branch 1049,West,9578,572,6395416,4299612,711009,493991,28,57522,123,4.3
2026-01,1050,Branch 1050,Central,11204,769,8238818,4656144,1004313,772040,35,105960,148,4.5
2026-01,1051,Branch 1051,North,11516,968,8108759,5133851,915063,593290,31,83876,141,4.4
2026-01,1052,Branch 1052,South,10725,492,7231465,5247712,828907,572471,30,97359,114,4.5
2026-01,1053,Branch 1053,East,10664,819,6835190,4925309,865316,580616,29,90262,184,4.0
2026-01,1054,Branch 1054,West,11031,666,6926182,4480992,967708,809728,31,81410,100,4.3
2026-01,1055,Branch 1055,Central,9730,777,5985333,4101548,702808,554475,26,59160,179,4.2
2026-01,1056,Branch 1056,North,12823,1122,10000424,7399164,1080231,765121,40,82254,149,4.5
2026-01,1057,Branch 1057,South,12683,853,9199018,6525115,1218699,892579,36,113235,246,4.2
2026-01,1058,Branch 1058,East,10401,559,8151385,5102293,1114394,747853,29,65944,119,4.3
2026-01,1059,Branch 1059,West,10385,857,6509966,4847595,801247,513117,28,79578,119,4.4
2026-01,1060,Branch 1060,Central,11653,1006,8560883,6178760,858549,615709,31,107699,105,4.2
2026-01,1061,Branch 1061,North,12896,945,9478036,6060558,1112021,837615,37,102103,140,4.3
2026-01,1062,Branch 1062,South,12236,593,7244445,4526997,817639,602774,38,99098,175,4.4
2026-01,1063,Branch 1063,East,10705,765,7085553,4903416,820853,641715,33,101629,201,4.1
2026-01,1064,Branch 1064,West,9988,682,6999872,5143119,767640,476959,27,97172,179,4.0
2026-01,1065,Branch 1065,Central,9894,782,7946063,5820368,1059463,857359,27,87330,88,4.3
2026-01,1066,Branch 1066,North,10935,856,7662377,5481714,1052495,860802,34,89896,204,4.2
2026-01,1067,Branch 1067,South,10701,933,6564970,4551911,846412,542579,32,68094,129,3.9
2026-01,1068,Branch 1068,East,10121,668,7869315,4260230,827856,683406,31,85102,121,4.4
2026-01,1069,Branch 1069,West,11796,951,7121712,5303935,892491,628124,36,102300,124,4.1
2026-01,1070,Branch 1070,Central,12528,860,8277760,5023076,1078134,718216,35,119686,210,4.2
2026-01,1071,Branch 1071,North,9582,879,6086983,4172811,805748,616493,28,95209,84,4.3
2026-01,1072,Branch 1072,South,9763,885,6354957,3722074,793419,637164,31,59908,148,4.4
2026-01,1073,Branch 1073,East,11383,777,7854500,6099191,1027836,855876,33,93404,176,4.1
2026-01,1074,Branch 1074,West,11757,692,8370465,5277855,899225,609026,33,103073,77,4.5
2026-01,1075,Branch 1075,Central,12264,886,8300049,5692681,974299,670964,38,76152,126,4.3
2026-01,1076,Branch 1076,North,10127,740,6485766,4004149,785457,488625,29,93247,132,4.3
2026-01,1077,Branch 1077,South,9310,879,7187524,4071453,791696,554553,30,87800,89,4.7
2026-01,1078,Branch 1078,East,10975,830,6334880,3531088,797984,522033,30,95226,128,4.0
2026-01,1079,Branch 1079,West,10889,1024,7110790,4025572,859161,555458,36,85179,107,4.4
2026-01,1080,Branch 1080,Central,11374,731,7776785,4361214,864753,680397,35,77774,69,4.3
2026-01,1081,Branch 1081,North,10261,832,7660171,4365470,931347,660772,34,97470,154,4.4
2026-01,1082,Branch 1082,South,9233,531,5699989,2975557,547597,456129,25,91011,78,4.3
2026-01,1083,Branch 1083,East,11909,965,8390595,5834583,872058,657030,32,110638,186,4.2
2026-01,1084,Branch 1084,West,11062,915,6461072,4467439,697408,499229,37,94979,216,4.2
2026-01,1085,Branch 1085,Central,12883,919,9614875,5983714,1263230,850371,42,105688,163,4.0
2026-01,1086,Branch 1086,North,11671,1028,6703571,3712443,786416,592195,32,78461,83,4.2
2026-01,1087,Branch 1087,South,10440,797,8174398,5220289,1146219,844168,32,80813,109,4.5
2026-01,1088,Branch 1088,East,11479,930,8964704,5796762,1182697,737700,34,76509,120,4.5
2026-01,1089,Branch 1089,West,12937,768,10383247,7240917,1252468,838672,42,124190,182,4.1
2026-01,1090,Branch 1090,Central,11431,629,8423890,6424829,1177711,969922,34,85435,202,4.2
2026-01,1091,Branch 1091,North,10844,792,8321485,6092167,1181425,870664,36,98336,139,4.5
2026-01,1092,Branch 1092,South,11663,1096,7964349,4628124,1101122,828215,31,78364,198,4.1
2026-01,1093,Branch 1093,East,9524,515,5909692,3754398,696903,549330,32,76040,148,4.3
2026-01,1094,Branch 1094,West,10988,712,8552839,6249907,932378,688407,31,72285,167,4.3
2026-01,1095,Branch 1095,Central,11798,1068,7284277,4980724,769435,538646,33,80037,137,4.3
2026-01,1096,Branch 1096,North,12864,636,9320220,5880509,1187266,818511,34,115963,78,4.3
2026-01,1097,Branch 1097,South,10488,947,7769011,4378152,958615,770731,28,82699,92,4.2
2026-01,1098,Branch 1098,East,9731,618,6680344,4735331,753607,565837,29,66123,135,4.2
2026-01,1099,Branch 1099,West,12860,1137,8348818,4343210,1025652,640742,36,127647,208,4.1
2026-01,1100,Branch 1100,Central,12546,580,9479147,7315875,1088660,677606,34,80023,137,4.3
2026-02,1001,Branch 1001,North,12345,640,7653501,4072596,834922,598909,33,92622,78,4.4
2026-02,1002,Branch 1002,South,10590,519,6442272,3619264,657490,447689,34,65466,134,4.4
2026-02,1003,Branch 1003,East,11872,1085,7022131,4491394,818148,517928,33,114747,139,4.2
2026-02,1004,Branch 1004,West,10971,683,6770343,4077072,783373,605443,30,66508,165,4.6
2026-02,1005,Branch 1005,Central,12249,759,9372515,7107298,1185916,972472,33,75707,234,4.1
2026-02,1006,Branch 1006,North,12702,1070,7988939,4874619,1009046,724513,41,104943,163,4.0
2026-02,1007,Branch 1007,South,10026,723,5988201,3209283,748734,596880,28,89826,84,4.4
2026-02,1008,Branch 1008,East,9272,468,6055134,3315283,834085,547432,28,71448,159,3.9
2026-02,1009,Branch 1009,West,10434,553,8309990,5270976,1117776,921211,27,63920,78,4.2
2026-02,1010,Branch 1010,Central,10082,646,7677799,5214214,876838,550790,31,69552,186,4.1
2026-02,1011,Branch 1011,North,13169,982,10158639,7690158,1402719,1157240,43,97875,199,4.2
2026-02,1012,Branch 1012,South,9751,586,7541884,4459370,835265,638424,27,89034,151,4.3
2026-02,1013,Branch 1013,East,9598,898,7584749,5331081,907735,568793,29,63125,177,4.3
2026-02,1014,Branch 1014,West,10767,708,7087751,4952044,941769,762678,32,83438,196,4.4
2026-02,1015,Branch 1015,Central,12623,1156,7974636,5609101,832314,531190,34,110569,181,4.2
2026-02,1016,Branch 1016,North,9894,865,6875649,4115344,803553,552479,33,65207,74,4.3
2026-02,1017,Branch 1017,South,12247,752,8445248,6400441,1158195,959189,34,99768,223,3.8
2026-02,1018,Branch 1018,East,10704,609,6865765,4219079,877846,600322,29,104113,178,4.3
2026-02,1019,Branch 1019,West,10010,806,7730506,5216593,931791,743845,33,75065,77,4.3
2026-02,1020,Branch 1020,Central,10101,945,6660174,4209821,783613,576289,31,95553,136,4.1
2026-02,1021,Branch 1021,North,11522,661,8021206,6218419,1158527,951873,35,85804,166,4.2
2026-02,1022,Branch 1022,South,9426,875,6951159,4211007,775665,574277,25,86519,123,4.3
2026-02,1023,Branch 1023,East,9903,570,6455708,3649385,716267,546284,28,93547,165,4.3
2026-02,1024,Branch 1024,West,9438,682,6936533,4264313,894785,568137,28,71974,130,4.3
2026-02,1025,Branch 1025,Central,10650,839,6374993,3541891,759947,507968,32,67835,125,4.1
2026-02,1026,Branch 1026,North,12379,850,9787167,7279248,1197718,871882,34,75047,110,4.0
2026-02,1027,Branch 1027,South,11044,1019,7104730,5205904,780879,630817,36,76607,130,4.1
2026-02,1028,Branch 1028,East,12880,1154,8234638,5565343,1104540,847368,34,93041,251,4.0
2026-02,1029,Branch 1029,West,12798,1037,9217444,7154387,1034473,807301,42,88350,156,4.5
2026-02,1030,Branch 1030,Central,10194,761,6393023,3458037,730307,453209,32,86488,91,4.2
2026-02,1031,Branch 1031,North,12433,595,7625787,5697511,1017034,826188,35,121921,149,4.3
2026-02,1032,Branch 1032,South,12799,876,9934310,7572293,1417855,1158299,39,101021,93,4.4
2026-02,1033,Branch 1033,East,10124,922,6767919,4766390,794174,494164,32,64741,105,4.1
2026-02,1034,Branch 1034,West,11691,958,7222982,4178302,779125,519056,38,109005,135,4.3
2026-02,1035,Branch 1035,Central,9934,764,7359019,4749397,980758,613247,26,89060,145,4.2
2026-02,1036,Branch 1036,North,9153,814,5891619,3907718,598571,487261,24,89351,72,4.1
2026-02,1037,Branch 1037,South,12787,760,10339274,5377407,1147527,851891,41,82786,166,4.2
2026-02,1038,Branch 1038,East,11055,1021,7633291,5883681,1099727,720535,35,102374,198,4.0
2026-02,1039,Branch 1039,West,10678,907,7553885,5265791,950329,636897,33,90931,137,4.2
2026-02,1040,Branch 1040,Central,11206,555,8206977,5303859,1025523,817331,34,104245,169,4.2
2026-02,1041,Branch 1041,North,13193,1187,9828580,5654975,1202205,913776,34,107163,162,4.0
2026-02,1042,Branch 1042,South,10653,986,8272940,4817464,971781,802136,29,75919,145,4.1
2026-02,1043,Branch 1043,East,10423,944,8162036,4667442,987685,796876,32,69377,132,4.2
2026-02,1044,Branch 1044,West,12588,829,7342176,3921547,973141,703989,33,103369,90,4.3
2026-02,1045,Branch 1045,Central,11997,1085,7588481,5313357,991593,690769,33,109347,84,4.5
2026-02,1046,Branch 1046,North,12039,1136,7087584,4182577,798973,503362,37,99969,177,3.8
2026-02,1047,Branch 1047,South,9650,514,7627570,5049890,916497,647334,27,78720,115,4.4
2026-02,1048,Branch 1048,East,12417,657,8884517,6731453,1185228,915444,37,75528,223,4.0
2026-02,1049,Branch 1049,West,10250,674,6098337,4087580,771608,537486,33,83809,69,4.3
2026-02,1050,Branch 1050,Central,10619,761,7611057,5650745,1041257,656674,28,82774,99,4.0
2026-02,1051,Branch 1051,North,12266,906,8480548,5578912,1134492,794394,33,95498,162,4.3
2026-02,1052,Branch 1052,South,10344,603,8409474,4664675,917746,730589,34,97391,127,4.2
2026-02,1053,Branch 1053,East,10317,917,7534067,4044651,824370,660286,31,93388,99,4.0
2026-02,1054,Branch 1054,West,11487,794,8869303,5459431,1117593,924179,36,106877,90,4.1
2026-02,1055,Branch 1055,Central,10236,904,6540560,4564244,855028,653714,28,73276,74,4.2
2026-02,1056,Branch 1056,North,13065,822,8982260,5501601,1165993,801951,43,111865,211,4.0
2026-02,1057,Branch 1057,South,12809,1080,9756386,7413559,1185199,810604,34,120467,134,4.4
2026-02,1058,Branch 1058,East,10394,874,8001188,4923986,869774,677211,34,95128,166,4.1
2026-02,1059,Branch 1059,West,10762,841,7220226,5427947,894849,735190,35,107146,153,4.2
2026-02,1060,Branch 1060,Central,11636,1005,7118271,5443963,960162,621849,32,81124,193,4.2
2026-02,1061,Branch 1061,North,13569,1015,9170770,7145480,1054624,831806,39,134773,182,4.5
2026-02,1062,Branch 1062,South,11707,901,9121811,5147795,1110942,708644,34,109766,151,4.1
2026-02,1063,Branch 1063,East,11392,518,7952697,5726751,918910,616908,31,98510,90,4.4
2026-02,1064,Branch 1064,West,10434,583,6072597,3968999,866356,691732,28,85764,203,4.1
2026-02,1065,Branch 1065,Central,10494,899,7231147,5343923,804614,675221,32,98280,82,4.2
2026-02,1066,Branch 1066,North,11679,855,7853509,4232605,891302,658798,31,75710,177,4.2
2026-02,1067,Branch 1067,South,10433,629,6357798,4214644,862993,541240,32,66981,152,4.6
2026-02,1068,Branch 1068,East,10609,773,8542811,6162435,945124,774472,35,71462,173,4.2
2026-02,1069,Branch 1069,West,11304,963,8915489,5408025,1028849,818684,37,107444,167,4.0
2026-02,1070,Branch 1070,Central,12220,1010,9506072,5901644,1335589,1042186,39,88514,86,4.3
2026-02,1071,Branch 1071,North,9482,537,6433633,4572331,672412,484878,25,81550,97,4.4
2026-02,1072,Branch 1072,South,9478,567,7201592,4912157,825935,568109,27,81143,148,4.2
2026-02,1073,Branch 1073,East,10799,668,7959290,4564865,836638,681535,28,98105,100,4.5
2026-02,1074,Branch 1074,West,12842,642,10213089,5944138,1437443,926072,33,90980,160,4.3
2026-02,1075,Branch 1075,Central,12748,1163,8293439,6369417,883707,587455,43,78317,76,4.3
2026-02,1076,Branch 1076,North,11076,898,8747886,5123542,899676,618877,32,96623,107,4.3
2026-02,1077,Branch 1077,South,10517,598,8374179,4505570,852610,677205,35,100492,97,4.2
2026-02,1078,Branch 1078,East,11978,826,8796461,5304358,1164384,853392,35,77961,180,4.3
2026-02,1079,Branch 1079,West,11952,786,9089473,6104993,979246,747830,32,105585,157,4.3
2026-02,1080,Branch 1080,Central,11213,971,7197845,3743903,797497,533349,32,88418,123,4.3
2026-02,1081,Branch 1081,North,11143,802,8208666,4938573,1146297,759314,31,71453,162,4.0
2026-02,1082,Branch 1082,South,10429,646,6842622,3939577,935070,617943,34,66611,145,4.1
2026-02,1083,Branch 1083,East,11941,864,9054736,5663894,1017824,807974,33,101562,109,4.2
2026-02,1084,Branch 1084,West,11303,668,7256167,4654628,1010134,752888,37,101469,157,4.0
2026-02,1085,Branch 1085,Central,12009,777,7711530,5963448,951773,712510,37,75340,239,4.1
2026-02,1086,Branch 1086,North,12223,898,7998009,5305979,918373,639233,35,109923,194,4.2
2026-02,1087,Branch 1087,South,11456,744,9202231,4907586,915877,755077,34,75816,218,4.0
2026-02,1088,Branch 1088,East,11860,650,8664811,4681431,1105830,714186,32,109655,233,4.1
2026-02,1089,Branch 1089,West,13402,749,8957906,4850736,1073950,680550,40,118563,162,4.1
2026-02,1090,Branch 1090,Central,11403,559,6810692,4097507,754386,556785,31,105130,69,4.4
2026-02,1091,Branch 1091,North,11295,547,8141496,4767562,1076299,757277,35,70105,133,4.1
2026-02,1092,Branch 1092,South,12168,808,8740943,6354376,1189938,958451,36,103593,168,4.3
2026-02,1093,Branch 1093,East,10496,712,7760752,4518457,873732,543177,35,94554,166,4.2
2026-02,1094,Branch 1094,West,12000,826,9728512,6258531,1226660,1012116,33,117257,165,4.0
2026-02,1095,Branch 1095,Central,12255,576,7656629,5238382,1054614,775772,32,87962,203,4.2
2026-02,1096,Branch 1096,North,12865,1211,8042929,4232148,1126315,712496,40,96202,230,3.7
2026-02,1097,Branch 1097,South,11000,502,8089872,4959375,988156,803070,35,101837,202,4.3
2026-02,1098,Branch 1098,East,10018,511,8063249,5930350,902312,591905,28,91968,99,4.3
2026-02,1099,Branch 1099,West,13109,823,10479973,5836586,1395671,1055306,35,111111,173,4.2
2026-02,1100,Branch 1100,Central,13149,805,8729175,6206319,1117352,873111,38,95252,94,4.4
2026-03,1001,Branch 1001,North,13443,1098,8991978,6933615,962419,707486,40,113064,108,4.4
2026-03,1002,Branch 1002,South,11534,807,8319832,6013493,882050,569196,34,100704,191,4.2
2026-03,1003,Branch 1003,East,11598,944,9094390,5793440,1147676,902772,31,99582,180,4.2
2026-03,1004,Branch 1004,West,10945,936,7295057,5504768,1062292,724425,32,80251,150,4.3
2026-03,1005,Branch 1005,Central,12354,628,9367699,5904324,1154352,732712,33,94158,225,4.1
2026-03,1006,Branch 1006,North,13538,1133,9944810,5869649,1055314,732729,45,129391,152,4.0
2026-03,1007,Branch 1007,South,10046,639,5945451,3192158,665328,444308,27,63414,130,4.4
2026-03,1008,Branch 1008,East,10289,845,6283832,4458242,851425,701392,30,96071,88,4.3
2026-03,1009,Branch 1009,West,10878,908,8194373,6077039,1110591,732459,33,84290,110,4.3
2026-03,1010,Branch 1010,Central,10656,898,8129730,5530639,1132431,915382,28,82087,89,4.5
2026-03,1011,Branch 1011,North,14256,1277,11353137,7408950,1514964,1164431,46,106871,266,4.2
2026-03,1012,Branch 1012,South,10447,741,6094990,4468921,671113,472980,35,99611,148,4.1
2026-03,1013,Branch 1013,East,10778,904,7265297,5355761,801816,544265,30,86446,123,4.2
2026-03,1014,Branch 1014,West,11123,549,8104070,5070693,1149042,859119,32,78205,221,4.0
2026-03,1015,Branch 1015,Central,12649,1176,7740927,4125815,811280,567578,33,118938,106,4.3
2026-03,1016,Branch 1016,North,10184,512,6863592,3679965,785218,621064,30,91975,90,4.3
2026-03,1017,Branch 1017,South,11491,611,8816973,4857652,890177,607080,37,84920,120,4.5
2026-03,1018,Branch 1018,East,10715,582,7076575,4350129,974081,740405,30,86295,84,4.3
2026-03,1019,Branch 1019,West,10570,551,8030659,6259819,1094048,750252,33,82613,98,4.4
2026-03,1020,Branch 1020,Central,9617,796,7488837,4067171,735892,526056,29,57751,84,3.9
2026-03,1021,Branch 1021,North,13100,1000,8908523,5485669,1216821,779158,36,120967,111,4.2
2026-03,1022,Branch 1022,South,9870,482,6159879,3901177,669716,522632,33,61722,195,4.1
2026-03,1023,Branch 1023,East,11027,984,8304136,5262772,852606,535098,31,89835,205,3.9
2026-03,1024,Branch 1024,West,10025,927,7460626,4773139,847325,548886,33,89681,162,4.3
2026-03,1025,Branch 1025,Central,10224,876,6986130,3876268,709154,456154,30,88987,104,4.3
2026-03,1026,Branch 1026,North,12057,705,7085598,4017343,912584,607920,39,73543,132,4.3
2026-03,1027,Branch 1027,South,11707,1011,9597236,5306948,1119354,838618,31,109137,222,4.2
2026-03,1028,Branch 1028,East,13228,692,8134636,4461594,1093240,754693,40,81328,114,4.5
2026-03,1029,Branch 1029,West,12877,1190,10485494,6302720,1093348,770067,43,94308,175,4.2
2026-03,1030,Branch 1030,Central,10397,607,7970913,5590192,1101036,713746,30,76754,192,3.9
2026-03,1031,Branch 1031,North,13010,604,7896336,5799227,855127,614713,42,123624,259,3.8
2026-03,1032,Branch 1032,South,12554,1182,8333030,5255514,981124,615616,38,82184,109,4.4
2026-03,1033,Branch 1033,East,9530,663,7782743,5964824,1076306,876893,31,65410,92,4.1
2026-03,1034,Branch 1034,West,11804,994,7153907,3871202,793756,578656,39,94109,100,4.3
2026-03,1035,Branch 1035,Central,10193,743,6171328,4527653,803616,621058,33,78784,140,4.3
2026-03,1036,Branch 1036,North,9816,456,7451478,4856243,1048568,789959,26,78813,188,4.1
2026-03,1037,Branch 1037,South,13142,1172,9815733,5509582,1258979,884132,43,114240,111,4.2
2026-03,1038,Branch 1038,East,11270,792,9078430,5521768,1157577,869305,37,83602,102,4.2
2026-03,1039,Branch 1039,West,10071,478,7313004,4301483,839121,675912,31,74304,176,4.1
2026-03,1040,Branch 1040,Central,11554,770,7432888,5728635,899225,590627,34,101834,200,4.0
2026-03,1041,Branch 1041,North,12238,1088,8946681,5642546,983612,638296,38,107443,109,4.5
2026-03,1042,Branch 1042,South,10011,683,6439537,3461201,822535,552065,29,80893,119,4.3
2026-03,1043,Branch 1043,East,11141,688,8567735,6298121,855402,571193,33,86346,179,4.1
2026-03,1044,Branch 1044,West,13593,1060,10437658,6002727,1166954,953378,39,83017,224,4.0
2026-03,1045,Branch 1045,Central,13141,639,8114169,4547679,802436,564714,35,80504,242,3.8
2026-03,1046,Branch 1046,North,12988,884,8761649,4719795,887381,724748,42,101678,257,4.1
2026-03,1047,Branch 1047,South,10285,924,7634817,4069296,878100,604264,31,81464,203,3.9
2026-03,1048,Branch 1048,East,12876,1142,8162032,5324425,989204,764892,41,87446,144,4.1
2026-03,1049,Branch 1049,West,11110,763,7345696,4164092,861128,546262,34,88430,150,4.3
2026-03,1050,Branch 1050,Central,10840,959,6589402,4892405,697543,443820,29,83262,81,4.4
2026-03,1051,Branch 1051,North,11948,633,9726683,7165613,1040644,695876,35,95153,192,4.2
2026-03,1052,Branch 1052,South,11638,677,7016957,5347535,972353,744003,37,102555,187,3.9
2026-03,1053,Branch 1053,East,11181,519,9017121,6752572,1056630,856404,29,73455,152,4.4
2026-03,1054,Branch 1054,West,12379,1028,8690114,5856725,875454,591757,40,120682,205,4.0
2026-03,1055,Branch 1055,Central,11163,578,6527123,4986400,808408,660281,37,110623,126,4.5
2026-03,1056,Branch 1056,North,14522,1193,10500950,6260980,1444892,1200230,48,140372,213,4.1
2026-03,1057,Branch 1057,South,14224,644,9800256,5643903,1133136,821341,41,140458,85,4.4
2026-03,1058,Branch 1058,East,10974,593,7638616,5626223,816029,576652,30,87608,83,4.5
2026-03,1059,Branch 1059,West,10167,870,6858573,4144915,890539,614488,30,74351,176,4.4
2026-03,1060,Branch 1060,Central,11131,732,8913867,5271617,1078016,668838,34,103669,67,4.2
2026-03,1061,Branch 1061,North,14496,970,10257790,5718870,1338636,965996,48,110650,243,4.1
2026-03,1062,Branch 1062,South,12778,1088,9862033,6158530,1083751,745640,35,107896,152,4.3
2026-03,1063,Branch 1063,East,11320,887,7084953,3783380,804550,529209,33,72208,158,4.3
2026-03,1064,Branch 1064,West,10500,737,6947794,4074618,851162,614564,28,71090,176,4.0
2026-03,1065,Branch 1065,Central,10042,522,6340047,4335932,736901,524486,29,70777,164,4.5
2026-03,1066,Branch 1066,North,11937,1120,9637571,5647403,1189596,800849,38,104806,165,4.1
2026-03,1067,Branch 1067,South,11369,589,8930811,5375068,1206028,890622,32,72424,141,3.9
2026-03,1068,Branch 1068,East,11069,896,7886818,5414817,986869,615535,33,97782,133,4.2
2026-03,1069,Branch 1069,West,11764,995,9057233,6390843,960087,732227,35,104838,77,4.3
2026-03,1070,Branch 1070,Central,14009,1076,8746168,4720002,1084684,843333,41,139384,265,4.0
2026-03,1071,Branch 1071,North,10191,739,7028402,4163195,907937,595268,27,72691,66,4.1
2026-03,1072,Branch 1072,South,9783,736,5828344,4189427,739964,532495,27,63921,111,4.4
2026-03,1073,Branch 1073,East,11130,586,7209240,4007264,876850,639881,36,87822,186,3.9
2026-03,1074,Branch 1074,West,12859,781,9233860,5887640,944319,618639,43,106426,116,4.4
2026-03,1075,Branch 1075,Central,11769,782,8975590,4693251,1167040,975506,38,83148,230,4.2
2026-03,1076,Branch 1076,North,11082,899,8764178,5861993,1012324,637070,33,98121,139,4.2
2026-03,1077,Branch 1077,South,10072,743,5865151,4547988,698885,477915,30,62773,107,4.3
2026-03,1078,Branch 1078,East,12476,699,8450228,5483160,1094450,893833,40,111379,95,4.4
2026-03,1079,Branch 1079,West,11442,687,6939950,4038496,770736,647309,31,81821,214,4.0
2026-03,1080,Branch 1080,Central,11607,1089,9091710,6374127,1149936,775793,32,103758,152,4.3
2026-03,1081,Branch 1081,North,10571,614,7979300,5695555,866798,598357,30,81094,69,4.4
2026-03,1082,Branch 1082,South,10453,713,7692568,5132862,978009,643281,30,98338,84,4.5
2026-03,1083,Branch 1083,East,12432,1177,8381913,5331831,1159905,841474,40,118064,134,4.4
2026-03,1084,Branch 1084,West,12146,870,8557790,5658746,930196,683723,35,103820,82,4.4
2026-03,1085,Branch 1085,Central,13043,813,8816954,6043093,1175417,968020,41,79634,211,4.1
2026-03,1086,Branch 1086,North,12090,1098,8175410,5306819,1060057,835084,39,79189,239,4.2
2026-03,1087,Branch 1087,South,11023,703,8814194,4662362,864842,548519,37,71545,72,4.1
2026-03,1088,Branch 1088,East,11168,1051,7669864,4677136,819464,614566,30,83681,68,4.2
2026-03,1089,Branch 1089,West,13653,1113,10483631,7894214,1123762,800806,36,112058,205,4.0
2026-03,1090,Branch 1090,Central,11681,846,6815544,3968626,869388,556181,32,89104,221,4.0
2026-03,1091,Branch 1091,North,12367,1051,8830709,5946261,1209626,968389,39,121981,152,4.0
2026-03,1092,Branch 1092,South,12531,934,8259371,5289651,863867,686765,39,95705,242,3.9
2026-03,1093,Branch 1093,East,10044,596,6065738,3652744,710916,541798,30,77586,181,4.1
2026-03,1094,Branch 1094,West,11602,897,9092686,6777942,1110751,818286,35,105508,110,4.1
2026-03,1095,Branch 1095,Central,12203,709,7351469,5668212,959455,710858,38,113367,150,4.4
2026-03,1096,Branch 1096,North,13076,1231,9856150,6331138,1061871,727581,39,83317,215,4.0
2026-03,1097,Branch 1097,South,11340,976,9088841,5991691,988974,616252,35,90001,78,4.4
2026-03,1098,Branch 1098,East,10198,870,6333276,4081873,820818,521893,28,84549,187,4.1
2026-03,1099,Branch 1099,West,13962,1129,11066463,6403364,1170774,787465,46,104045,276,4.0
2026-03,1100,Branch 1100,Central,13352,876,10174036,6371730,1133986,929923,39,83309,103,4.1
2026-04,1001,Branch 1001,North,13684,623,9974963,5329438,1331705,944732,36,131368,217,3.9
2026-04,1002,Branch 1002,South,10832,980,8851961,6269332,1112023,720167,30,82113,131,4.3
2026-04,1003,Branch 1003,East,12041,785,8113178,6136291,1121663,747391,40,74397,110,4.5
2026-04,1004,Branch 1004,West,11517,1037,8266318,5246541,961534,648808,32,92306,185,4.1
2026-04,1005,Branch 1005,Central,11609,1073,7943160,4225262,887311,739372,32,101937,106,4.3
2026-04,1006,Branch 1006,North,13719,680,8935902,5495599,1142409,813340,36,98889,164,4.3
2026-04,1007,Branch 1007,South,10430,529,6835973,5291383,796595,609264,33,86659,139,4.5
2026-04,1008,Branch 1008,East,10513,592,7733130,4055452,879254,662014,33,97150,132,4.5
2026-04,1009,Branch 1009,West,10924,812,8177708,6109184,994357,774455,37,72352,125,4.3
2026-04,1010,Branch 1010,Central,10877,495,8669259,5966161,1103532,761904,30,107734,178,4.2
2026-04,1011,Branch 1011,North,14728,677,12106484,9438458,1718254,1083731,46,130903,264,3.9
2026-04,1012,Branch 1012,South,9592,866,6706718,4914745,830503,529152,25,71176,148,4.1
2026-04,1013,Branch 1013,East,10368,467,7769720,4660839,1056888,759013,31,94811,128,4.1
2026-04,1014,Branch 1014,West,11434,585,7716859,5236580,1039927,687785,36,113144,89,4.3
2026-04,1015,Branch 1015,Central,13165,1138,8022764,5907908,902228,711621,36,117921,248,3.9
2026-04,1016,Branch 1016,North,9712,707,5885695,3774635,640955,413575,28,80743,157,4.3
2026-04,1017,Branch 1017,South,11984,1129,7522127,4246635,816942,641550,32,82281,239,4.3
2026-04,1018,Branch 1018,East,11650,944,9596788,5625082,1083778,760143,36,100868,186,4.2
2026-04,1019,Branch 1019,West,11289,1059,7149069,4400714,717384,572764,36,78015,114,4.2
2026-04,1020,Branch 1020,Central,9931,870,7676262,4810473,820109,670601,30,97461,96,4.3
2026-04,1021,Branch 1021,North,12421,975,9000170,5068502,1065436,755942,33,122814,169,4.1
2026-04,1022,Branch 1022,South,9934,745,6244639,3632146,827746,694778,32,60221,198,4.1
2026-04,1023,Branch 1023,East,11047,617,6740985,4284606,877429,665701,32,91421,102,4.3
2026-04,1024,Branch 1024,West,10105,470,5954329,3879414,835920,537496,28,62209,137,4.3
2026-04,1025,Branch 1025,Central,10143,612,6407580,3358683,665932,455612,27,68367,101,4.2
2026-04,1026,Branch 1026,North,12067,789,7262701,4310166,726236,541945,32,79956,73,4.3
2026-04,1027,Branch 1027,South,11237,875,9101216,5071206,1035905,803105,32,75515,220,4.2
2026-04,1028,Branch 1028,East,13304,731,7988173,5402087,877897,632468,44,125325,259,4.1
2026-04,1029,Branch 1029,West,13464,632,8551361,4759247,1153682,716253,38,95768,247,4.4
2026-04,1030,Branch 1030,Central,10804,709,8136311,6282001,1051244,691599,30,104875,209,4.3
2026-04,1031,Branch 1031,North,13408,926,8780174,5905296,1222952,760250,41,106177,195,4.3
2026-04,1032,Branch 1032,South,13295,1260,9294947,6849407,1223335,841479,36,113659,263,4.2
2026-04,1033,Branch 1033,East,9930,590,8053747,5345457,1025983,773225,26,86150,122,4.1
2026-04,1034,Branch 1034,West,12237,781,8756086,6781339,1187033,854107,39,119725,87,4.4
2026-04,1035,Branch 1035,Central,10827,960,8023930,5541085,871229,695983,34,89518,68,4.3
2026-04,1036,Branch 1036,North,10146,803,7235185,4337950,849569,646631,27,85825,196,4.1
2026-04,1037,Branch 1037,South,12712,1088,8769537,5904315,957574,730549,34,78257,174,4.2
2026-04,1038,Branch 1038,East,11435,559,7262760,3778149,813950,504760,32,101466,77,4.4
2026-04,1039,Branch 1039,West,10751,612,7576677,4886813,875461,688643,31,100626,109,4.1
2026-04,1040,Branch 1040,Central,12030,1113,8516370,5814802,973509,779152,33,91151,237,3.7
2026-04,1041,Branch 1041,North,12572,1119,7434120,4639024,843045,550587,36,80466,169,4.0
2026-04,1042,Branch 1042,South,10008,932,6308938,3453300,766313,491131,26,77162,115,4.4
2026-04,1043,Branch 1043,East,10530,916,7077910,4611204,732808,473124,33,68607,97,4.5
2026-04,1044,Branch 1044,West,12862,1061,9051398,6147463,994526,726919,41,86721,103,4.2
2026-04,1045,Branch 1045,Central,13910,1019,9455141,6963421,1102037,921159,37,114631,110,4.3
2026-04,1046,Branch 1046,North,13140,1197,9870314,7051490,1096608,683375,36,88620,134,4.2
2026-04,1047,Branch 1047,South,9725,757,7381971,4435342,883589,625735,31,93845,159,4.2
2026-04,1048,Branch 1048,East,12584,686,8376553,6515755,1197204,941123,34,108092,228,4.2
2026-04,1049,Branch 1049,West,11179,958,8451131,5968347,1157308,727537,38,80684,102,4.2
2026-04,1050,Branch 1050,Central,11630,1058,8836267,5986603,1040884,674530,31,113475,206,4.1
2026-04,1051,Branch 1051,North,11733,708,9099377,4806207,981590,781412,34,113222,115,4.3
2026-04,1052,Branch 1052,South,11435,963,7614577,4600060,787333,555536,30,106693,162,4.2
2026-04,1053,Branch 1053,East,11040,879,7207758,4408667,840994,664073,29,66914,139,4.2
2026-04,1054,Branch 1054,West,11849,1116,9201228,5995055,943911,724279,38,73585,233,4.0
2026-04,1055,Branch 1055,Central,10512,565,7344128,4186393,989726,625351,34,82972,95,4.4
2026-04,1056,Branch 1056,North,13518,1095,9316473,5925412,1168407,749733,42,101684,250,4.0
2026-04,1057,Branch 1057,South,13689,913,9401023,5398518,1195989,782897,42,107323,137,4.3
2026-04,1058,Branch 1058,East,10772,725,7455595,5390511,892802,683766,35,80889,201,4.1
2026-04,1059,Branch 1059,West,11164,638,8418242,5078651,995599,797744,32,94940,194,4.2
2026-04,1060,Branch 1060,Central,12248,1024,8275907,5251974,915750,670856,40,97574,136,4.7
2026-04,1061,Branch 1061,North,13366,1162,8455224,6091455,1232682,1029102,35,126191,137,4.3
2026-04,1062,Branch 1062,South,12780,741,9246553,5496497,1129097,882025,33,94807,201,4.0
2026-04,1063,Branch 1063,East,11718,763,6895232,4553520,852200,618836,36,81193,123,4.5
2026-04,1064,Branch 1064,West,10990,855,6985254,3786532,833033,664507,37,71148,157,3.9
2026-04,1065,Branch 1065,Central,10126,560,7968188,5729386,1092736,879961,32,88186,72,3.9
2026-04,1066,Branch 1066,North,11101,856,8193365,5108635,1118811,783598,37,70509,172,4.3
2026-04,1067,Branch 1067,South,10559,914,8476257,5092786,1116457,746198,30,88631,63,4.4
2026-04,1068,Branch 1068,East,11641,593,8535206,6233152,1156181,766331,38,89144,184,4.3
2026-04,1069,Branch 1069,West,12647,1126,8422473,5399641,971068,628275,37,117706,134,4.3
2026-04,1070,Branch 1070,Central,13363,930,8863771,5400284,1080918,813039,42,103126,98,4.3
2026-04,1071,Branch 1071,North,10694,513,7934370,4164259,1107798,852220,28,104090,183,3.8
2026-04,1072,Branch 1072,South,9734,741,7405346,4342532,802976,640198,30,93131,157,4.0
2026-04,1073,Branch 1073,East,11524,749,7753905,5104908,863055,587525,38,72079,98,4.2
2026-04,1074,Branch 1074,West,13279,991,10904875,7877054,1223605,882920,35,114377,122,4.1
2026-04,1075,Branch 1075,Central,12507,1014,9128541,5889192,1059006,722437,38,91614,158,4.3
2026-04,1076,Branch 1076,North,11358,532,8184591,5448906,1088208,805918,34,104246,128,4.2
2026-04,1077,Branch 1077,South,10389,759,6108228,3182327,687100,565768,29,86489,89,4.2
2026-04,1078,Branch 1078,East,12670,1025,9538002,6875911,1195672,971599,37,79053,197,4.1
2026-04,1079,Branch 1079,West,12442,659,7756794,5710777,898536,753798,33,87386,100,4.3
2026-04,1080,Branch 1080,Central,12495,944,9307241,7229953,1161153,875361,36,102914,83,4.1
2026-04,1081,Branch 1081,North,11031,1002,7801233,5367547,1062801,800635,32,77547,68,4.3
2026-04,1082,Branch 1082,South,10089,714,6277098,4441137,784561,601425,32,62026,200,4.1
2026-04,1083,Branch 1083,East,12646,811,7485277,5556229,921639,703729,39,125060,144,4.4
2026-04,1084,Branch 1084,West,11782,979,8997750,6575631,1260492,895623,35,87058,98,4.5
2026-04,1085,Branch 1085,Central,13198,1089,10365145,7343256,1046492,724905,44,118748,123,4.4
2026-04,1086,Branch 1086,North,12274,970,7830768,5694737,912357,600577,34,106376,103,4.0
2026-04,1087,Branch 1087,South,11682,879,9003820,5322500,993004,833437,33,98413,110,4.2
2026-04,1088,Branch 1088,East,12113,798,8199802,5709426,878877,632665,37,84001,225,3.9
2026-04,1089,Branch 1089,West,13819,1208,8583878,5202978,925009,776587,39,126717,130,4.3
2026-04,1090,Branch 1090,Central,11358,935,8349582,5858920,986825,814021,31,81459,162,4.1
2026-04,1091,Branch 1091,North,11877,730,7299650,5465867,947518,715417,33,108929,213,4.4
2026-04,1092,Branch 1092,South,13531,1157,9038667,4701319,932091,702672,43,82479,173,4.4
2026-04,1093,Branch 1093,East,10627,831,8240037,5314946,1034918,849466,32,87782,189,4.0
2026-04,1094,Branch 1094,West,12289,1067,7734928,5115722,1023686,703895,40,120817,84,4.4
2026-04,1095,Branch 1095,Central,13088,1114,8798692,5354139,1039391,645842,38,118496,137,4.5
2026-04,1096,Branch 1096,North,14038,803,10334226,6295069,1294400,1021554,43,138189,102,4.3
2026-04,1097,Branch 1097,South,10859,786,7130050,4832506,974838,669758,31,66342,107,4.2
2026-04,1098,Branch 1098,East,9997,548,7430890,5631959,1004671,634381,29,83024,80,4.2
2026-04,1099,Branch 1099,West,13508,698,8477982,5166464,887248,742810,39,103645,211,4.3
2026-04,1100,Branch 1100,Central,13851,673,11104355,8000437,1387872,1136080,37,121833,144,4.3
2026-05,1001,Branch 1001,North,13674,1222,8212408,5569925,1069992,789180,38,90015,128,4.2
2026-05,1002,Branch 1002,South,10777,837,6903948,3928422,921693,676456,29,77899,87,4.2
2026-05,1003,Branch 1003,East,11986,873,9907821,6760884,1247188,802301,37,117097,226,4.0
2026-05,1004,Branch 1004,West,11125,822,7970361,5374664,904946,572909,34,95224,212,4.0
2026-05,1005,Branch 1005,Central,11704,751,8998401,6707071,978425,819561,38,99283,101,4.6
2026-05,1006,Branch 1006,North,13665,1148,10499370,5884801,1447520,1149839,43,116056,259,4.0
2026-05,1007,Branch 1007,South,10590,917,8789675,6455263,1023709,761038,30,94237,90,4.3
2026-05,1008,Branch 1008,East,10522,511,8687819,5001761,895710,747723,30,80533,106,4.1
2026-05,1009,Branch 1009,West,10530,600,7853221,4457136,816780,545826,29,104623,188,3.9
2026-05,1010,Branch 1010,Central,10718,485,7451600,4636279,755955,518144,32,88389,103,4.4
2026-05,1011,Branch 1011,North,13754,1195,8545423,5859673,937427,786772,42,87089,217,4.2
2026-05,1012,Branch 1012,South,10147,568,6456666,4516263,807177,560844,33,73365,182,4.1
2026-05,1013,Branch 1013,East,10420,490,6727260,5132045,825433,609776,28,63485,156,4.0
2026-05,1014,Branch 1014,West,11136,760,7246617,4172517,807443,593067,33,75579,79,4.3
2026-05,1015,Branch 1015,Central,12581,631,8298912,6461492,1048762,875196,36,94574,96,4.4
2026-05,1016,Branch 1016,North,10720,922,7508545,5064003,889943,555702,32,83115,67,4.2
2026-05,1017,Branch 1017,South,12402,825,7342412,4586325,773931,568457,34,111445,93,4.2
2026-05,1018,Branch 1018,East,11515,774,8941463,5518976,1045564,668028,31,115043,86,3.9
2026-05,1019,Branch 1019,West,10879,664,6990076,3877753,768540,561238,33,82761,95,4.2
2026-05,1020,Branch 1020,Central,10069,535,7124842,4694537,944879,789819,30,85623,119,4.2
2026-05,1021,Branch 1021,North,12021,828,9878207,5281386,953419,753461,33,83667,211,4.1
2026-05,1022,Branch 1022,South,9878,801,7581182,4052222,914603,745630,33,67967,189,4.0
2026-05,1023,Branch 1023,East,10340,949,7181470,3904756,789405,635291,33,79233,147,4.3
2026-05,1024,Branch 1024,West,9917,895,7218576,4344545,966981,703705,29,66680,155,4.2
2026-05,1025,Branch 1025,Central,10161,922,6385556,4101864,637793,509509,29,85171,146,4.3
2026-05,1026,Branch 1026,North,12133,614,7201870,4300108,776717,538567,35,92081,111,4.4
2026-05,1027,Branch 1027,South,11005,663,8394828,6405185,895465,742202,34,82341,129,4.4
2026-05,1028,Branch 1028,East,13153,1077,8774391,5213301,1125947,711756,42,128469,91,4.0
2026-05,1029,Branch 1029,West,13128,1035,9992349,7063133,1339751,1107485,44,104939,166,4.1
2026-05,1030,Branch 1030,Central,10820,906,8240337,5131364,1187345,783324,31,66708,202,4.1
2026-05,1031,Branch 1031,North,12794,685,9622535,5234566,1244098,1044981,38,110204,164,4.0
2026-05,1032,Branch 1032,South,13267,1169,10158075,6366934,1294623,980100,38,126129,146,4.4
2026-05,1033,Branch 1033,East,9649,618,8023232,4264972,795044,594549,26,79847,171,4.1
2026-05,1034,Branch 1034,West,11912,620,7933583,4865257,848166,634878,33,75006,139,4.5
2026-05,1035,Branch 1035,Central,10221,962,7590731,4436328,841087,673766,28,64367,135,4.4
2026-05,1036,Branch 1036,North,9936,522,7211455,3968204,892025,586992,30,90399,167,4.0
2026-05,1037,Branch 1037,South,12672,1112,7590196,5561167,962646,630274,34,89679,82,4.2
2026-05,1038,Branch 1038,East,12301,598,8505047,5017513,1031136,742276,33,93619,120,4.4
2026-05,1039,Branch 1039,West,10473,594,6275699,4095188,715316,451225,28,93781,161,4.2
2026-05,1040,Branch 1040,Central,11636,951,9326184,6942088,1230161,826472,31,103067,208,4.1
2026-05,1041,Branch 1041,North,13607,657,9607980,6348302,1112921,923478,37,127586,241,4.1
2026-05,1042,Branch 1042,South,10237,927,7145883,5141948,769710,603755,30,68562,102,4.3
2026-05,1043,Branch 1043,East,11366,1030,9428466,6720042,965205,672130,37,92421,206,4.1
2026-05,1044,Branch 1044,West,12919,842,10265707,5837372,1271983,931150,39,88078,135,4.4
2026-05,1045,Branch 1045,Central,12916,1105,9056604,6927702,1184482,829368,36,127045,140,4.2
2026-05,1046,Branch 1046,North,12963,769,10598986,6093429,1383586,996332,44,105028,127,4.5
2026-05,1047,Branch 1047,South,9998,904,6072961,3432900,621829,501792,27,95069,187,4.1
2026-05,1048,Branch 1048,East,13110,1118,9833186,6104030,1239524,814766,41,127010,258,4.2
2026-05,1049,Branch 1049,West,10911,751,8597171,4517762,1071865,755989,31,80365,196,4.2
2026-05,1050,Branch 1050,Central,12279,556,9585463,5648061,1028359,817455,32,73878,181,4.0
2026-05,1051,Branch 1051,North,12989,798,8353063,5418980,1025262,845798,37,89392,113,4.6
2026-05,1052,Branch 1052,South,11588,672,7102369,4324917,845454,526317,33,105473,95,4.2
2026-05,1053,Branch 1053,East,10984,841,8011681,4638746,815316,584300,31,77718,140,4.2
2026-05,1054,Branch 1054,West,12811,804,9916962,7442430,1184351,882446,34,94375,202,4.3
2026-05,1055,Branch 1055,Central,10436,637,6753797,4152132,907748,639530,29,85008,92,4.5
2026-05,1056,Branch 1056,North,13848,1065,9701230,7011768,1286320,869498,37,85194,211,4.2
2026-05,1057,Branch 1057,South,13032,865,10219248,6557649,1287012,1004197,43,122723,171,4.0
2026-05,1058,Branch 1058,East,10808,959,7202223,3813061,739336,591539,35,73414,114,4.3
2026-05,1059,Branch 1059,West,10197,642,8133321,4347003,1022316,693204,32,62594,177,4.1
2026-05,1060,Branch 1060,Central,11618,842,8113326,4602920,860164,549989,31,72453,128,4.3
2026-05,1061,Branch 1061,North,13571,714,10647929,7361862,1327397,1095575,36,115409,89,4.1
2026-05,1062,Branch 1062,South,12122,986,9404761,7084528,1119856,867928,34,119957,225,4.4
2026-05,1063,Branch 1063,East,11820,721,9229461,6841634,1077573,886009,33,103848,82,4.3
2026-05,1064,Branch 1064,West,10857,936,7556732,4276630,1026080,648421,29,106909,78,4.3
2026-05,1065,Branch 1065,Central,11034,920,6644292,4133301,744539,624352,37,100777,101,4.1
2026-05,1066,Branch 1066,North,11639,1101,9372111,6083693,1029261,799285,33,92509,111,4.3
2026-05,1067,Branch 1067,South,11907,812,7755292,4441083,768942,538819,40,92648,189,4.3
2026-05,1068,Branch 1068,East,11210,967,9128129,6388503,1081762,907177,35,76377,95,4.2
2026-05,1069,Branch 1069,West,12672,830,8920932,6331676,1126579,869450,35,87494,247,4.0
2026-05,1070,Branch 1070,Central,13513,1042,8670464,5364787,1032131,685437,41,81527,176,4.2
2026-05,1071,Branch 1071,North,10041,880,7048595,5426143,977580,791155,30,65174,142,3.9
2026-05,1072,Branch 1072,South,9702,673,7048239,4147114,879570,680336,26,80969,144,4.2
2026-05,1073,Branch 1073,East,11449,942,6921687,5208514,958579,744284,38,85498,105,4.3
2026-05,1074,Branch 1074,West,12450,856,8193499,6125510,1082041,814909,40,91345,208,4.2
2026-05,1075,Branch 1075,Central,11901,784,7983464,4807102,853103,589056,35,78387,201,4.0
2026-05,1076,Branch 1076,North,11336,557,8624121,6595806,998151,792741,34,91983,75,4.3
2026-05,1077,Branch 1077,South,10081,687,6911819,4501064,763348,613848,32,65459,118,4.4
2026-05,1078,Branch 1078,East,11982,758,8858321,5905738,1127437,707949,38,102385,187,4.5
2026-05,1079,Branch 1079,West,12634,913,8181564,5138036,903399,712004,36,121926,115,4.3
2026-05,1080,Branch 1080,Central,11529,533,8250796,6298536,847813,664690,34,90485,79,4.0
2026-05,1081,Branch 1081,North,11306,645,6748124,3641026,898485,699907,34,89956,131,4.2
2026-05,1082,Branch 1082,South,9978,669,6645540,3950089,793486,613441,33,83701,144,4.0
2026-05,1083,Branch 1083,East,12677,883,9413059,6761851,1186566,936899,38,92156,162,4.0
2026-05,1084,Branch 1084,West,12396,1002,9869103,6856058,1139566,765281,37,89138,232,3.9
2026-05,1085,Branch 1085,Central,13432,863,9886940,7542540,1065493,867181,38,116451,159,4.2
2026-05,1086,Branch 1086,North,11890,800,8252894,6144789,934233,596377,39,100057,107,4.1
2026-05,1087,Branch 1087,South,11785,626,8678474,5257107,1123639,917531,34,91361,126,4.2
2026-05,1088,Branch 1088,East,11184,1026,7806290,6021161,924833,613795,30,69689,83,4.3
2026-05,1089,Branch 1089,West,13978,1283,9976186,7552757,1359581,861264,39,139026,204,4.2
2026-05,1090,Branch 1090,Central,11539,737,7369770,5258939,963888,693312,38,107711,90,4.1
2026-05,1091,Branch 1091,North,12189,756,8004180,5278404,833111,533952,37,102093,73,4.5
2026-05,1092,Branch 1092,South,12878,1031,8936551,6140211,1239813,817778,43,83985,201,4.3
2026-05,1093,Branch 1093,East,10496,863,7757962,4944008,809584,628223,35,75867,195,4.1
2026-05,1094,Branch 1094,West,11525,919,8575474,5888270,1000896,757349,30,83542,111,4.2
2026-05,1095,Branch 1095,Central,11934,1072,7179127,4894984,727911,598633,32,79558,130,4.0
2026-05,1096,Branch 1096,North,13509,992,9557467,7313767,1058739,758357,43,92366,264,4.2
2026-05,1097,Branch 1097,South,10835,567,8839433,5113429,1020536,819542,34,108157,65,4.4
2026-05,1098,Branch 1098,East,10526,953,6272994,3705987,858962,611927,28,65121,132,4.5
2026-05,1099,Branch 1099,West,14166,1169,11168090,6167675,1406638,1094425,43,103479,154,4.4
2026-05,1100,Branch 1100,Central,14211,827,11095484,6342877,1567912,1102476,46,118450,191,4.3
2026-06,1001,Branch 1001,North,12470,978,8105288,5359462,966491,745079,39,122804,111,4.2
2026-06,1002,Branch 1002,South,10768,791,7617532,4912505,986764,620176,33,87393,126,4.2
2026-06,1003,Branch 1003,East,12012,1060,7609557,5630511,1003545,796803,38,103288,112,4.3
2026-06,1004,Branch 1004,West,11960,925,9943325,7090345,1342735,947246,31,101116,152,4.1
2026-06,1005,Branch 1005,Central,12505,1009,9122758,4798153,1133721,750680,35,107643,106,4.2
2026-06,1006,Branch 1006,North,13039,1012,8718675,5246622,1014938,676192,35,127116,224,4.1
2026-06,1007,Branch 1007,South,10319,963,7970353,4499988,929901,578664,28,89926,149,4.3
2026-06,1008,Branch 1008,East,9991,662,6567197,4425524,726759,601279,27,88658,164,4.0
2026-06,1009,Branch 1009,West,10364,781,8106955,6042795,1124899,776827,28,80993,117,4.0
2026-06,1010,Branch 1010,Central,10854,600,7868998,4184245,987179,723215,30,103207,87,4.6
2026-06,1011,Branch 1011,North,13580,972,8715320,4738449,1150437,957307,39,120756,230,4.0
2026-06,1012,Branch 1012,South,10704,979,6678798,4529003,939844,697922,36,103662,88,4.1
2026-06,1013,Branch 1013,East,10738,996,7158258,5556435,760873,501462,29,87144,81,4.2
2026-06,1014,Branch 1014,West,11671,901,7279125,4570219,857018,604688,38,95445,213,4.2
2026-06,1015,Branch 1015,Central,12373,1132,10100463,7525961,1023367,760145,32,117936,117,4.4
2026-06,1016,Branch 1016,North,10183,735,7175071,5010396,750079,503212,27,61874,80,4.3
2026-06,1017,Branch 1017,South,12634,857,8597596,4514213,993208,752520,33,104394,182,4.2
2026-06,1018,Branch 1018,East,11237,791,7604458,5783917,911763,622041,30,83448,140,4.1
2026-06,1019,Branch 1019,West,10414,973,6377560,3445613,658046,456294,31,80577,168,4.0
2026-06,1020,Branch 1020,Central,9768,568,7387728,5706591,848694,662561,29,95209,65,4.4
2026-06,1021,Branch 1021,North,12953,1203,10546973,7134036,1183177,816893,41,104756,87,4.5
2026-06,1022,Branch 1022,South,9956,735,6388883,3585343,755858,627752,28,85765,102,4.3
2026-06,1023,Branch 1023,East,11404,836,8296300,5239938,1073581,692538,38,76906,211,4.4
2026-06,1024,Branch 1024,West,9628,626,7296223,4689173,949317,754334,30,75017,139,4.2
2026-06,1025,Branch 1025,Central,11130,604,7863967,5947895,1029732,684779,33,108013,196,4.3
2026-06,1026,Branch 1026,North,12320,1066,9876425,7543801,1275881,856483,33,94408,209,4.1
2026-06,1027,Branch 1027,South,11544,832,8359969,5949582,1176030,866355,33,110746,134,4.1
2026-06,1028,Branch 1028,East,13334,981,10870300,7891981,1486942,1038639,43,126552,234,4.1
2026-06,1029,Branch 1029,West,13267,851,8746856,4623699,972260,634178,43,82020,197,4.2
2026-06,1030,Branch 1030,Central,11143,677,8467355,6414322,1007117,802800,30,86779,217,4.3
2026-06,1031,Branch 1031,North,13848,767,9131771,6724844,1112615,808428,44,113363,131,4.3
2026-06,1032,Branch 1032,South,13425,980,9697990,7229116,1125043,818834,45,108676,259,4.2
2026-06,1033,Branch 1033,East,10089,610,7002782,5358596,928317,576840,27,92542,138,4.1
2026-06,1034,Branch 1034,West,12385,903,7687875,5942166,1013138,713291,33,121623,96,4.5
2026-06,1035,Branch 1035,Central,10562,846,7770770,4863815,888210,737722,30,73587,105,4.2
2026-06,1036,Branch 1036,North,9826,501,7866275,5301688,1057425,721426,27,71802,163,4.2
2026-06,1037,Branch 1037,South,13367,803,9777523,6272693,1256974,862510,39,126730,157,4.3
2026-06,1038,Branch 1038,East,11598,642,7079903,4556082,868297,647250,31,73704,145,4.3
2026-06,1039,Branch 1039,West,11219,519,7547705,4513527,847911,535468,37,67750,86,4.7
2026-06,1040,Branch 1040,Central,11627,834,9285532,6095970,1055823,822052,33,81177,185,4.1
2026-06,1041,Branch 1041,North,12183,735,7728377,4168432,949572,739230,32,96369,154,4.3
2026-06,1042,Branch 1042,South,10112,840,7654211,5043018,1058871,721016,29,71425,97,4.1
2026-06,1043,Branch 1043,East,11256,889,7551302,4017551,1002684,841281,30,93351,119,4.5
2026-06,1044,Branch 1044,West,13335,1020,9936389,6533075,1096908,769915,38,128272,190,4.0
2026-06,1045,Branch 1045,Central,13231,679,10979834,6842060,1527343,1147503,44,104885,171,4.2
2026-06,1046,Branch 1046,North,13363,751,10744350,8081818,1506411,1171184,41,123607,260,4.2
2026-06,1047,Branch 1047,South,9846,444,7231801,4978173,899005,691923,30,84654,143,4.2
2026-06,1048,Branch 1048,East,12298,985,8676177,5684539,1118407,918414,34,109188,175,4.1
2026-06,1049,Branch 1049,West,10303,773,7963194,5353677,1014119,807947,27,92521,171,4.3
2026-06,1050,Branch 1050,Central,11146,726,7090833,3752537,937999,595983,30,83266,164,4.3
2026-06,1051,Branch 1051,North,12352,1054,8024248,6211219,866308,566534,38,85927,105,4.3
2026-06,1052,Branch 1052,South,11162,975,7331175,5626082,990690,826938,30,72266,69,4.5
2026-06,1053,Branch 1053,East,10667,750,7860861,5285057,876427,621412,31,78172,91,4.4
2026-06,1054,Branch 1054,West,12554,824,10262281,6795539,1437197,960564,33,113928,109,4.5
2026-06,1055,Branch 1055,Central,11477,935,7532730,4682581,784962,561753,30,103626,91,4.3
2026-06,1056,Branch 1056,North,13843,1071,8540691,6492610,958155,742121,39,86458,253,3.9
2026-06,1057,Branch 1057,South,13936,716,11528274,6279647,1500999,1205201,39,94125,147,4.6
2026-06,1058,Branch 1058,East,10794,764,6848545,3650396,747317,620299,36,80508,67,4.7
2026-06,1059,Branch 1059,West,10697,705,8389565,4909905,1090878,874987,29,102090,131,4.2
2026-06,1060,Branch 1060,Central,11695,598,9254872,5282268,1174360,741616,31,116276,122,4.2
2026-06,1061,Branch 1061,North,14345,715,10504799,6359768,1328446,1031324,43,93572,92,4.2
2026-06,1062,Branch 1062,South,12575,604,7564970,5563859,1005900,720706,34,95041,217,4.3
2026-06,1063,Branch 1063,East,11017,925,8756118,6115713,1008851,724542,33,92637,160,4.3
2026-06,1064,Branch 1064,West,11155,1000,6652447,3690238,861525,542609,30,75874,67,4.4
2026-06,1065,Branch 1065,Central,10861,862,7267067,5539876,752914,620667,30,98139,183,3.8
2026-06,1066,Branch 1066,North,11530,571,7669540,5534019,1062437,732329,39,72680,227,3.9
2026-06,1067,Branch 1067,South,11386,745,6898796,4007783,778718,518310,36,107733,158,4.0
2026-06,1068,Branch 1068,East,11627,663,8066843,5431219,894218,733062,31,94478,167,4.2
2026-06,1069,Branch 1069,West,11803,844,7025573,3860650,882520,644680,35,112198,135,4.0
2026-06,1070,Branch 1070,Central,13584,896,10088731,5399268,1314423,841378,43,126657,237,4.0
2026-06,1071,Branch 1071,North,9847,702,6061192,4119011,694546,467233,28,87261,190,4.4
2026-06,1072,Branch 1072,South,9767,594,7537170,5090199,847618,679510,26,81671,188,4.2
2026-06,1073,Branch 1073,East,11402,564,6838752,4824217,769910,498779,31,76216,137,4.2
2026-06,1074,Branch 1074,West,13024,785,10359969,5735494,1270401,862487,42,90285,148,4.2
2026-06,1075,Branch 1075,Central,12036,1005,7769789,5184021,917121,604315,33,96998,239,4.3
2026-06,1076,Branch 1076,North,10570,689,6367523,3336812,795356,606914,35,105544,198,4.3
2026-06,1077,Branch 1077,South,10378,707,7606731,5829856,803561,551156,32,71893,191,4.3
2026-06,1078,Branch 1078,East,12922,1169,8015472,6106362,1138347,727429,40,115411,178,4.3
2026-06,1079,Branch 1079,West,11989,752,9669886,5141922,1044851,767416,34,119419,189,4.1
2026-06,1080,Branch 1080,Central,12699,1038,9776705,6964939,981593,726054,39,125536,96,4.2
2026-06,1081,Branch 1081,North,10867,705,8813142,6161817,1135695,943605,31,81510,157,4.0
2026-06,1082,Branch 1082,South,10333,729,7648240,5560071,934235,699018,34,67627,127,4.3
2026-06,1083,Branch 1083,East,12031,880,9022670,6989980,1105061,853415,36,106896,125,4.2
2026-06,1084,Branch 1084,West,12170,984,9901181,6844115,1104079,793581,35,107820,129,4.3
2026-06,1085,Branch 1085,Central,12369,1142,8702333,6559250,1021982,841770,40,108442,158,4.1
2026-06,1086,Branch 1086,North,12864,784,10615332,6083277,1400068,1066370,35,128500,91,4.1
2026-06,1087,Branch 1087,South,11263,1036,7976233,4450353,1014000,755217,30,108483,144,4.2
2026-06,1088,Branch 1088,East,12277,1022,9496919,5809246,1104696,765390,34,122016,154,4.3
2026-06,1089,Branch 1089,West,13423,984,10167534,7032614,1076759,886696,40,85649,133,4.3
2026-06,1090,Branch 1090,Central,11105,967,7013180,3809116,892882,562915,35,77226,186,4.4
2026-06,1091,Branch 1091,North,12459,605,10030705,7359587,1247123,1033819,34,120059,229,4.3
2026-06,1092,Branch 1092,South,12464,1057,8659252,5788800,1137493,906480,33,122082,84,4.5
2026-06,1093,Branch 1093,East,10666,844,6884165,4766497,727394,551115,28,97055,182,4.2
2026-06,1094,Branch 1094,West,11580,601,7685424,4238074,1043177,843945,34,72622,230,4.1
2026-06,1095,Branch 1095,Central,12488,630,9192740,6898371,963377,701497,36,96797,127,4.1
2026-06,1096,Branch 1096,North,13844,1032,8496743,5348672,995261,668771,45,86321,190,4.2
2026-06,1097,Branch 1097,South,10500,574,7647610,4563318,829927,522689,32,76311,164,3.9
2026-06,1098,Branch 1098,East,10633,893,8192104,6013329,1010507,784659,31,93334,69,4.5
2026-06,1099,Branch 1099,West,13061,646,10742443,7939501,1249069,866899,36,81270,97,4.5
2026-06,1100,Branch 1100,Central,13298,984,10291382,7650650,1281196,839998,36,118321,213,4.2
